10000
90032994 90033517
80153791 80153940
-80844303 -80843495
-22826653 -22826279
-71295558 -71295172
30959238 30959675
-45832969 -45832906
-8739434 -8739023
46432252 46433242
-95183313 -95182982
-74131155 -74130328
-42983629 -42983431
50366145 50366602
41275921 41276674
-18738133 -18737312
92764445 92764565
-99006367 -99005768
90305538 90306104
57879030 57879230
-53918020 -53917461
95992100 95992784
43847177 43847190
72079332 72079997
-8751686 -8750766
-61051146 -61050492
59499011 59499081
-18813654 -18813264
-54024445 -54023967
-84780719 -84780639
28906797 28907437
-15891096 -15890774
46655700 46656249
59194553 59195447
-85114411 -85114120
-37862195 -37861748
-98186599 -98185861
-89429410 -89428635
57338147 57338774
-47110185 -47109537
-81051874 -81051054
97984468 97984596
60146502 60147044
-7664359 -7663658
40755372 40755931
-20987090 -20986127
-17374689 -17373844
95551258 95551324
-92552530 -92551583
6212978 6213715
49136309 49136498
74381171 74382034
-6225277 -6224820
-81558769 -81557934
95167395 95167426
-34655468 -34654672
56837445 56837809
79750896 79751516
-8666719 -8666065
-3161988 -3161987
-29341911 -29341344
36119936 36120738
14472756 14473299
-83761429 -83760911
29706509 29706848
72459865 72460299
-57323957 -57323352
-93692473 -93691947
20186810 20187758
12642785 12643045
-63071380 -63070895
27282068 27282342
-10649341 -10648455
32562921 32563619
35511081 35511745
-96699892 -96699067
-44979260 -44978426
6667501 6667885
-74134725 -74133867
-88481816 -88481387
-92635012 -92634291
-707550 -706769
-66595477 -66594725
-40608090 -40608043
58810905 58811306
-38205299 -38204461
-16296571 -16296118
-19378985 -19378340
27180979 27181774
-76049514 -76048801
-3071720 -3071221
-75874305 -75874099
94375576 94376505
15114568 15114592
-55526888 -55526700
54741423 54741637
17914146 17914953
9071329 9072269
-57359662 -57359455
56247291 56247592
-98236454 -98235770
11857439 11857722
-2367424 -2367187
-33288590 -33287866
66956380 66956535
94149878 94150270
-73031197 -73030494
14471889 14471976
31613797 31614468
52908590 52908868
-78334460 -78333966
85607877 85608173
-24903859 -24903308
-48751055 -48750524
-2081829 -2081331
-87453132 -87452748
59465602 59465654
-99876885 -99876188
88664776 88665061
3545027 3545133
62952180 62952862
-60392501 -60392151
43185038 43185101
93410378 93411362
71995832 71996556
14190962 14191908
-70303254 -70302595
-65259570 -65259321
-63653617 -63653308
2298031 2298770
21231076 21231982
-96758440 -96757776
-38425633 -38424742
-63282556 -63282279
-20817668 -20817081
70851764 70852613
54239651 54240412
-6205839 -6205185
48588218 48588594
-90394812 -90394248
-18050556 -18050220
-10337406 -10336776
5993387 5993947
-77221104 -77220766
40490601 40491062
-18284976 -18284414
-89458345 -89457451
50310795 50311626
-29573938 -29573680
36135823 36136160
-86507484 -86507287
-88114283 -88113789
-46323873 -46323511
-28832326 -28832151
-68466066 -68465541
82417532 82417729
57102401 57102814
73679634 73680009
87484929 87485692
-659337 -658943
13222224 13222311
-67948830 -67948595
960553 961446
53170351 53171187
66585024 66585555
86937209 86938077
66350645 66351371
-81948814 -81948793
39829959 39830281
-65885917 -65885525
85367043 85367087
42872002 42872687
56110357 56110577
98417474 98417920
32393661 32394428
42938839 42939558
5121908 5122862
-36001673 -36000706
-8667262 -8666420
-88052894 -88052856
-34623916 -34623535
-55093306 -55093054
34722111 34723097
-13217600 -13216827
61807934 61808345
96733608 96734272
72649952 72650584
-76474516 -76474497
26565885 26566011
51531138 51531408
16659197 16659457
38576700 38577207
30799036 30799609
51648079 51648397
60221825 60222732
-85099307 -85098757
-5965139 -5964718
63394439 63394912
78317826 78317869
-9987762 -9987176
-6064688 -6064687
40637175 40637253
-33863150 -33862551
62620811 62621506
-52268419 -52268387
-8735398 -8734983
-38515845 -38514979
-14350751 -14349988
331556 331773
-50557799 -50557122
-46952587 -46951810
93552244 93553215
76605631 76606310
4971619 4972395
69208327 69208578
50048622 50049475
32030731 32031388
49532629 49533448
-39459517 -39459364
-65499660 -65499150
-32590822 -32590371
52857620 52858428
38068175 38068832
-68862463 -68861772
76699028 76699772
71512396 71513249
-16716662 -16715962
87876692 87876937
-64507649 -64506694
44754481 44755005
87683476 87683751
12546519 12547447
82469092 82469296
-79687912 -79687426
81941527 81942440
78396417 78397376
-66676949 -66676301
27934995 27935798
-65191456 -65190766
-18504062 -18503292
11009727 11010540
43738526 43739317
89396778 89397630
-13091503 -13091229
-65113599 -65112757
81778417 81778861
-76342528 -76342231
70428157 70428571
38827257 38827381
35135252 35135347
-19206239 -19205540
86289631 86290052
46526653 46527493
74978478 74979359
-7048626 -7047646
-17222758 -17221794
-84904267 -84903739
-78179115 -78178116
-77460939 -77460434
4482905 4483700
-59778070 -59777535
-53297456 -53296593
-65310459 -65309691
9215960 9216656
85747271 85747847
-23154658 -23153785
54370887 54371582
48937776 48937944
-30491761 -30491157
-10871879 -10871761
19924188 19925128
31983088 31983981
-77662756 -77661835
-3974517 -3973837
-71410929 -71410680
84813547 84813782
-18593642 -18593479
-9115454 -9114731
-45887189 -45886545
-63672612 -63671915
4786895 4787422
-70396607 -70395719
66369072 66369630
-5911390 -5911160
48618511 48618628
-58064161 -58063992
-14636988 -14636220
-31470343 -31469692
-81232850 -81231929
-57808676 -57807812
-38999182 -38998717
-90581479 -90580787
-69449604 -69449423
-26410688 -26410305
-28640950 -28640356
69959558 69959876
-28967932 -28966980
-64012189 -64012182
-26115526 -26114804
82159524 82160368
73352176 73352349
96327666 96328575
-22609332 -22608678
-39513739 -39512851
-26690028 -26689893
-48273934 -48272982
-63804814 -63804011
-27025031 -27024501
-86839154 -86838487
-21135288 -21135018
-10062418 -10061578
63051640 63052209
17746295 17746791
65710803 65711429
41554385 41555108
40915613 40916002
-47801038 -47800826
85747965 85748727
12570111 12571055
-77488599 -77488403
19502238 19502548
-17858395 -17858188
26612428 26613386
53935023 53935761
21924472 21924625
-79082741 -79082386
93261284 93261956
-75928000 -75927057
-13018258 -13018043
5779843 5780751
-6372406 -6372051
67887879 67888869
64500763 64501583
73115705 73115962
27759041 27759431
-63036163 -63036088
61494128 61495025
-98144786 -98144762
15850185 15850917
39219508 39220255
-54261826 -54261699
-53466764 -53466102
-24128087 -24127278
-73951002 -73950282
-31255646 -31254952
-78308148 -78307915
-68631696 -68630936
43359331 43359761
41531668 41531958
-25430607 -25430372
49088510 49088660
-12441740 -12440971
-31138906 -31138743
-80405444 -80404673
-54121989 -54121747
-74905275 -74904761
8292580 8292616
65453008 65453524
22316903 22317374
-73830039 -73829775
9517544 9518397
43610734 43610918
-95579519 -95578697
-82784235 -82784064
48889184 48890052
17740020 17740437
64397295 64397963
-89175318 -89174398
8061637 8062072
55875022 55875403
6838341 6839233
-26478418 -26477894
-30976189 -30975467
-95849470 -95849131
73258025 73258923
50779555 50779926
-50584747 -50584190
-6387211 -6386601
-99689226 -99689188
32169437 32169715
-85790143 -85790058
6040535 6041413
-49913177 -49912789
85629801 85629906
-63004616 -63004141
41798891 41799839
35554658 35554845
-82437552 -82437282
28051580 28052078
-4932552 -4932297
39391576 39392301
58649953 58650457
-7651224 -7650600
13971648 13972613
-37337479 -37337031
29438139 29438734
-91140280 -91139962
27918018 27918558
-45681382 -45680804
-11026542 -11025681
56940715 56941568
-5457132 -5456705
-35193287 -35193262
52449916 52450573
-99001152 -99000507
-37303971 -37303733
38954841 38954941
-8287780 -8286886
49437687 49438456
-85108713 -85108338
21357118 21357490
-44785234 -44784972
58387355 58388173
-86886066 -86885615
29422511 29422589
-2428665 -2427868
-31321402 -31321393
-6791149 -6790277
56199774 56200494
88157129 88157943
-44295958 -44295757
3402001 3402558
15335008 15335584
-81312912 -81312871
-51418847 -51418168
24432755 24433181
-36297999 -36297326
-54419282 -54418936
70829338 70830089
43252412 43252859
-15536460 -15535713
-23138950 -23138244
-62345776 -62345395
-56211687 -56210952
-62242813 -62242199
-77562099 -77561122
70175731 70176428
-1696656 -1696244
-52342969 -52342610
4488732 4489357
35026717 35027332
71956021 71956871
65228920 65229133
89650416 89650843
-85827454 -85827312
-60073544 -60072954
22285345 22285995
68971473 68971822
-6148447 -6147745
28749824 28750026
-10574506 -10574077
65968593 65968730
84633283 84634088
-21056117 -21055260
-5009216 -5009138
26311197 26311650
-44284130 -44283320
-66922328 -66921355
22937429 22938064
27195185 27195305
98607833 98608749
85831002 85831110
76288769 76289750
1464803 1465699
27879919 27880151
-834131 -833875
62932474 62932557
-23391535 -23391298
46347016 46347123
-3018839 -3018565
-95044033 -95043891
-2062308 -2061787
61959226 61960018
-88115345 -88114703
64377259 64377900
-13312170 -13312069
15753353 15753454
-80449040 -80448967
-79699346 -79698853
13930565 13931222
-25079559 -25078750
28795307 28796302
10824699 10825101
-60556495 -60555644
-6935717 -6934744
27672055 27672386
50941420 50941634
-30613676 -30613649
34875587 34876479
79920101 79920286
-48714848 -48714301
73423342 73423635
-62233140 -62232233
-35426597 -35426482
64251633 64251929
41552729 41553101
-59411519 -59411359
-61106535 -61105981
6783355 6783876
80946504 80947066
-93513502 -93512595
-3945064 -3944478
33746316 33746920
-39362153 -39361580
72888956 72889383
-99130733 -99129892
90767904 90768435
-32652813 -32651828
90553567 90553787
63323603 63323688
-45836894 -45836432
97872012 97872620
87367057 87367120
36602997 36603494
-28007815 -28007052
-81285580 -81285262
-16402506 -16401620
-87946903 -87945985
-73906561 -73905856
-89922582 -89922510
30505872 30506787
84174957 84175161
5380362 5381239
7028068 7028505
7280057 7281050
16946176 16946320
22274814 22274981
7655668 7655852
50280151 50280695
47032543 47032624
20158350 20158409
-67581949 -67581165
1253570 1254092
-32968587 -32968210
-73381841 -73381840
6970813 6971248
47897028 47897931
71213592 71214141
-41431354 -41430594
59632908 59633585
53307510 53307680
-99377564 -99376750
-59720861 -59720685
-61871468 -61870722
-44774093 -44773671
-63291151 -63290228
-30136743 -30136263
62296639 62296865
-98782381 -98781397
33412691 33412889
-30795416 -30794973
-89415224 -89414263
-2799226 -2799089
98666292 98667149
-79521335 -79520791
46161 46709
46981804 46982602
73475625 73476560
-10602965 -10602800
84913233 84914084
-29877170 -29876944
62956061 62956836
76173338 76173897
52320188 52320737
-8534354 -8534338
-16496439 -16495838
42841079 42841865
91586329 91587178
-55738950 -55738719
-13276888 -13276068
-28503841 -28503790
53090212 53090302
-24858216 -24858157
41473862 41474047
-23682073 -23681479
-94018266 -94018114
-19875550 -19874865
-58714942 -58714250
-70023781 -70023547
76593455 76593723
49904068 49905052
90428239 90429133
36027059 36027955
-7388550 -7387893
-88266713 -88265759
31450271 31450365
56779389 56779994
-87163891 -87163343
71901749 71902448
-5891359 -5890794
-45500520 -45500495
-37883577 -37883012
-16779811 -16779419
-70069117 -70068265
44601009 44601923
-52862654 -52861746
5848844 5849305
47453389 47453988
-70843006 -70842388
-9999987 -9999252
98186862 98187606
-42193904 -42193035
-99212263 -99211425
-63579733 -63579419
-76485657 -76485438
-94239886 -94239561
-62943432 -62942984
-2087114 -2087095
-61175324 -61174695
-45325721 -45325697
-34663686 -34663428
-92560822 -92560388
-77926007 -77925240
12341927 12342781
13926530 13926596
23241733 23241913
53418396 53418910
-77487517 -77487159
53373651 53374072
-50367083 -50366481
-97093481 -97093138
-56151363 -56150507
61925062 61925936
82968161 82968619
-72312204 -72312199
-2273463 -2273423
32132179 32132629
67147003 67147680
-38766139 -38765694
32746286 32746976
-85453065 -85452750
-96155524 -96155350
-94223 -93310
45961978 45962837
-43745011 -43744532
-14064416 -14064026
75806804 75807708
-35186506 -35185610
-6385325 -6384893
45138365 45138909
60372920 60373016
-26408205 -26407576
-27179022 -27178811
90985180 90986064
84629097 84629339
-66594851 -66594602
-59861934 -59861145
72155757 72156367
-79690462 -79689559
43159974 43160654
10046919 10047824
75088224 75088634
43890398 43891343
16640169 16640499
62106464 62107258
87239162 87239355
-27286413 -27285925
-16996541 -16996239
-84363188 -84362918
-95820737 -95820221
-80127702 -80127373
-26220879 -26220586
-16438605 -16438132
-25594035 -25593363
-45090822 -45090659
15794444 15794695
27577356 27578115
62796615 62797309
-33435236 -33434469
-82355619 -82355258
49949191 49950077
72722014 72722610
75934175 75934615
69571458 69572026
69037341 69037750
33418855 33419780
62790235 62791170
-36151038 -36150130
37776177 37776271
-3068438 -3068428
-42439438 -42439089
50914706 50915195
-88059371 -88058487
-99847348 -99847000
-10095096 -10094516
-40950421 -40950319
16351311 16351845
29633014 29633829
32948854 32949482
-57793649 -57792969
-37565567 -37564870
25519510 25519640
60593225 60594123
21387542 21388152
90939182 90940107
-13353655 -13353469
66361208 66361380
31670139 31670775
-5879135 -5878812
-56645686 -56645093
63018937 63019214
-42610992 -42610941
-84801153 -84800935
48600102 48600697
-10423531 -10423297
55982811 55983014
26051048 26051976
89790229 89790351
-24182283 -24181555
84821961 84822059
-99957459 -99956873
-6504852 -6504182
-28901878 -28901327
-87526713 -87526291
6246773 6247481
-5008919 -5008016
12699287 12700086
-87555498 -87554879
-90739794 -90739470
-80678339 -80678193
61170590 61170857
26612085 26612391
5266873 5267787
-85946806 -85946478
33117428 33117961
90686916 90687241
64089542 64090257
-69028961 -69028275
96293762 96293840
-27502802 -27502731
-97523056 -97523028
35868131 35868675
-86104268 -86103480
-81424602 -81424236
13878998 13879465
-83848309 -83847840
-51994474 -51994245
81303413 81303858
-82612211 -82611388
-15634398 -15634037
53122682 53123188
-34034400 -34033831
-92367104 -92366976
-8657108 -8656254
19266434 19267238
10112700 10113044
-83337073 -83336473
-84536504 -84535928
21824665 21825463
-86487617 -86486765
-16379613 -16379031
44930578 44931032
398838 398966
-61099109 -61098381
49978955 49979144
24099057 24099335
-90780002 -90779068
30987891 30988353
-81368776 -81368325
89706165 89706390
-34199657 -34198971
-28549759 -28549193
81652593 81652994
-41312892 -41312154
23779974 23780429
16076305 16076831
75480023 75480673
89695062 89695265
-30232226 -30231479
68408680 68409106
14731857 14731882
-49190353 -49189369
32938074 32938987
-43632264 -43631779
56658586 56659023
-56893548 -56893140
45903376 45904034
54865893 54866367
70224182 70224883
-78654017 -78653555
-96322303 -96321373
-90015043 -90014181
-16207258 -16206897
-34195749 -34195598
86648590 86649285
4155810 4156158
-32008140 -32007771
-5936477 -5936145
-17800354 -17799797
-24292741 -24291965
-40334367 -40333448
78909301 78909779
95036474 95037157
-62481135 -62480138
66940695 66940757
-89434196 -89434131
80787946 80788813
-18798575 -18798299
25425486 25426125
62876721 62876766
94176374 94176588
87588799 87589356
72056493 72056662
-99107636 -99107490
45538607 45539246
70824818 70824998
-51826999 -51826500
1991944 1992137
-30194262 -30193900
85477526 85478407
97316311 97316915
-69744024 -69743165
-99897885 -99897570
46644514 46645466
69854825 69854891
94640481 94641351
62964929 62965446
-21770741 -21770200
6425245 6426104
38486776 38487379
-89355223 -89354833
-17460737 -17459777
99177230 99177380
-11395461 -11394955
-52082225 -52081913
97527980 97528378
-92731064 -92730560
-63636812 -63636044
-85607101 -85606919
99461317 99461957
62255321 62255700
43373526 43373930
81279862 81280427
19906662 19907434
-61422930 -61422011
-39454418 -39453957
-38978196 -38977434
3889660 3889803
-27846899 -27846722
-68561433 -68561429
-80993778 -80992950
-33393058 -33392681
99648633 99648703
3910855 3911650
-36955539 -36955483
-90858078 -90858033
8191677 8192536
42456440 42456983
-12216812 -12216540
-38015317 -38014590
-10262355 -10262180
14850587 14850630
-81375597 -81374986
83014657 83015023
-52206528 -52205736
50275611 50276056
-88464955 -88464851
76287770 76288122
-81838167 -81837866
6990347 6990562
88148614 88148932
30578059 30578594
-27515727 -27514792
86556540 86556976
45702573 45702931
13313693 13313748
48455092 48456080
71777342 71777831
61456390 61456877
41838400 41839397
-81852045 -81851311
66055863 66056737
29613553 29614310
34171977 34172200
85253797 85254535
-8758176 -8757522
7081096 7081734
47653028 47653875
-90637854 -90637568
-6569171 -6569007
59028543 59028712
-26284925 -26284220
-83072848 -83072269
20222210 20222364
36346675 36347098
84623835 84624615
44244129 44245111
91594451 91594489
-74710964 -74710380
-34904332 -34904198
53511724 53511915
-82612924 -82612601
-99563979 -99563811
-82620533 -82619598
-68613123 -68612800
-75400357 -75399648
-93305542 -93304642
76780250 76780784
45202373 45203345
-43812138 -43811746
75775505 75775865
-54505954 -54505666
-94105068 -94104854
20950982 20951116
-13137208 -13136887
26851053 26851204
-45583832 -45583448
87824619 87825549
-3814520 -3813704
-32663726 -32663329
-86027918 -86027811
17429141 17429713
1934919 1935476
-35140732 -35140367
51357571 51358358
-63566460 -63565840
56393722 56394632
-28718191 -28717935
75405191 75405556
7373579 7374577
62128623 62128706
88959880 88960874
26265915 26266640
71258375 71258701
-60861586 -60861422
1202427 1202492
45108840 45109496
22112962 22113738
81174731 81175724
41449948 41450085
32632888 32633450
81940957 81941611
-69604198 -69603983
-69795404 -69795361
-21505164 -21505094
-67374422 -67374249
-73777221 -73776673
92275716 92276244
87144498 87144810
27839283 27839486
-53700809 -53700474
-62650599 -62650192
-963618 -962927
24654278 24654344
-64118465 -64118338
-57639752 -57639425
-47912477 -47911949
-14676842 -14676245
-38724387 -38723593
-81494745 -81494577
-87971115 -87970558
23812581 23813572
-33442837 -33441860
77255855 77256052
-19580359 -19579857
84411946 84412496
25524408 25525024
8246029 8246179
-58285109 -58284813
65333288 65333407
-72615717 -72615233
-82329862 -82329617
57047507 57047869
14199067 14199456
82779100 82779346
59776393 59777392
79871115 79871271
-74021275 -74021114
54872864 54873727
-33592411 -33592217
43506359 43506843
42912729 42913694
-35967042 -35966766
-46436735 -46435862
72300180 72300617
-58693129 -58692354
87966614 87967370
980452 981122
16599021 16599830
73257407 73258359
56271225 56271685
-55100034 -55099817
40512984 40513210
-5858876 -5858610
64071916 64071999
-21019912 -21019762
-14086153 -14086028
86150578 86151293
-37937428 -37937076
-34055500 -34054719
13260035 13260326
-19785425 -19785245
59667973 59668116
93833191 93833469
-50998243 -50997989
-974010 -973668
25545351 25545605
-8897262 -8896977
75103735 75104220
63076333 63077324
20657018 20657883
-59985305 -59984827
-797751 -796784
69508369 69508486
-36479539 -36478636
-37944672 -37944510
-79202902 -79202306
-20514277 -20514248
16354652 16354859
93615390 93616275
59685143 59685638
-94481962 -94481576
-98897674 -98896780
86437919 86438139
-88839299 -88838718
-7340365 -7339405
1293276 1293852
-99818735 -99818327
-4776783 -4775905
9937208 9938089
25423484 25423653
35244748 35245195
3683595 3684583
-40901194 -40900194
-9966146 -9966012
41500570 41501462
-2655000 -2654574
78256037 78256832
81553460 81554185
97859643 97860545
-83774512 -83773766
64908511 64909350
60993874 60994304
-66301813 -66301328
-56399603 -56399531
-83928724 -83928416
-77589388 -77588486
-98064988 -98064624
-1409536 -1409006
-25841520 -25840834
48941643 48942567
10364077 10364579
-25463888 -25463352
78278392 78279215
-36175707 -36175105
-89729081 -89729060
35110117 35110393
5512110 5512334
13384554 13384853
-8663012 -8662080
-18064808 -18064583
42411650 42412613
63433203 63433497
62268882 62269741
14696458 14697450
-48002532 -48002171
95925714 95925905
-55436651 -55435936
-15010155 -15009639
-29249287 -29248865
-34762713 -34762301
43783704 43784686
65399563 65400537
92940076 92940545
-11271207 -11270345
-54509514 -54508959
96098897 96098955
-40311368 -40311193
-62411949 -62411640
-40723365 -40723225
71643944 71644806
-2803338 -2803266
-64126161 -64125466
57012383 57012879
22139541 22140432
-27265144 -27264234
-69844824 -69844091
15501155 15502108
99394094 99394613
-13382228 -13382043
-97665366 -97664785
-70069457 -70069205
87250883 87251149
-12666344 -12665779
80971755 80971977
45063812 45064465
61333099 61334057
32957005 32957045
98662436 98663098
1940474 1940518
55496153 55496339
32733570 32733953
61349274 61350030
55160557 55161001
-90962715 -90961786
-16620193 -16619338
-36063316 -36062764
-22330462 -22329761
26403366 26403845
-97315811 -97315141
-79818191 -79817500
-32766307 -32765429
-75785748 -75785106
-1153607 -1152974
76040386 76040725
31075582 31076298
-2653823 -2653200
99434573 99434664
-6980404 -6979839
-71263259 -71262831
94630387 94630500
63013406 63014255
53765415 53766310
-53028429 -53028165
-28252048 -28251495
37110370 37110562
-46318805 -46318139
52818086 52818884
40219846 40220004
99090337 99091041
-14536110 -14535434
59836318 59837262
81216000 81216528
68610641 68610646
84659331 84660072
-89471230 -89470813
41505900 41506697
-52043328 -52042671
90164607 90164686
5808661 5809514
96122976 96123130
7397299 7397750
-76481717 -76481187
-47573612 -47572803
-70768210 -70768138
73332333 73332396
10009040 10009177
3303527 3304034
19923982 19924694
50834083 50834793
30404928 30405157
82231859 82232357
52572746 52572883
47056871 47057459
-76400705 -76400148
-70798130 -70798040
71241100 71241632
-16884866 -16884044
74205793 74205949
-65147019 -65146059
-22611065 -22610619
98317879 98318467
19787858 19788467
-20105963 -20105704
-44834 -44302
-96991377 -96990700
-38315173 -38315014
-7185810 -7185387
-38382413 -38381685
-83839530 -83839042
9107437 9107531
82656790 82656922
77621809 77622191
-22099774 -22099409
11166996 11167710
-18426632 -18425785
79555748 79556365
71569514 71569849
-94717548 -94717530
-56768837 -56767901
-51293546 -51293528
-55339174 -55339134
25413100 25413914
-96563543 -96563318
-39900369 -39899975
56439973 56440552
-87727936 -87727530
-67320116 -67319429
-64685402 -64684733
46509604 46509785
-99259673 -99259309
-93346037 -93345220
-96591020 -96590989
88340408 88341112
70448532 70449343
59398497 59399249
-82207428 -82207107
-77384503 -77384427
-66019418 -66019328
6887282 6887546
-47866927 -47866275
-19912878 -19912157
20735398 20735523
-391095 -390223
20951948 20952088
66094664 66095108
50044945 50045682
82740670 82741218
-38851622 -38850889
92904665 92904983
-74522509 -74521792
14169292 14169558
-3233073 -3232364
-37652787 -37652435
-15213279 -15212675
-84177125 -84176244
17877146 17877931
35692315 35693211
-34817910 -34817806
-91853729 -91853455
-99484198 -99483554
-29832094 -29831386
-6302117 -6302022
10180063 10180356
80987256 80987526
-81405459 -81405126
41062654 41063400
-53323454 -53322496
-54540023 -54539051
-68251311 -68250826
2812027 2812179
-28314464 -28313959
-58066243 -58065380
-61154576 -61153699
27918463 27919288
81133354 81133631
-52485328 -52485249
18052329 18052622
-41406726 -41406062
53051771 53051862
23839528 23840154
62279141 62279444
-23166161 -23165480
-71819613 -71819126
86610343 86610454
3898812 3899381
-53273031 -53272428
55003300 55003497
-26346425 -26345689
-98844145 -98843161
-23458790 -23458616
97725913 97726122
44803621 44803814
-96275764 -96275320
70730355 70730769
-46372824 -46372618
9894435 9895112
-33401760 -33401491
54529351 54529357
45811437 45811797
-55647495 -55647146
78603644 78603715
78358729 78359219
97867647 97868205
-84302710 -84302143
11016349 11017231
35258064 35258143
-68008465 -68007578
96206383 96206648
60777868 60778805
52313966 52314786
99104421 99105023
28851573 28852374
78382930 78383418
-23893301 -23892460
-36762033 -36762029
-64854884 -64854134
-14153567 -14152837
-93692061 -93692026
-34542086 -34541867
-98373250 -98373112
2649626 2649762
54217016 54217112
43025092 43025516
18895966 18896688
96932600 96932697
-62733422 -62732779
-23264757 -23263767
68169467 68170268
1873449 1873832
43389374 43389678
-80589070 -80588376
-18990806 -18990160
76921056 76921577
63923129 63923459
86282869 86283079
-45470398 -45469542
89786696 89787300
-24216627 -24216292
-35963658 -35963017
-48736397 -48736129
5489712 5490651
-88841705 -88840769
3922061 3922941
-45359426 -45359144
-84095501 -84095306
51852941 51853496
-12781582 -12780763
-62570218 -62569590
91460450 91460903
-25690699 -25690353
-4632771 -4632101
7661037 7661230
18041495 18042045
-86717123 -86716218
85482005 85482683
-78439980 -78439182
-56153330 -56152670
-50481391 -50481143
33001539 33002261
-30190368 -30189804
-45433995 -45433579
-89254806 -89253849
82807588 82808152
2277470 2277838
-65384098 -65383159
34654153 34655069
63351435 63351823
-56153257 -56152495
-51615233 -51614379
-98556150 -98555646
-83417023 -83416248
83501428 83501988
-62165493 -62164665
-65714028 -65713138
4284329 4284487
80226626 80227236
34498834 34499489
78937275 78938205
57348157 57348494
5199609 5200331
36401998 36402223
94598590 94599416
-4995240 -4994509
-22341821 -22340933
59993358 59993781
50195961 50196873
-15155047 -15154434
-3083516 -3083168
82795706 82795736
13701029 13701213
96572580 96572667
91994390 91995347
-4431484 -4430672
51780715 51780851
47077775 47078442
-85388177 -85387350
-79615357 -79614957
6673852 6673995
87010907 87011535
91469716 91470359
-49448493 -49448132
35619347 35619825
-19797938 -19796970
-91447453 -91446871
-67973238 -67972866
-85157099 -85156550
-54074185 -54073294
82890163 82890663
-20289041 -20288740
34965397 34965398
26110489 26110802
-27897309 -27896832
50387972 50387989
18557784 18558485
-49390326 -49390244
93218097 93218638
14719580 14719632
68814696 68815635
83541438 83541966
22993265 22993789
-37769330 -37768853
-85202123 -85201744
-92681411 -92680789
14599906 14600069
-56897670 -56897552
63890887 63891708
75541101 75541470
34730394 34730622
-67534182 -67533711
76739083 76739561
35301330 35302012
56334506 56334508
-4273431 -4273298
6485926 6486286
-20181705 -20180971
-70656190 -70655697
-69819951 -69819037
99198636 99199133
33466204 33466534
-35961857 -35961441
-66135513 -66135406
-86210326 -86210097
92174707 92174901
6772769 6773177
54146257 54147074
95583315 95584041
17887650 17888161
43997802 43997938
-67313313 -67312589
-57244305 -57243621
-7779911 -7779764
14252392 14252866
55815572 55815907
-17684591 -17684231
-19889835 -19889270
84589369 84590348
-67630629 -67630004
17795140 17795229
-39104174 -39103333
-26361611 -26360709
64557718 64557959
-93118410 -93117933
27942687 27942860
37808921 37809160
35113332 35113875
71485597 71485677
74668292 74668375
-84044573 -84043753
47296852 47297535
-91313351 -91313228
-58450530 -58450449
-1626791 -1625803
89489790 89490687
15550291 15550982
-68792604 -68792234
35788722 35788773
-67556542 -67555653
-55214383 -55213487
54996310 54997213
13089149 13089668
-67953319 -67952912
96384179 96385044
-27948969 -27948098
6377258 6377947
-5524462 -5524089
2563166 2563360
12074978 12075923
44679691 44680393
77669064 77669759
-76262470 -76261769
94540594 94540974
-61723586 -61723304
-10307261 -10307103
52897125 52897179
-7538157 -7537314
9808059 9808889
8912782 8913179
-86541149 -86540881
-56536368 -56536247
-76101442 -76100869
86807283 86807875
-74388727 -74388316
-3319301 -3319210
-88585251 -88584354
579767 580333
-54616300 -54616250
-58033615 -58033003
99290341 99290590
-1693240 -1692577
-94164110 -94163996
80957536 80958047
-85358327 -85357548
49799693 49800386
19775877 19776819
27647345 27648280
-33355631 -33354862
-95209058 -95208502
-40201835 -40200862
63162929 63163376
-50035577 -50035369
23353078 23353118
47755724 47756190
98707502 98708202
21396945 21397293
48760633 48760790
76917762 76918516
-46013366 -46012383
-64790111 -64789862
58002062 58002416
7050576 7050995
-7859527 -7858596
28608083 28608716
21225230 21225653
-59862181 -59861639
-59889673 -59889422
24548983 24549694
-78301525 -78300802
-61035685 -61035164
33142861 33142902
48662354 48662846
-85732746 -85732274
-87296500 -87295773
39396690 39396722
72122972 72123169
94287425 94288191
-37492704 -37492662
-84678182 -84677433
-31598611 -31598453
-73407690 -73407498
-44443998 -44443931
18479831 18480328
-12195419 -12195276
4466682 4466764
-76119963 -76119592
-19098804 -19098736
-26926502 -26926403
-89340755 -89340703
-54897386 -54897099
65015294 65015466
-25572035 -25571301
-39381158 -39380294
-48160572 -48160183
-99340734 -99340261
9294493 9294498
-30329679 -30329426
13110180 13110551
45210371 45210629
70599066 70599894
31005284 31005646
80714734 80715361
-7119748 -7119672
-54018610 -54018017
-19817410 -19816983
77065915 77066654
-21084867 -21084701
71834940 71835312
30455314 30456284
57561246 57562076
2124185 2124346
-25552786 -25552249
-40099929 -40099561
-14369212 -14368784
33143074 33143897
12984866 12985323
-32853107 -32852433
-18060969 -18060400
-79473236 -79473092
64229203 64229299
-74221758 -74221562
17359097 17359809
-78920905 -78920650
-60640629 -60639957
-18824098 -18824047
82422841 82423646
42693908 42694715
-72318596 -72317874
-43622816 -43622348
-64423708 -64422967
-26556232 -26555372
-83233549 -83233148
-58283623 -58283040
80034256 80034607
61502091 61502370
-71133591 -71133414
90426666 90426912
-57331560 -57331353
-38276355 -38275378
58781489 58781624
53701267 53701330
-25214537 -25214422
-20739685 -20739158
-77558998 -77558309
6652963 6653728
-46749987 -46749819
-66005372 -66005270
85275508 85276308
-97209079 -97208894
84490200 84490235
5131207 5131921
-56181188 -56181078
29175154 29175321
95387629 95388162
28855956 28856363
-98169562 -98169391
45484850 45485427
41199471 41200235
-9056865 -9056593
-65439687 -65439351
-55391599 -55391035
10853280 10853280
-81203972 -81203208
-63198558 -63197786
23851916 23852632
87824880 87824939
54026756 54027616
62585700 62585704
31813346 31814216
92764472 92765010
70802805 70802896
66772299 66772588
-69578604 -69578122
62409952 62410034
31738577 31739314
-2341155 -2340877
54795543 54796278
-2173350 -2173084
77623977 77624439
46224047 46224876
1486647 1487173
54279741 54279887
-35920668 -35919746
-17285944 -17285506
57867625 57868562
-22928895 -22928814
-84524275 -84523440
74426549 74426704
-63729995 -63729108
-89217235 -89217032
37839599 37840018
69277719 69278602
54278975 54279950
91259200 91260176
21540335 21540864
-61001238 -61000925
5027734 5028299
25078918 25079695
67492982 67493465
-44659885 -44659362
73530989 73531723
70280339 70280821
-95002727 -95002549
49460244 49460424
73022444 73022913
81915321 81916178
-81132548 -81132119
-81488058 -81487680
79243394 79243698
-21468494 -21468417
-3172425 -3171459
865105 865352
34455960 34456712
98589914 98590677
78867498 78867947
-50977518 -50976537
-78952231 -78952103
88046880 88047409
91866848 91867032
95647022 95647334
-44213614 -44212882
47297733 47297878
-73760608 -73760300
92308741 92309086
58357744 58358501
-35332964 -35332699
72572904 72573789
-97054594 -97054100
-84999372 -84998791
-81264612 -81263842
64763965 64764744
55575524 55576468
68972684 68973353
-4580805 -4579875
-43874351 -43874109
-12002244 -12002224
99169555 99170216
-12513928 -12513890
78131315 78131742
-76628513 -76627526
87091568 87091941
44915685 44916342
56149959 56150053
12983056 12983225
32774407 32775247
20103881 20103896
-44095558 -44094777
21728734 21728998
-74561178 -74560589
-65764646 -65763936
-93952599 -93951949
94753966 94754099
89677553 89678443
-48193407 -48193302
-63842906 -63842044
79490713 79491637
-83622886 -83622582
98387618 98388002
31455223 31455584
-75298178 -75298168
-79886827 -79886575
-98401106 -98400822
-15013626 -15013521
-43385879 -43385501
47766829 47767446
-749814 -749745
70173693 70173790
-73241311 -73240612
-78134647 -78134218
-80269351 -80269113
-45935866 -45935587
-93808969 -93808023
-48962614 -48961833
-44063421 -44062757
-3089999 -3089489
2468940 2469480
-46491870 -46491561
44440044 44440657
-67433207 -67432601
-95848830 -95848701
75412998 75413391
96780084 96780503
-71480953 -71479976
-46062746 -46062575
-79803078 -79802219
-64173814 -64173548
3798242 3798366
-85456678 -85455930
24361032 24361867
-27542469 -27541576
94669975 94670747
10572588 10573263
-72374308 -72373381
-42972926 -42972109
-25513411 -25513199
-60242957 -60242844
-52259389 -52258923
-27331061 -27330345
-61639468 -61639350
10823015 10823699
83416602 83416949
81487164 81487493
83031545 83032466
33195197 33195995
73257489 73258148
71146892 71147650
-97715913 -97715362
-14672074 -14671173
83232840 83233747
78147602 78147795
2497499 2497523
-75932364 -75932031
89272550 89273180
99214425 99214652
24724209 24724967
-95556418 -95556406
-79656930 -79656342
65956768 65957754
-79082927 -79082646
60372495 60373221
-49946616 -49946124
51310520 51311382
42209700 42210378
37887986 37888601
98123781 98124117
-3654007 -3653123
34285901 34286217
-56952483 -56952213
-91993413 -91993252
50500787 50501106
20776905 20776913
-41551415 -41551315
58919898 58920198
1325831 1326686
-35558998 -35558340
62801108 62801627
85759817 85760261
-37310400 -37309748
-1062884 -1062503
4809359 4809888
-77291606 -77290989
90123318 90123387
9105552 9106501
66049914 66049937
94147586 94148156
-23562634 -23561749
-30836543 -30836068
41788320 41788830
-76039317 -76038531
94327394 94327732
71460754 71461181
96243857 96243971
-13388377 -13388356
-84197582 -84196705
-72225185 -72224773
-66841415 -66840517
-40753269 -40753188
-92552326 -92551568
51464211 51464334
32262293 32262817
-96423280 -96422758
-49178874 -49178810
-4340821 -4339948
49416584 49416699
67390056 67390356
-55564423 -55563505
60390355 60390643
66624366 66625187
-21390978 -21390732
-44140706 -44140653
5524890 5525813
-5847703 -5847679
13772589 13773149
89917751 89917764
-3285695 -3284845
-10936494 -10935702
58385599 58386074
-22232753 -22232475
8742458 8742918
-40721177 -40720351
-6090307 -6089545
-91147010 -91146788
32207030 32207510
-25637281 -25636945
24005700 24005739
70218849 70219094
-32909606 -32909560
1914438 1914605
15272919 15273312
83251965 83252800
75410354 75410920
42409140 42409822
97430043 97430910
73716863 73717762
-22430980 -22430774
-25970580 -25970084
88393973 88394053
22039674 22039699
-25196267 -25195601
-33849197 -33848703
9342342 9342540
-8866858 -8866845
49865385 49865936
46364580 46364904
61931102 61931138
-5629941 -5629550
-57228615 -57228277
79577955 79578013
-58077998 -58077357
-32537991 -32537497
-81936188 -81936128
45688346 45689006
72543972 72544435
-99501388 -99501259
-41137790 -41137777
-46117051 -46116760
82748967 82749215
8327656 8328108
50250537 50250940
-38838568 -38838150
-41832169 -41831638
37850593 37850811
-90219348 -90219113
-63348047 -63347880
-93104184 -93103850
-60954708 -60954568
-69129870 -69128926
-47093283 -47092875
-22589740 -22589405
75359626 75360456
-61954083 -61953189
80748367 80748986
60107789 60108441
27828589 27829586
64789990 64790615
-47715376 -47714885
35421374 35422293
63438125 63438732
-78221030 -78220376
-81201019 -81200091
-47732595 -47731602
41174014 41174359
-3245560 -3245212
-34847738 -34847657
85609816 85609917
-72419053 -72418342
-18657746 -18657697
64812174 64812929
-11860248 -11859997
47633306 47633607
-57091568 -57091378
95320812 95321324
-7512910 -7512231
14527583 14528073
86097445 86097748
-32322221 -32321624
49922489 49922506
49823220 49823456
83717617 83718192
92038620 92038908
-57163286 -57163056
86393222 86393299
-92152624 -92152212
-95669698 -95668830
-66281468 -66281413
61510187 61510879
3308829 3309574
-90393585 -90393181
87116750 87117042
-14397624 -14397272
-76161243 -76160335
-8712579 -8712173
-59655173 -59654920
-15774832 -15773958
12717467 12717555
-11215264 -11215251
-30329355 -30329348
38206452 38206900
-96060150 -96059495
63292731 63293411
-20529207 -20528281
80690832 80691626
26273931 26274096
-59976978 -59976883
17744581 17744941
-22801694 -22801344
-35609036 -35608261
25602538 25602831
-25368785 -25368331
67180174 67181132
37136725 37137090
27897239 27897787
-57843512 -57842863
-76287496 -76286987
-40444631 -40444014
45067998 45068535
-70296488 -70295964
-95450758 -95450611
15437260 15437291
59349171 59349804
85036297 85036345
34495478 34495813
99466236 99466334
59086590 59086996
84391407 84391714
73832931 73833796
4291816 4292469
-32339554 -32339452
-70814745 -70813776
-58002533 -58001862
-72393107 -72392762
43390707 43390879
-34022307 -34021620
73768243 73768419
61322847 61323279
-11148868 -11148459
53708532 53708697
-226344 -225815
-61713754 -61713612
87257774 87258308
80759083 80759954
-49649194 -49649050
-10293597 -10293184
-29568289 -29567840
-23774431 -23773695
57160971 57161363
-21663974 -21663493
82782330 82782784
-36626987 -36626767
-56044602 -56044539
-86091006 -86090419
94332663 94333487
-73939620 -73938759
73953169 73953589
-68265057 -68264419
-40173538 -40173389
-30337374 -30336743
85797978 85798880
-61032867 -61032034
13480116 13480599
-26650335 -26649386
17585688 17586005
56148205 56148378
-36476047 -36475052
95656238 95657154
1476253 1476479
-50085827 -50085574
59157575 59158571
-13994471 -13993938
-90598115 -90597641
-62794734 -62794021
51309535 51309897
-18742680 -18742238
-53589934 -53588965
49871060 49871243
75765633 75766209
-91400959 -91400132
22686640 22687276
23953040 23953236
-70849879 -70849161
-50008313 -50007408
-43068766 -43068103
48273134 48273337
98423195 98423890
-67643199 -67642610
72761213 72761511
17980410 17980476
33350718 33351670
88438823 88439512
-77930447 -77930004
-81613240 -81612856
-67094911 -67094109
-9928278 -9927767
-89896326 -89896147
33435953 33436918
-40813126 -40812149
-72448580 -72448440
-49098028 -49097215
89656383 89656544
82786610 82786687
30649425 30649617
-51871685 -51871597
57092754 57093047
55806581 55807429
93449521 93449526
45762811 45763658
-28504284 -28503288
-80680675 -80679903
28248955 28249395
56813605 56813932
15391534 15391850
26912643 26912684
96992862 96993033
95528041 95528318
-17890914 -17890353
-31360591 -31360466
95991369 95992284
-42022250 -42021802
-74376760 -74376141
89385278 89385368
81470699 81471298
5913604 5913868
74473387 74474230
-1549894 -1549769
66183259 66183769
41883955 41884872
82041289 82042264
31115616 31116401
-67524438 -67523708
-47844741 -47843930
57781270 57781752
63933777 63934382
-14407778 -14407155
45692294 45692940
40511432 40511636
53599611 53599612
29663665 29664638
25050437 25051008
-67958113 -67957515
78362426 78362851
76917206 76918004
29356506 29356724
71329811 71329977
-73574130 -73573659
-35510559 -35509563
-70084453 -70083913
-7898611 -7897971
-34240570 -34240323
-91526451 -91525456
-72848883 -72848827
18331060 18331816
35309686 35309968
-93226761 -93226635
-64335850 -64335040
69426363 69427050
34228462 34229131
-91315969 -91315217
56272477 56272761
-42832818 -42831873
17547665 17548150
41278170 41279156
30186046 30186453
-56056098 -56055401
-21589276 -21588336
-77806904 -77806527
8130882 8131738
32303713 32304336
9687726 9688267
4600503 4601420
57336728 57337335
16155367 16155688
33513836 33514648
-92791374 -92791330
-26275067 -26274559
-14235751 -14235708
-63824327 -63823702
6309208 6309398
72624155 72624494
-81423277 -81423272
19312149 19312157
62308189 62308196
41736923 41737326
-8255087 -8254198
-69259084 -69258260
-36200015 -36199213
89123947 89124802
91743552 91743718
11209598 11209766
33425051 33425071
-20797206 -20797189
-2337346 -2336669
-91938768 -91938622
-82350554 -82349879
-12343440 -12342488
57081033 57081710
38266673 38267220
30236681 30237579
-53844779 -53844066
99353943 99354573
71949282 71950136
-3805915 -3805861
99359206 99359263
-97160515 -97160194
-16936416 -16935725
6881079 6881827
-97869356 -97868386
-86949290 -86948660
23102177 23102344
34414850 34414865
20640870 20641032
25105050 25105079
56025354 56025924
35721910 35722593
66649106 66649376
15160232 15161086
7283507 7284454
-89813831 -89813419
28919547 28919892
-14497476 -14496760
-46700276 -46699432
5165249 5166187
52508172 52508431
-44619612 -44619028
26379762 26380720
-81632731 -81632548
56299335 56299849
-76512390 -76512185
82755499 82755924
71066939 71066993
11497293 11498119
10338505 10339006
-29229143 -29229024
60656529 60657089
94334838 94335399
79300521 79301136
-634342 -633684
90293924 90294532
-35578975 -35578880
33109633 33109990
-3086860 -3086015
-27303254 -27302793
16925314 16926064
-97865017 -97864783
-79384235 -79383260
-51834870 -51834519
-6184718 -6183983
-68291987 -68291130
97783283 97783301
61975947 61976389
24044648 24044903
-96016395 -96015764
-74025351 -74024875
87229425 87229863
-8516204 -8516184
-64713362 -64712683
48314101 48314558
-75195429 -75195101
91029929 91030554
-27952480 -27951676
-69736897 -69735978
-29831687 -29830750
63858479 63858693
-27460869 -27460403
87496207 87497137
-2005895 -2005746
-26252254 -26251510
-15092535 -15091699
13778993 13779301
-94584153 -94583805
95253326 95254276
2983596 2984414
67038620 67038756
-79841959 -79841850
-82372834 -82371981
-77294007 -77293832
13187304 13187453
17366526 17366728
-59760399 -59759640
-50043935 -50043590
-78800010 -78799737
-98525428 -98525388
14676221 14676307
7438253 7438768
62070364 62070875
38746287 38746929
5511056 5511419
69284052 69284413
-14239948 -14239651
-93426922 -93426802
-9511295 -9510561
-34078428 -34077848
-99532809 -99532212
-40130907 -40130505
96922567 96922616
-39732252 -39732126
79166787 79167156
34482803 34483774
59323149 59323170
-27403868 -27402967
-76959450 -76958908
-29797592 -29797423
65078477 65079052
-14186306 -14185895
87759745 87759977
-61661509 -61660719
56957410 56958023
-32653007 -32652964
32135868 32136605
-94464264 -94463408
-50831436 -50830559
-8219447 -8218901
84841305 84842129
-28826661 -28826211
-84669200 -84668543
71283434 71284285
-12064090 -12063516
16157380 16157776
-97697054 -97696315
16736479 16737469
-77209281 -77208680
-25758370 -25757635
-70969675 -70969142
-94592300 -94592297
-92295476 -92294628
-86260715 -86260312
-40971865 -40971468
-75679344 -75678747
-22299074 -22299000
-43950522 -43949874
-86087558 -86086919
51088694 51089182
-91190914 -91190850
-36392633 -36392070
66511337 66511824
80813587 80814392
52103317 52103711
96102013 96102275
28154070 28154840
-40303437 -40302597
-68673503 -68673188
497302 497929
-95994420 -95993780
-29886466 -29885765
-480067 -479331
-28793727 -28792858
-88162229 -88161425
-89843693 -89843197
-60799099 -60798392
-79807330 -79807018
-66436346 -66435932
-57526362 -57525542
-63853637 -63853252
35587602 35587974
13514678 13515173
-33755238 -33754633
63410267 63410396
32832744 32833535
-50275134 -50274344
15932361 15933294
36306048 36306932
74813256 74814049
9127728 9128429
56697199 56697245
20538875 20539730
-69690652 -69690621
12664941 12665603
2791687 2791999
-31393840 -31393192
-13922157 -13921336
-94541369 -94540792
50169422 50170298
97605994 97606358
-96564657 -96564656
43715686 43716058
-74857882 -74857357
-97465070 -97464154
-56367975 -56367536
-90855778 -90855393
-97836845 -97836583
16510261 16510278
7588255 7588657
-54618282 -54617294
39038820 39039068
-57815283 -57814423
46117639 46117736
49859303 49859949
75186521 75187097
-81838593 -81838565
-20308209 -20308195
-49654991 -49654650
85736875 85737832
40818007 40818309
80329278 80330182
-16380731 -16380483
-26473616 -26472990
2680373 2681066
-18622022 -18621759
-35991656 -35991239
-38434348 -38434238
83241291 83241449
-32867425 -32867414
76994732 76995223
44598153 44598956
-64767098 -64766669
-51186218 -51185875
-31193312 -31193226
18179486 18179496
-87584814 -87584278
51731853 51732843
12745880 12746299
-96030695 -96030329
-62746472 -62746309
-12734232 -12733630
86934707 86934738
-56244657 -56244526
-57238125 -57237280
20314245 20315228
92248965 92249599
97352117 97352234
-36685658 -36684890
79618632 79619382
-51055987 -51055320
61288056 61288360
96871447 96871466
-38852576 -38852019
-87638653 -87638267
-14032034 -14031249
-35831847 -35831436
-89718195 -89717494
76786665 76787244
84796294 84796433
-44229468 -44229179
23475839 23476701
-86303190 -86302965
14662434 14662663
-57790599 -57790569
-23587412 -23586532
-76799852 -76799384
46052901 46053543
95484333 95485195
38377078 38378067
63083255 63083910
87853152 87853531
-55103897 -55103001
-53224994 -53224566
-8845147 -8844750
-65779484 -65779204
40475268 40475402
9303832 9303897
308021 308199
-55307407 -55306839
-5293762 -5293539
-98310613 -98310144
-27414000 -27413246
-56086459 -56085479
-92930541 -92929738
4573188 4574055
26269603 26270063
-99518294 -99517753
-49137950 -49137395
34210167 34211049
52284391 52285032
-32707880 -32707373
-54184409 -54183882
92067371 92068309
81842152 81842519
-77815608 -77814854
-83168287 -83168081
33311396 33311943
11843800 11844550
5405887 5406634
23877608 23877665
-88283141 -88283047
-469737 -469084
-86353217 -86352553
-3248865 -3248312
-37154582 -37154296
32702244 32702418
-23564438 -23563525
-97164437 -97164392
-8623510 -8623233
-40960785 -40960183
47182200 47182705
-9881018 -9880766
10524561 10524648
47722090 47722900
15141941 15142644
17456767 17457553
88499860 88500679
-55912600 -55912310
19285105 19285533
-50771930 -50770958
74080293 74081106
-40401533 -40400795
67097810 67098449
99565736 99565876
90815810 90816517
-90019534 -90018684
15455149 15455704
26759279 26759301
-30645725 -30645043
-99529227 -99528435
-95790161 -95790132
-33142799 -33142705
-6146712 -6146562
98589598 98589855
-81532569 -81531750
-20223431 -20223400
-98766670 -98765897
61051696 61052368
5584775 5585101
29064288 29064407
-21154225 -21153573
-15729750 -15729117
22204755 22205353
24047810 24047935
-12496734 -12495819
-92848925 -92848412
67234054 67234868
16741951 16741972
49348072 49348654
26484494 26484780
-47564965 -47564782
-2784784 -2784677
18319564 18320122
-70183502 -70183420
-30267852 -30267397
50407 50758
72523780 72523880
41385569 41386135
-82294523 -82293866
76216782 76217092
-37136340 -37135474
-24078354 -24077361
-29594512 -29594426
-66808517 -66807834
-2937701 -2937152
-24476688 -24475809
42666930 42667563
66369220 66369848
7423666 7424078
-25584964 -25584899
54564839 54564896
-15634149 -15633772
-90211016 -90210293
-60887946 -60887340
-35234577 -35233636
-39044292 -39043795
-5398162 -5397759
-40334196 -40333837
-60968512 -60967976
-91979117 -91978486
78505695 78505750
64723672 64723820
85409992 85410798
-78478064 -78477299
-77930837 -77930363
-46367621 -46366805
-35386858 -35386804
-70998838 -70998513
-76331240 -76330396
-45470846 -45470180
12239432 12240423
46964400 46965110
47194998 47195518
-11072374 -11072000
-56067101 -56067007
-28451845 -28450881
64108409 64109081
31650063 31650886
11029541 11030284
36974593 36975056
26021629 26022210
-14303834 -14303092
-56086721 -56086577
-73074856 -73074529
41403250 41403275
13745898 13746392
-87225098 -87224953
-75053875 -75053340
52800860 52801818
-46122598 -46121725
-16004903 -16003986
26927152 26927929
71244794 71245441
-5218053 -5217657
-66930082 -66929276
73767192 73767405
-21603626 -21603606
-37043994 -37043840
63250154 63250688
-66441104 -66440920
54170926 54170929
-98263096 -98262447
25220104 25220527
57785469 57785939
3107954 3108117
55819449 55819678
74785735 74786682
-9301425 -9301411
-56295532 -56294640
-21524053 -21523610
11402741 11402842
-25573330 -25573244
15551707 15552299
-46021826 -46021065
-13867773 -13867518
12069542 12069623
95208124 95208720
-75374972 -75374781
-62279274 -62278949
68214686 68215091
-64204769 -64204379
80500795 80501770
13821927 13821965
-46574943 -46574925
90344176 90344477
-7492649 -7492023
62819666 62820440
-6065369 -6064661
-67184602 -67183660
65056329 65057241
-50788188 -50787368
44640711 44641426
53424510 53424890
-35527455 -35527100
-55916701 -55916449
-53560658 -53559680
-82997254 -82996814
98433103 98433462
-91549601 -91549472
-69438017 -69437385
-24779492 -24778925
84727905 84728599
-82233519 -82233502
-1514542 -1513935
-59626177 -59626002
35832481 35832786
-68379883 -68379078
28160549 28161014
7447401 7448073
-68552519 -68552002
41221870 41222316
99918937 99919462
79137437 79137539
23996481 23996861
-1606009 -1605851
4683200 4683730
50678600 50679417
12581532 12581664
44580466 44581252
12007490 12007961
-61560426 -61560269
9677668 9678358
57512206 57513011
-49407082 -49406132
-45506703 -45506410
99853554 99853721
52647227 52647730
91486435 91486556
6010321 6010743
47223229 47224206
76161625 76162044
14568969 14569018
-97035184 -97034733
-12722836 -12722226
51496928 51497367
-47318399 -47318154
-1649706 -1648936
-30483402 -30482897
57273020 57273038
12445188 12445804
-75054824 -75053974
-71145364 -71144478
928690 929536
-42486396 -42485853
93165154 93165878
-36105238 -36104333
83891157 83891846
-60584540 -60584118
52225930 52226658
-34334330 -34333912
50569949 50570716
-78312387 -78311543
43168681 43169496
92365735 92366043
-18441941 -18441804
23074228 23074844
-7026021 -7025316
55779839 55780804
32890331 32890991
-23289802 -23289574
-42388551 -42388330
21721817 21722212
28331077 28331255
68763941 68764434
1861564 1861926
-89599897 -89599282
50557365 50557866
63265463 63266141
13784957 13785668
97702743 97703552
32268283 32268621
-36490602 -36490322
79980962 79981136
-85040662 -85039969
89163772 89164111
-50228052 -50228043
20376330 20377330
-93237998 -93237336
-11572035 -11571560
-29101523 -29101480
-47232553 -47231630
56110568 56110575
253312 253786
-23797845 -23797141
-22004771 -22004479
-85960140 -85959168
79986574 79987246
96451808 96452667
15675454 15675717
-1658880 -1658216
38392305 38393219
-37377711 -37376935
-87798812 -87798316
-91279570 -91279064
30559596 30560485
44917171 44917822
-50700121 -50699733
-30593941 -30593709
-97665875 -97665187
38900079 38900150
97055512 97055906
27153158 27153269
-91121170 -91120569
-51798629 -51798216
22944880 22945626
-91908289 -91907631
81356064 81356850
-83680532 -83680399
-15696400 -15695670
-77247848 -77247389
-80374359 -80373863
4358029 4358921
60581558 60582243
-24354740 -24354455
37312646 37312898
69627773 69628058
-32987340 -32986550
-69554224 -69553466
11470214 11470318
69203458 69204021
-8439051 -8438399
81692340 81692992
-1372351 -1371473
-36167942 -36167847
73954421 73955114
78023209 78023214
42436183 42436826
-57536218 -57535779
-44162179 -44161601
-31979644 -31979030
-62448406 -62447824
-39133469 -39132861
74018311 74019080
-8556089 -8555654
95811011 95811937
55488288 55488496
-99458966 -99458749
2834023 2834126
-74516622 -74515727
-36865495 -36865351
-80524085 -80523253
3161554 3162152
-46405824 -46404826
75656128 75657075
864801 865206
70116557 70116693
-9381860 -9381392
-91687658 -91687232
46971175 46971699
-77825695 -77825093
18276724 18276933
-55633944 -55633536
-16319857 -16319687
-7040493 -7039813
33943100 33943913
58937059 58938051
43173037 43173731
68374814 68375627
12609786 12610025
-98883592 -98883550
54952590 54953531
-5207457 -5207226
86795038 86795575
-50188791 -50188107
51226075 51226651
89961933 89962641
-23920920 -23920210
-67419047 -67418242
-23068669 -23067802
-91840567 -91839841
-59727630 -59727318
-99768119 -99768008
-89886349 -89885636
97044360 97044601
96400173 96400725
85463880 85464815
-80646130 -80645823
53991704 53992544
-3932383 -3932238
60228380 60228458
-49494210 -49493552
-66939949 -66938967
-68723185 -68722789
-6747184 -6747041
87763054 87763327
-93293129 -93292131
96957447 96957843
66594211 66595123
3185156 3185581
-75241241 -75240399
1883327 1884309
47865403 47865681
99185873 99186373
56554943 56555042
49183072 49183191
15318831 15319577
-60702486 -60702167
-81080216 -81079921
-7616402 -7615667
83679509 83680374
49311536 49312457
-58896143 -58895516
38456134 38456997
-91586126 -91585328
35617721 35617899
-475985 -475086
82397083 82397999
-24856855 -24856736
83404310 83404624
-2897448 -2896906
69553503 69554056
-45168261 -45167264
-90078757 -90078687
-23962068 -23961384
-14685119 -14684407
76017897 76018170
80646515 80646949
54989673 54990474
-235051 -234871
-72207124 -72206319
-58681906 -58681507
-17774598 -17774332
-87452110 -87451930
40715768 40716487
82370193 82370317
61804978 61805210
-13975654 -13975421
59524654 59525541
-70120156 -70119261
24541829 24542582
-95826311 -95825591
42588625 42589226
23479129 23479257
30598449 30598899
-24907702 -24906999
54826648 54827393
23178059 23178183
75420134 75420482
-42240802 -42240644
-50635216 -50634447
-73679020 -73678120
4276829 4277507
75592863 75593236
43814385 43814665
35270190 35271120
-40903066 -40902936
-41221912 -41221429
-40917230 -40916599
57803371 57804016
4529214 4529888
-16207879 -16207850
-56793910 -56793171
86439087 86439576
-33114010 -33113803
72282947 72283847
72357879 72358852
88925427 88926138
1127646 1127692
-6722336 -6721876
-95716455 -95715471
81584662 81584766
81411941 81412892
47152698 47153380
88645847 88646528
91330080 91331017
92247918 92248900
60071286 60071287
41749389 41749702
-88975052 -88974380
-86320218 -86319755
-29859866 -29859787
58091075 58091852
22114179 22114430
-86896158 -86896122
40043003 40043849
39959350 39960240
-68993802 -68992965
95232938 95233649
11188238 11188477
18862213 18862897
95434277 95435250
-51721654 -51721646
89206627 89207573
-55042817 -55041874
24452933 24453566
-43951042 -43950233
-32927233 -32926757
6337251 6337576
90141217 90142094
-11626049 -11625637
-60252791 -60252266
-69273615 -69272994
-7478071 -7477298
67014235 67015186
-21420369 -21419492
-6913881 -6913631
-27061545 -27061104
62994633 62995619
15847875 15848444
13043014 13043159
-27427787 -27427403
-89411029 -89410453
-77102824 -77102722
-67668551 -67668113
-71394104 -71393902
69318617 69318954
-7875876 -7875312
57962063 57962895
87746119 87746628
85847078 85847097
-62934561 -62934115
69498813 69499745
64151908 64151969
58528991 58529579
-10682707 -10681980
-50230492 -50230013
-59352718 -59352304
23853044 23853925
-86753918 -86753411
-63426354 -63425566
53483961 53484608
6213870 6214572
39982532 39983030
89213323 89214119
16214012 16214661
-20899679 -20899586
-93445405 -93444944
40259178 40259963
84184634 84185350
-65528418 -65528310
-31737793 -31737687
-33972004 -33971266
43534899 43535774
25384602 25385298
31654614 31654693
28662267 28663112
40121685 40122374
52550980 52551965
-71934398 -71933984
-93719507 -93719199
-15680759 -15679854
-44938274 -44937865
-85354545 -85353904
-30139497 -30139118
13922060 13923018
24660714 24660985
90124428 90124769
52086211 52087110
46610280 46610543
83937233 83937612
92036882 92037813
18302700 18303190
13913952 13914494
51771144 51771810
27238730 27239586
-3677963 -3677231
-37295924 -37295730
83089275 83089548
-64962778 -64962084
-97690818 -97690152
-83690092 -83690034
25552209 25552395
-37915828 -37914932
-19235600 -19234659
-8576140 -8576126
-76732165 -76731811
48373554 48373664
-54498634 -54498115
-38388544 -38388412
87646149 87646165
-82554763 -82554661
16707979 16708926
52959800 52960587
50728304 50729059
30438828 30439456
71922143 71922551
-47146922 -47146212
-8846917 -8846330
49842085 49842792
8242326 8242941
2496430 2496733
-78508033 -78507762
47182140 47182403
-30402199 -30401270
-11428005 -11427055
96483553 96483966
-4907996 -4907482
3807069 3807539
-11813963 -11812967
-37193268 -37193077
-27582401 -27581545
-47488716 -47488430
-2372966 -2372104
-31030774 -31030345
-99014209 -99013359
-40065384 -40065103
-34662651 -34662343
-69357107 -69357040
26531859 26532820
58013863 58014646
69787256 69788083
-83046580 -83045837
46656760 46657024
3009455 3010178
-11211127 -11210354
-82194371 -82193522
-83702780 -83702191
93068243 93068842
4006229 4006862
79272310 79272879
6699164 6700042
48894273 48894816
14844102 14844135
-53422725 -53422000
-11217294 -11217117
44262753 44263255
91746820 91747756
73577639 73578605
66513011 66513761
12683253 12684167
-68244061 -68243375
49713470 49714383
42177093 42177890
-64882269 -64882086
-48113221 -48112237
-27727360 -27726780
-58500331 -58500042
-48743620 -48743223
11575240 11575271
29924380 29925218
10011312 10012063
11740921 11741358
-37538586 -37537926
-12192503 -12191590
-25114143 -25113597
57631039 57631613
-70697582 -70696810
7676637 7676897
57674678 57675527
58654829 58655791
17345387 17345458
-3518193 -3517430
-57248006 -57247315
41829480 41830187
60608890 60609677
41333247 41333599
-56460896 -56460210
15478664 15478905
84288654 84289368
45148992 45149197
-7945867 -7945849
1626296 1626300
20862249 20862402
-79187164 -79186446
-82945493 -82944800
-52677911 -52677508
-54353019 -54352453
-56407246 -56406703
59890818 59891320
-64809058 -64808825
53149397 53149601
35444592 35445554
-19626887 -19626478
3147409 3147904
-27253963 -27253371
-85373145 -85372364
36578233 36579045
3064632 3065221
-48662706 -48661949
51114587 51115093
46468049 46468403
34992670 34992750
-75210611 -75209994
45421559 45421793
-44959408 -44959193
-26667217 -26666450
-37539294 -37538777
-59182673 -59182023
-35225166 -35224191
16384021 16384121
40876953 40877420
8339344 8339525
80400499 80401052
-32469201 -32468791
84315099 84315874
28457597 28458001
-36254047 -36253333
94874782 94874784
-32818450 -32818320
-96183340 -96182913
74203110 74203783
34262760 34262777
-1413443 -1412722
58146361 58146685
-85535259 -85534326
-90460963 -90460864
-80627545 -80627027
-40554039 -40553228
59690884 59691141
-47673795 -47673507
-74532636 -74531704
-51362498 -51362273
-16117020 -16116895
-26852376 -26851788
82886944 82887410
63913959 63914801
-11953988 -11953811
25238913 25239285
-70601788 -70601724
-32289730 -32288839
20451113 20451794
-38843205 -38842971
91275724 91276517
32288961 32289950
46770693 46771377
-41249141 -41248866
44507809 44508144
47585529 47585708
11914474 11914890
-38532262 -38531387
52131969 52132905
19615810 19616802
-44499484 -44498799
80933865 80934102
29019433 29019991
4733419 4734171
-21417172 -21417112
64466238 64466933
-77633222 -77633083
-74400999 -74400436
49926609 49926667
33749362 33749751
83733036 83733372
-64084729 -64083954
52308985 52309185
13319085 13319954
45696963 45697890
-38353058 -38352512
91901008 91901842
-40727311 -40726877
-60264121 -60263887
21542143 21542739
19176559 19177305
72977982 72978378
-84369298 -84368978
26212448 26212623
32864368 32864638
76232485 76232867
-64502446 -64501858
55520869 55521517
52419946 52420211
24543141 24543736
85625507 85626168
39932173 39933133
-60737442 -60737010
-19393700 -19393206
91377116 91377746
68644168 68645099
-66055224 -66054763
-79666721 -79666678
-30020694 -30020205
-20763614 -20763223
38838145 38838862
-80638827 -80638531
26020548 26021248
27603563 27604346
43556587 43556908
86444750 86445469
86558933 86559001
59256482 59257148
-87078027 -87077198
-95138132 -95137519
-46570967 -46570682
51311129 51311409
47632294 47632964
-930718 -930645
26806061 26806373
-70015617 -70015138
-2859973 -2859167
-63112562 -63111610
73167211 73167704
-56949561 -56949517
-36262001 -36261570
-57046926 -57046273
-6874713 -6874261
18143861 18144071
99119640 99119929
14085354 14086168
-97876216 -97875335
-92641813 -92640868
-79992925 -79992661
-71595074 -71594506
26622479 26623030
-78555239 -78554337
33220838 33221166
-69009496 -69008998
-35805777 -35804790
89180326 89180804
-35758046 -35757465
-79217595 -79216954
-50653565 -50652910
-74910240 -74909426
46255409 46256329
13008282 13009053
-42231430 -42230907
39112311 39112518
46348170 46348892
48329168 48329781
-70709339 -70708342
23756503 23757416
97665066 97665559
-67216758 -67215878
-89656777 -89656659
-81343726 -81343304
-2743567 -2742669
-86177704 -86177087
91009371 91009805
71678743 71678873
25405441 25405743
76823877 76824829
-57313811 -57312835
-66541312 -66540506
98289284 98289665
72950990 72951270
26081342 26082288
10337897 10338148
76645088 76645768
-15439813 -15439109
-57785793 -57785737
20575859 20575967
-40896600 -40896587
-9048465 -9048164
58857390 58857588
12707367 12707548
76673446 76673844
-55799477 -55798852
33386476 33386823
43038542 43039214
64027869 64028682
-14795386 -14794736
-20008488 -20008018
88734890 88735530
-8897791 -8897695
-27705915 -27705332
5074141 5074638
86578121 86578430
50343753 50344542
-86492322 -86491743
-5347227 -5346697
-11237584 -11237365
52845304 52845819
-60349731 -60348889
63926337 63927154
-65171316 -65171274
87785003 87785994
-43119337 -43118447
-1969728 -1968816
-80481512 -80481354
6097382 6098335
90293697 90294450
-72643684 -72643644
-15937869 -15937471
55658204 55658710
48582045 48582297
-13092403 -13091773
90622988 90623017
68085368 68085519
-61636855 -61636286
37285115 37285680
-84638753 -84638273
21636877 21636986
-3675726 -3675409
-10888716 -10888086
-63573643 -63573291
27370672 27371305
-87945144 -87944511
-87036769 -87036341
-39273127 -39272521
-77559548 -77559132
-24069353 -24069316
-56163488 -56162635
1380195 1380836
12919956 12920636
-34958012 -34957031
54552199 54552250
-19528930 -19528765
19364810 19365560
-88948366 -88948265
50959636 50960591
-98255635 -98255614
8433505 8434147
-66823074 -66822253
-80175217 -80174438
43270117 43270754
-10427574 -10426604
-58436866 -58436480
-95962675 -95962506
4359566 4359865
36017516 36018013
-82525821 -82524977
-29567695 -29567412
-67698023 -67697849
-12345769 -12345120
8933794 8934195
-28860494 -28859939
27515926 27516598
-76444535 -76443613
-74186825 -74186812
34003188 34004019
-91552749 -91552652
75943613 75943868
6787420 6788085
66697790 66698694
75010884 75010972
82788488 82789429
-420774 -420050
69071709 69071952
-53964499 -53963870
-84846612 -84846092
-19597547 -19597216
82702296 82702306
-88535163 -88534169
-71512024 -71511939
32117162 32117909
85994982 85995112
41137169 41137613
-24270235 -24269515
-98851619 -98850841
-88214151 -88213707
-81231697 -81231386
-34458089 -34457604
95844690 95845037
-75527778 -75527595
-17768311 -17768109
66459447 66460388
-44324246 -44323626
59047192 59047217
-73479913 -73478979
94596697 94597683
-56180863 -56180364
-41233596 -41232679
91159320 91160252
-5124936 -5124021
-43579092 -43578173
-6815559 -6815152
56688288 56688857
-9287036 -9286126
-52539288 -52539168
-61982480 -61981545
23937423 23938341
-51435517 -51435120
-95487275 -95487063
-31293880 -31293569
-98811946 -98811015
-78753468 -78753197
94574121 94574604
-88617398 -88616752
-17979415 -17978771
-66701911 -66700923
87951156 87951970
-94446065 -94446011
-93839918 -93839142
79365717 79366686
-51208319 -51207406
-71796565 -71796355
-74054764 -74053939
-35946365 -35945658
92934507 92935363
-36522406 -36521633
94651928 94652404
-65287695 -65287329
-38455807 -38455499
75542920 75543658
-66948497 -66947906
-80126238 -80125736
71986673 71987037
-96422532 -96421549
-14641559 -14641183
-91218391 -91218000
-49364038 -49363080
-25797127 -25796397
86059210 86060203
-73084958 -73084228
68836525 68837525
-27876718 -27876311
7910647 7910850
24098109 24098270
-54102992 -54102746
-40956277 -40955552
87571959 87572299
29274328 29275090
51165984 51166196
-284194 -284086
-42536956 -42536737
-62369786 -62369393
-6094564 -6094299
52253179 52254092
95555054 95555330
-24367956 -24366974
-60893479 -60893345
-96389446 -96388939
-2966035 -2965226
-82905450 -82905107
-23998045 -23997367
-38369664 -38369335
76100837 76101827
88702173 88702751
-33534414 -33533780
-67435829 -67435130
64882888 64882935
-63233264 -63233232
92672474 92673093
3886518 3887504
57255383 57255745
37716185 37716960
15235078 15235559
-30380437 -30380248
82774353 82775280
-26227428 -26226645
-80234971 -80234044
62635062 62636056
53110702 53111162
12965028 12965285
23355505 23356064
-80046120 -80045493
22346198 22346989
-34597975 -34597909
23745947 23746779
6608753 6609149
-42563751 -42563669
-33554510 -33554262
75659875 75659991
-8031989 -8031769
96872757 96873624
-91918012 -91917036
-46042547 -46042491
-85344289 -85343809
48811530 48812210
-32906484 -32906050
-84117076 -84116538
51475394 51476340
-4968669 -4968321
-34709519 -34709215
-26411432 -26410605
48544875 48545135
45369877 45370426
-94231881 -94231429
66609079 66609079
-98126062 -98125412
71245457 71245597
84962574 84963167
-21022968 -21022329
80633800 80634508
7887820 7888054
35152308 35152777
-50948109 -50947403
-45577533 -45576754
-60414737 -60414703
-55149024 -55148938
80711293 80711930
25007701 25007905
-47304645 -47304216
-48005609 -48005039
5028271 5028531
-89082274 -89081801
74942819 74943576
-70265679 -70265235
35455794 35456338
89184531 89185000
25834239 25834883
59445453 59445561
57077530 57077963
45702526 45703216
69401842 69402675
13787451 13787465
-49422694 -49422613
-27142061 -27141903
-34773921 -34773257
61111233 61111337
50660925 50661456
92231645 92231778
54427760 54428445
3369065 3369070
-48883707 -48883436
-19977215 -19976785
32569460 32570124
-33004518 -33003822
-95722338 -95722183
14434146 14435075
44407138 44408119
99728674 99729138
-11797871 -11797809
-8930703 -8930459
2984668 2984696
30625977 30626349
38648451 38648637
-33900703 -33900016
-67360091 -67359586
-10805295 -10805186
36839206 36839208
-12929924 -12929228
-78806148 -78805652
68182674 68183109
90509379 90509541
58986618 58986750
26802324 26802881
85606353 85606742
-46733199 -46732939
-68489535 -68488603
10680145 10680637
-81020314 -81019683
-2908835 -2908319
-21893550 -21892587
-14018031 -14017844
39602153 39603065
-27397767 -27397251
-2820719 -2820317
-7944205 -7944030
69734840 69735065
21666663 21667130
-60865660 -60864894
-94431262 -94430810
60175937 60175950
-48337188 -48336425
-7123872 -7122961
51854787 51854844
54056025 54056980
-79102046 -79101136
21595121 21595803
-29835926 -29835334
14145106 14145756
-38813362 -38812446
-55218964 -55218429
-3761988 -3761217
-13137501 -13137054
48751790 48752655
-88706984 -88706762
-73306105 -73305283
7836640 7837450
78581304 78581540
-58635737 -58635688
-76422330 -76422028
36877737 36878671
97517922 97517961
60679085 60679812
64306382 64306939
-61962332 -61961783
-34545969 -34545561
-54175158 -54174846
-22968592 -22967772
52864956 52864993
-54563695 -54563552
-78394587 -78393861
23002694 23003475
-66366005 -66365803
-45677934 -45677070
6986246 6986825
38112969 38113841
59312081 59312658
-19732134 -19731151
16311902 16311956
-56954851 -56954765
48441584 48441884
-22051395 -22051087
71576289 71577144
26642957 26643236
-36805784 -36805764
-27240022 -27239909
-28200302 -28199381
52325143 52325268
-86203753 -86202896
-17268259 -17268056
39577834 39578420
71129670 71130540
-73055391 -73054671
75191930 75192070
-68125009 -68124490
-88322157 -88322093
54217523 54218340
63165923 63166866
-36136630 -36136360
98396955 98397059
54880451 54880519
59896036 59896825
-22627206 -22627010
-75946377 -75945542
-74107344 -74107263
79514190 79514614
74742172 74743052
43792137 43792426
69618245 69619097
-19946129 -19945410
-75874710 -75874586
-45771017 -45770143
-11493300 -11492911
-57899985 -57899055
-82258112 -82257596
-58604104 -58603496
-50409538 -50409119
-88542608 -88541854
45707018 45707989
46118776 46119023
-67358651 -67358333
-37022700 -37021712
54826601 54827388
43593766 43594424
-78191623 -78191411
38643020 38643124
-76151117 -76150828
29879319 29880112
-83732249 -83731987
3613190 3614047
-46621164 -46620604
-12931490 -12931440
56963309 56964135
-54715552 -54714779
-57998798 -57998123
69698574 69698759
-70309601 -70309449
-44665085 -44664647
-7971905 -7971311
-63941491 -63941235
-90430168 -90429981
-59575064 -59574768
-38793534 -38793443
-53784898 -53784046
-50383630 -50382955
-70933193 -70933082
-12206531 -12206468
-58876098 -58875115
-11052780 -11052199
-49260022 -49259589
-14637652 -14636852
-55509500 -55508758
-41632380 -41632306
-8717837 -8717161
-64286056 -64285835
-16206446 -16206077
81480015 81480617
64939969 64940182
8904538 8905215
98798175 98798685
80302826 80303630
31934036 31934282
4071910 4072208
-80773341 -80772625
-85999952 -85998966
-81544790 -81544304
31920912 31921412
87886275 87886871
-42642632 -42642211
25960983 25961903
-3432246 -3431353
26479572 26480444
-69741587 -69740674
-48430596 -48430375
-52762381 -52762262
-70577799 -70577491
-60922433 -60922049
-9334628 -9334139
61099655 61100455
-13614071 -13613546
-56904049 -56903942
-63014239 -63013967
45197378 45197385
65935676 65935885
71462609 71463018
78984863 78985698
73538390 73538469
-84235129 -84234285
51597819 51598050
61960048 61960169
-58452937 -58452313
-3267655 -3266758
-26375577 -26374675
-84468863 -84467896
-57030594 -57029945
45288305 45289091
-93145878 -93145167
-60256612 -60255900
-25795671 -25794889
55892 56753
-44068616 -44067919
31618460 31618737
-46920839 -46919902
62121453 62121893
26147866 26148748
-76768942 -76768014
32982377 32982762
31048801 31049725
-22447470 -22446977
-11485295 -11484443
-11404291 -11403505
65614774 65614918
97055340 97055501
-21823736 -21823595
-92328298 -92327565
-87083745 -87083741
-81290241 -81290190
664499 665045
-56776420 -56776071
23903804 23903993
86128468 86129220
42744556 42745406
3709989 3710464
26398835 26398836
-17682227 -17681642
14559052 14559145
92485220 92485775
43129004 43129201
-28660716 -28660099
44000141 44000321
74158192 74158205
90644922 90645725
-48303210 -48302841
88793512 88794021
79171139 79171183
93564456 93565381
-88650756 -88650608
-84026956 -84026709
-76608242 -76608114
-16969661 -16968751
26424412 26424783
-8309833 -8308946
61705953 61706310
24240470 24240996
-65030685 -65029986
-4565790 -4565135
-62940463 -62939842
43567314 43567753
-6302776 -6302209
-33444724 -33443864
-40006510 -40006167
-87591995 -87591857
50509965 50510087
-19804491 -19803909
-96746062 -96745907
21269542 21269741
72992990 72993134
34387175 34387456
39524452 39525011
-73112525 -73112194
62725053 62725474
-38646488 -38646457
-45484002 -45483316
67676380 67677132
31112171 31113079
94322794 94323745
-43709710 -43708777
-76070860 -76070390
15810807 15811607
6653806 6654148
-7841928 -7841014
-27207572 -27206764
71739161 71739613
-8623249 -8622645
69662064 69662488
-76670861 -76670108
99108094 99109094
23923797 23923968
-80249475 -80249321
-25109473 -25108488
16936733 16937457
-80090559 -80090139
-24691283 -24690907
-46873431 -46873101
-15569711 -15569644
1009306 1010031
-72224983 -72224082
14897158 14897264
-89069397 -89068733
70566391 70566435
12291889 12291950
64668469 64669215
5417016 5417170
-5403240 -5403044
95455265 95455835
-69027633 -69026811
-42601552 -42600610
-55775376 -55774703
91435284 91435997
-8114416 -8114181
72473293 72473952
-63841743 -63841348
-54885576 -54885338
-47536303 -47535841
-40681303 -40680510
93394404 93395183
-24137317 -24136675
-31122726 -31122081
27368529 27368836
-16076755 -16075936
78169776 78170555
88526408 88527015
61249601 61250245
65325970 65326085
43756293 43756699
-80298237 -80297399
-49428178 -49427749
-50906671 -50905793
36713557 36714103
-97395093 -97394380
68458701 68458786
-21455826 -21454954
84355134 84355345
-98871787 -98870818
-59072752 -59072629
8468324 8468899
-80621984 -80621155
84649942 84650212
-1009055 -1008945
-53028644 -53028623
-4659886 -4659729
65192056 65192174
-48635753 -48635447
-96046047 -96045564
27552670 27553093
3350449 3351344
-78929710 -78928796
-23714506 -23714421
-86553403 -86552578
-83762544 -83762409
79185038 79185928
-76090856 -76090666
-92125850 -92125504
28219741 28220339
31870054 31870872
5811372 5812161
-73232049 -73232008
-54869535 -54869007
21952338 21952455
57197821 57198354
-84307334 -84306820
-14324033 -14323745
-66231040 -66230672
43927425 43927767
-40985078 -40984459
-77486836 -77485996
-88347694 -88347455
-11637023 -11636531
16344537 16345515
54291248 54291607
-20286076 -20285504
-66641602 -66641132
-17421697 -17421000
36181776 36181789
7248958 7249453
-16652964 -16652258
30745873 30746694
41858986 41859977
99712302 99712322
-57493961 -57493133
-79430712 -79430110
38055687 38056326
45842836 45843262
-13616728 -13616400
26838191 26838455
-92234610 -92234190
50557902 50558513
16077930 16078637
-29386683 -29385888
-37688076 -37687157
43976563 43977054
78268802 78269507
-81734613 -81734259
-79656131 -79655236
65746701 65746895
-72699858 -72699691
-54317453 -54316806
14526360 14526505
73458201 73458501
-63302896 -63301937
76815180 76815433
-93881073 -93880559
-6701154 -6700778
4256194 4256774
8068807 8069516
-29336910 -29336781
-29837435 -29837324
-56922749 -56921920
91459762 91460707
-45229480 -45228551
-42728091 -42727361
-61328582 -61328268
70152516 70153065
-64619794 -64619474
-16232087 -16231575
-90605723 -90605111
-38342088 -38341308
-71094912 -71094241
32372988 32373823
11174237 11174939
76146679 76147155
59454044 59454818
80403508 80404109
-77044271 -77043541
22184482 22184600
16044633 16045033
22744816 22744929
-63235230 -63234413
76087272 76087582
82420390 82421020
58885877 58886620
6442004 6442040
-46907726 -46907336
67479469 67479477
-55133433 -55132761
2528517 2529217
77833093 77833482
-25610872 -25610611
-25326881 -25326146
25025792 25026660
-50758617 -50758299
-21071589 -21071434
82989462 82989905
7120656 7120978
-67710739 -67710391
34442843 34442855
-64101648 -64100937
-86829516 -86829475
-80781677 -80781170
14347733 14348544
-47627806 -47627159
1908958 1909716
87944531 87944829
-33528388 -33527996
55467381 55467409
1002075 1002156
-37835403 -37834910
32401986 32402041
-8502996 -8502381
-65019291 -65019192
-89442341 -89441925
-33783597 -33783451
-48793628 -48793146
-76983443 -76982891
-45595390 -45595053
85422891 85423399
-87075547 -87075387
-86229674 -86229078
-76751855 -76751479
46017 46761
50191201 50191698
31146345 31146695
67453849 67454125
45193117 45193378
-51916956 -51916651
-81591740 -81590968
17262664 17263378
47759715 47760595
-57456871 -57456768
56066219 56066480
90697949 90698915
-85680064 -85679439
83886335 83886837
-28483273 -28483081
16932279 16932430
-27628535 -27628395
59415489 59416068
-40448309 -40448043
49262165 49262698
63328158 63328407
66013912 66013964
-17458212 -17457541
18561752 18561956
-78575882 -78575208
87176262 87177137
-74350992 -74350683
-89784356 -89783793
14508380 14509323
-26095286 -26094349
79250978 79251366
35177990 35178723
-72665266 -72665104
-82469676 -82468729
43509084 43509783
-23003432 -23002439
54033737 54033917
67995937 67996514
61449759 61450049
31652206 31653144
-18531399 -18531047
-74410359 -74409798
69883804 69884662
-2385728 -2384907
-16888969 -16888831
55309590 55309946
37653584 37654179
-34469411 -34468983
62263124 62263175
-23101625 -23101002
-18387626 -18387428
-2380447 -2379986
78996572 78997339
61021593 61022353
52191070 52191734
56894652 56894982
-71138662 -71137980
94691898 94692832
-79575858 -79574935
17133467 17134253
73227691 73228583
-60501247 -60500308
93150003 93150612
22983840 22984606
42692221 42692804
16642371 16642446
-2945067 -2944193
-71062398 -71062079
24155799 24156562
52048510 52048888
8477543 8477990
-8585369 -8584721
-32242592 -32242161
95895038 95895692
-29130910 -29130421
-42548905 -42548422
73192080 73192201
-45286377 -45285876
-53206260 -53205295
97968724 97969305
-41088 -40218
-40685156 -40684260
6171030 6171894
-55366908 -55366020
-88980399 -88979999
85256988 85257707
26443272 26444130
6638836 6639407
-52894789 -52894429
-28552863 -28552363
-93093184 -93092942
31467663 31467697
-56729999 -56729988
64701939 64702134
-26493706 -26493635
44639987 44640167
-90114885 -90114580
-1875623 -1874733
77774173 77774884
86096737 86097220
-84230807 -84230059
48063442 48064208
65795931 65796148
87491739 87492539
-33869734 -33869367
-57019677 -57019622
-82959931 -82959403
25642869 25643835
21720094 21721030
-85357018 -85356425
-56997299 -56997268
3674822 3675064
63264642 63264779
-26204645 -26204299
-87821781 -87821285
-62536209 -62535379
62053845 62054490
-46845376 -46845009
96920818 96921001
27434448 27435403
43612970 43613118
91352173 91352299
-92295625 -92295450
-24352208 -24352206
86595840 86595930
-34670445 -34670113
-42527584 -42527258
-37025177 -37025146
52725263 52725700
-76332379 -76331517
49145737 49145995
75240812 75241188
-3317350 -3316743
-34171881 -34171347
-55017037 -55016382
-31064867 -31064511
36736038 36736751
39828191 39828643
84864215 84864379
15553180 15553458
6122763 6123155
-12293597 -12292600
97519408 97519463
-41894257 -41893268
42012080 42012930
7897518 7898336
82023866 82024617
76986743 76986799
-83378761 -83378674
61940041 61940992
43246421 43247133
-22051847 -22051388
-44101681 -44100684
-53818416 -53817630
-3831526 -3830623
-43040990 -43040248
-25179535 -25179472
-36543745 -36543557
-14870431 -14870133
-45806000 -45805803
-56204479 -56204227
37326057 37326404
-94237666 -94237609
-65075540 -65075461
-32869664 -32869644
-57729919 -57729400
-120179 -120179
-45772675 -45772248
19653378 19654299
14937954 14938508
-66613738 -66612883
-38193633 -38193000
-37947205 -37947000
66645590 66646017
-60533713 -60532852
-91361361 -91360526
-18674578 -18674062
-51919549 -51919187
80286802 80287060
48196627 48197537
-76065678 -76065338
22454310 22454539
-5641498 -5641244
88112768 88113133
-83387822 -83387642
52661460 52662148
-21896827 -21896185
47721825 47722400
-12368258 -12367932
43273743 43274650
-84464294 -84463553
20976558 20976889
-27839831 -27839682
-88247775 -88247624
-79839210 -79838417
34920524 34920536
42857780 42857989
15132744 15133430
52780360 52781322
-33997145 -33996566
-30523884 -30523456
71195855 71196398
-15214009 -15213648
76462591 76463119
-11851659 -11850675
-64738875 -64738170
66454201 66455146
-80732703 -80731980
-40082653 -40081700
-77789999 -77789860
-12677745 -12677599
66424297 66425294
75184370 75184634
-6623687 -6623473
48777 49662
99640389 99640406
-18468700 -18467860
-91776061 -91775822
77110651 77110896
85878743 85879622
-30165024 -30164701
50923745 50923827
71979998 71980803
-81857887 -81857835
94691854 94692686
55665451 55666175
79757640 79758411
19327240 19327558
-2928817 -2928246
-40768294 -40767547
41895847 41896040
-48046327 -48045928
77672220 77672996
27277961 27278439
36662931 36663898
-73064089 -73063414
-19860824 -19860266
2759513 2760074
-58313237 -58312913
-16875155 -16874671
58029360 58030040
-98224266 -98223713
10768022 10768163
-19443820 -19442992
-38228019 -38228003
-19409516 -19409124
38347939 38347998
3262355 3262799
92629535 92630283
34683115 34683173
-25963449 -25963147
72889228 72889795
-26001643 -26001371
83204505 83204532
-98878171 -98877470
17423845 17424771
-87184334 -87183740
56666165 56666711
32001905 32002425
21185679 21186255
92515356 92516072
-70820475 -70819901
74068912 74069169
68746650 68747504
48544134 48544331
65893151 65893655
33708003 33708081
42965800 42965860
21539707 21539911
-38335771 -38335565
-82185777 -82185548
-86358576 -86358565
-72003982 -72003684
2433659 2434640
-41911353 -41910730
50012089 50012507
-93881931 -93881199
25559444 25559892
29944183 29944642
36250265 36250977
-53776238 -53775786
4461925 4461994
25998452 25998695
-15101484 -15101035
-41832109 -41831962
-47794815 -47794294
-89095331 -89095146
-50306257 -50305357
-16402739 -16402179
55604223 55604531
-17820717 -17820218
92491927 92492045
-64759308 -64759063
96888749 96888772
9253917 9254441
-54100589 -54100131
-96430180 -96429966
-95092575 -95092434
81856791 81857147
93381993 93382904
61476831 61477655
57267031 57267910
-38703287 -38702820
-29682248 -29681703
-59954296 -59953735
-91390752 -91390526
-19359569 -19359497
23324612 23325291
-27686854 -27686688
19474408 19475022
79944338 79945194
90028715 90028726
35528087 35528905
41408105 41408806
75845399 75845929
23616014 23616256
-88260672 -88259791
80020121 80020971
-51596553 -51596543
-2043158 -2042462
-43534933 -43534481
69110352 69110918
-83727699 -83727309
52436068 52436957
-3677173 -3676755
-93296041 -93295117
-29890289 -29889355
27626657 27627640
-19346813 -19345946
29022942 29023807
41809025 41809899
-50974298 -50973958
-19862289 -19861521
-92511167 -92510402
51228476 51229245
46165902 46166651
30911705 30911964
-51125200 -51124754
-60065979 -60065790
90340692 90341241
-92300051 -92299928
85329574 85330034
-86343500 -86342660
-70163659 -70162966
-51318976 -51318577
58058748 58059258
-13524705 -13524095
-28254138 -28253705
-92727658 -92727072
-77387899 -77387859
54013261 54013312
-35255892 -35255064
86415897 86416649
50145568 50145935
-94683357 -94682834
-58556020 -58555543
-38927474 -38927330
95355418 95356416
-64741949 -64741294
-40129685 -40129458
50701746 50702056
-23619179 -23618978
-49641669 -49641002
-4690469 -4689733
66126801 66127724
-1607638 -1607480
95674427 95674600
14240195 14240673
-55567808 -55567381
-54583392 -54582944
98889910 98889991
12874845 12875239
16804926 16805643
-66830801 -66829970
-90564459 -90564009
45439726 45440077
69214281 69214978
81888600 81888814
76331482 76331752
50466607 50467366
-35923023 -35922383
-39914757 -39914305
54549483 54550471
27342827 27343609
36564129 36565027
33235183 33235590
22006751 22007530
-73697173 -73696958
-4171934 -4171620
-8264061 -8263478
42157366 42157714
36641535 36642114
3782318 3783147
99169013 99169541
-35855644 -35854886
-89888966 -89888232
79547876 79548487
-72667399 -72666454
17546027 17546559
88572539 88572920
-89316324 -89315422
47182052 47182381
31404515 31404857
-47525064 -47524871
-83788012 -83787153
-20799181 -20798830
-12178677 -12177885
-12742757 -12741930
-56785725 -56785123
64835220 64835904
-5577114 -5576434
51729321 51729686
41694726 41694954
79252110 79252751
-75137604 -75136923
-3061489 -3061470
63416048 63416391
2792459 2793365
90328591 90328880
-553611 -552695
30294130 30294450
-80180356 -80179368
24490663 24490909
-57470675 -57469950
-99357508 -99357169
-25531699 -25531578
-1564126 -1563369
-53616441 -53615648
-69092559 -69091697
33889750 33890465
81531440 81532369
-78334645 -78333945
68767869 68768661
18152814 18153440
24974564 24975052
-99283308 -99282990
-42834238 -42834081
-15026128 -15025590
77980876 77981164
-77953204 -77952738
32962289 32962496
-6545988 -6545722
61242891 61243178
-10616136 -10616051
-37798934 -37798747
-494488 -493941
-42428082 -42427406
3238473 3239211
-2120879 -2120113
-82585136 -82584167
-37198503 -37198159
-88803927 -88803419
-3199864 -3199425
76841981 76842895
-33655282 -33654785
65302225 65302642
4679054 4679191
-79668015 -79667368
77764797 77765146
-27842141 -27841739
-26288032 -26287529
-40513108 -40512456
88664371 88665206
7037229 7037551
-26078984 -26078634
-67863051 -67862770
67068193 67069029
-94293499 -94292621
51919341 51919508
59755597 59756351
72364082 72364448
-52929128 -52929114
7689246 7689793
-88105236 -88105203
10865189 10866174
19177314 19177671
54938336 54938462
87496977 87497052
38446865 38447657
-21742953 -21742339
43129866 43130338
-93547700 -93546952
-94768495 -94767646
-70177911 -70177068
23516949 23517763
-64004943 -64004478
-90449174 -90448202
-14812931 -14811995
32591671 32591688
-2214366 -2214312
-59739100 -59738527
60804284 60805069
51664135 51664435
-52329682 -52328953
-42834159 -42834076
82201932 82202003
-53907334 -53906471
27683708 27684309
75250008 75250035
-63213452 -63212690
-42361295 -42360839
-8147638 -8147167
-11591448 -11591126
75901433 75901980
-10372423 -10371473
-3800493 -3799708
766552 766576
545286 545850
-50973991 -50973371
68888719 68888738
74301136 74302031
-69788146 -69787792
62537073 62537102
-31540873 -31540132
17370125 17370590
46891290 46891613
31570173 31570263
-38613258 -38612458
-63857540 -63857283
-70578871 -70578482
23539483 23539908
-18972838 -18972353
56550964 56551557
41481061 41481161
86861888 86862014
69178178 69179002
52011834 52012249
50631344 50631873
-84511566 -84511339
22286094 22287042
-14156276 -14156098
58039318 58039807
-5074339 -5073728
-20131098 -20130935
20156295 20157285
-13066681 -13066091
-70163709 -70163010
-3525827 -3525240
18753878 18754269
89005963 89006852
56239462 56239913
-52406329 -52405922
-32816926 -32816214
73148680 73149242
34170342 34170538
38287426 38288301
-44926534 -44926019
-81043935 -81043307
-52344139 -52343527
-31733662 -31733105
-48894841 -48894206
83802750 83803280
31147407 31147941
-18972907 -18972701
-44071595 -44070818
27156921 27157630
-98149347 -98148608
-45557503 -45557133
35333602 35334550
88775637 88775799
-59466812 -59466649
-24654706 -24654140
74776838 74776969
39582065 39582095
36160929 36161765
-26039871 -26039582
-68576505 -68576208
45449305 45449954
-62710762 -62709859
-39278810 -39278798
-40266314 -40265428
81600490 81601480
22424699 22425452
12725142 12725207
-11863839 -11863789
-57583447 -57583246
-86828084 -86827640
-89173415 -89172796
61943566 61944069
43397691 43397806
44982053 44983037
69107070 69107553
37418144 37418963
-64905166 -64904744
78594308 78594570
-52392873 -52392575
-92895175 -92894649
-38766985 -38766953
14257320 14257636
74595524 74595930
34194398 34194439
-13378105 -13377649
60759832 60760284
73274231 73275133
-46904107 -46903903
-95906063 -95905731
-46542692 -46542425
-93860356 -93859410
29653766 29654355
71674750 71675369
61903784 61904256
44908953 44909843
-46917236 -46916836
43211488 43211577
-61167230 -61166862
38503654 38504245
-27143354 -27142875
-4141075 -4141041
-4147709 -4147571
89398974 89399461
16973980 16974620
32740884 32741496
54128073 54128863
-22593632 -22592837
74754409 74755269
-18765814 -18765306
-85880079 -85879288
-10757477 -10756710
-27671211 -27670808
-64327022 -64326265
87699146 87700097
-87144392 -87144218
75778038 75778577
-88801452 -88801113
68547574 68548242
-98790516 -98790218
92407535 92408162
22036339 22036455
-74604478 -74603756
3829936 3830762
-83053539 -83053073
-95022601 -95021681
71618606 71618670
35259752 35260395
-71378164 -71377793
-35875239 -35875120
84142435 84143116
-6609698 -6609677
-82577451 -82576525
-47982521 -47981882
58416706 58417308
-52891422 -52891099
2429797 2430032
-30600102 -30600049
-2652787 -2651968
10229995 10230032
51701591 51702230
47894083 47894374
15444012 15444248
16019772 16020236
-15417291 -15416621
-84795284 -84794400
-80013971 -80013013
-12938641 -12938010
-4894980 -4894331
-75600124 -75599141
-33746878 -33746594
-55878768 -55878344
-31908409 -31908077
96162060 96162217
76035499 76036048
31873473 31873913
119717 120220
77455731 77456151
83490799 83491006
-84073148 -84072783
57391801 57391909
74102490 74103122
-47244558 -47244353
-18729692 -18729244
65227931 65228592
61542836 61543256
-11915140 -11914635
-91690124 -91690041
56013809 56014609
-84747380 -84746667
94015801 94015994
-15948149 -15948144
-67746332 -67745512
92352916 92353094
23033245 23033849
67271528 67272341
3740121 3740372
64352777 64353057
45234220 45234483
47096576 47096614
54418009 54418316
19148784 19149479
-19100181 -19099657
-4131685 -4131051
-32696152 -32695927
-21577259 -21576936
30947076 30947975
44444665 44445609
21043842 21044271
56022195 56022991
69214305 69214765
74835630 74835779
50955212 50955667
-32838366 -32837561
89080818 89080831
36153872 36154353
88324328 88325213
41387655 41388135
38616228 38616352
-52795765 -52795503
-17543924 -17543366
98250965 98251402
31349512 31350221
2275642 2276466
-41120229 -41119424
-74239268 -74238396
-5093839 -5092900
57934485 57935257
-99405597 -99404883
22679842 22680143
74402588 74403188
56576 56619
-477281 -477173
9118850 9119229
24872136 24872890
-85918236 -85917698
-46548493 -46548277
-90491531 -90490622
-31254565 -31254086
-77944823 -77944097
-61677530 -61676955
62248701 62248928
-51260825 -51260815
10865824 10866463
9597475 9597782
-99637123 -99636562
108302 108899
14478089 14478344
57501761 57501825
18061089 18061646
-37915389 -37914471
69288250 69288262
-71301538 -71300558
44858501 44859405
-81839589 -81839346
-44705135 -44704185
95621006 95621276
-64390022 -64389718
-36905890 -36905445
76422989 76423348
-11038256 -11037458
-36954144 -36953906
-49440976 -49440968
99667969 99668826
64819038 64819459
-85937261 -85937231
-17679954 -17679318
-7509483 -7508759
-7765810 -7765770
21149353 21150270
97087794 97087849
31171458 31171507
-86497350 -86496551
-83286995 -83286467
-5340914 -5340806
-4282447 -4282315
-66863862 -66863361
-58256160 -58255750
11337103 11337367
66343017 66343738
-32752002 -32751735
-94665908 -94665089
-9409640 -9408670
-38646880 -38646440
-44737862 -44737697
27153667 27154162
-43809116 -43808444
-38299123 -38298437
17258866 17259238
-27516013 -27516001
-36226900 -36226838
18594016 18594078
-85693144 -85692558
-20337172 -20336572
-40033586 -40033323
-22572530 -22571558
1611601 1612216
-29057614 -29056845
73352668 73353160
32191699 32192230
-56937890 -56937770
-26401601 -26401238
-44280510 -44279563
54403271 54403638
-97850677 -97850591
-11407238 -11406961
13718850 13719796
23430337 23430373
75979537 75980188
28938558 28939274
24367523 24368192
-54840980 -54840785
51294125 51294453
-57294343 -57293708
47470377 47471174
-41657448 -41656726
69403143 69403196
26096254 26096704
1574385 1574590
98748477 98749465
-78041529 -78041338
-56767032 -56766717
-62979142 -62978671
6479610 6480461
-97712079 -97711843
78448818 78449106
-57299089 -57298481
-74401872 -74401765
-90735453 -90734859
-95310541 -95309752
25424480 25425096
3334760 3335314
54703941 54704829
76479972 76480160
89430922 89431049
39059330 39060037
56102791 56103699
80311982 80312602
-45156157 -45156103
54809866 54810279
-1177419 -1177117
54667511 54667577
60046818 60047749
94026162 94026845
-91939809 -91938980
70456131 70457057
-73802693 -73802124
26590885 26591268
-49878904 -49878211
87897726 87898455
22714132 22714255
-36872423 -36871579
-52136936 -52136467
72072385 72073216
-80319116 -80318940
-96396926 -96396601
59798049 59798911
-17158319 -17157769
-57431118 -57430689
38721988 38722583
45954801 45955708
97042061 97043002
-39729979 -39729296
75558381 75558537
-10032132 -10031728
6430848 6431318
-56552075 -56551578
-26695898 -26695404
-83356529 -83356474
-63142866 -63142154
-92112589 -92112318
-34621884 -34621177
-10027031 -10026426
26613113 26614046
80409659 80410345
-61196874 -61196186
4340444 4341317
97938918 97939425
-87688415 -87688002
-65156239 -65155309
-88106667 -88106175
41181176 41182117
-30868875 -30868684
-62452696 -62452143
7357963 7358919
-64583040 -64582192
22458725 22459323
-96868348 -96868015
13308062 13308827
-41926126 -41925909
-64269518 -64269282
-23108966 -23107992
26650924 26651262
-49939575 -49939040
-76888744 -76888664
88110258 88110965
-33170538 -33169876
-78808931 -78808598
17776088 17776605
56864870 56865095
-27681817 -27681252
-26279518 -26279480
-85193741 -85193303
58920672 58920893
-7259780 -7259101
55329801 55330337
45897808 45898253
-9959541 -9958702
43123121 43123810
57866848 57867330
-29924010 -29923035
-90087248 -90086600
-35790564 -35789886
41458536 41458552
43884489 43885290
-70371139 -70370490
-54350446 -54350194
91928338 91928386
54023667 54023819
39751101 39751775
39898649 39898926
22589524 22590126
-70261028 -70260390
80548690 80549546
-8028934 -8028712
42215499 42216385
-84799755 -84799071
-16850932 -16850464
-72269864 -72269526
-88215583 -88215451
77286815 77287526
36612579 36613323
71910764 71911588
-58204259 -58203376
-66865368 -66864424
47584643 47584920
3677553 3678491
-78528293 -78528096
-96581704 -96581507
-28084032 -28083746
34744697 34744925
-11319881 -11319677
41738898 41739750
-95640803 -95640500
66245637 66245879
92422623 92422722
-27926431 -27925941
66636041 66636122
29018618 29019351
92342071 92342175
-55608873 -55608657
-69189675 -69188800
-7541200 -7541130
-59743950 -59743312
-40747832 -40747094
-31477933 -31477657
4610056 4610126
84892800 84892873
30203266 30204072
44156611 44157198
-93941593 -93940737
-57589952 -57589206
-48606792 -48606003
-75115445 -75114949
-49817171 -49816516
-64964700 -64963730
24111873 24112376
-44954204 -44953900
-91432260 -91431288
-2477762 -2477684
20607978 20608931
7005553 7006296
-55807727 -55807678
55145374 55145894
-58162291 -58161506
91865705 91866370
88173288 88174033
59194056 59194519
2516335 2517057
35321736 35322125
76402459 76402685
-53308595 -53308220
94126672 94127160
-64479687 -64478785
-43416456 -43415541
2703695 2704283
58798035 58798549
-41423398 -41422403
-41992376 -41991526
-22727101 -22726101
-27968527 -27968103
8095143 8095195
-12134258 -12133715
-45347199 -45346801
-31805058 -31804607
26654752 26655280
94770304 94770526
77425711 77426332
-44866631 -44866352
3005933 3006328
-50215457 -50214555
27095725 27096334
-3159107 -3158535
3408402 3409283
66273419 66274118
51306101 51306155
75466152 75466984
53252402 53253388
-4882647 -4882340
64091083 64091256
29970998 29971739
37555876 37556569
-75164586 -75164530
33837036 33837747
-24257853 -24257448
-87227520 -87227288
-98861561 -98860751
-75608501 -75608231
-91871983 -91871776
23255921 23256285
-70990013 -70989138
66697098 66697848
-35469031 -35468367
-36941208 -36940446
-355836 -355809
67022402 67023350
-58607129 -58606662
2919311 2919985
31080990 31081523
2505989 2506280
-54728830 -54728525
-31869330 -31868944
85878555 85878642
-99613456 -99613372
17198631 17199131
-46573996 -46573948
71110670 71111485
-77095793 -77095237
69932895 69933696
79351960 79352750
28781990 28782764
-16693569 -16692666
25855824 25856476
-93267324 -93266414
84597537 84597546
-77893204 -77892417
-46588457 -46587510
-37504847 -37504145
13273320 13274113
-82994669 -82994376
-5679063 -5678455
35831280 35831883
-60683231 -60682604
99278322 99279029
-11549276 -11549274
26947675 26947710
-62770352 -62770189
24506134 24506365
-5901497 -5901000
72139684 72140383
-85330534 -85330432
-73871406 -73871185
3946039 3946281
-24455492 -24455288
-77193195 -77193080
17184556 17185336
-42046275 -42045373
-24213797 -24213002
-53584997 -53584087
50450633 50451605
87944558 87944920
51973145 51973736
65357348 65358205
48258222 48258584
42010111 42010492
-40685874 -40685445
-82690909 -82690717
-96332229 -96331823
29613209 29613659
-38213960 -38213373
77589724 77589771
45093969 45094110
-6710623 -6709949
71120596 71121146
-16236673 -16236553
-76738179 -76737976
23056340 23056646
-19699060 -19698934
50762479 50763418
-72347948 -72347546
-68248282 -68248193
-14970693 -14969903
-95141935 -95141767
-67868354 -67867638
50974741 50975261
-80564975 -80564653
65410609 65411350
90204793 90205537
-10667793 -10666932
-16348917 -16347963
-92882195 -92881554
-26283290 -26282638
15296167 15296570
86713594 86713641
-95030991 -95030769
45908281 45908340
74083822 74083872
-33960106 -33959792
95526812 95526864
-25430363 -25430034
-27877344 -27877091
-5978045 -5977159
-94323802 -94323110
-19725936 -19725703
-96925339 -96924458
69324140 69324239
-10236551 -10235925
-58227178 -58226355
-75173305 -75172941
88608544 88609333
-46951028 -46950254
61367047 61367156
61923849 61924665
95757352 95757630
-6992239 -6991743
-32288405 -32288391
-17298466 -17297468
14230707 14230937
-45074347 -45073731
42455383 42455755
4540321 4541079
-2089335 -2088381
28407271 28407735
-88735916 -88735483
-89409430 -89409136
-59548142 -59547537
-52385635 -52385211
-72139759 -72139586
5031964 5032014
-49475907 -49475391
4392656 4393523
-27602585 -27602181
-9233837 -9233169
-54687575 -54686738
25607087 25608018
-50302452 -50301842
40327310 40327952
59152599 59153036
-97325231 -97324446
-90059855 -90059848
92333062 92333103
56705811 56705832
55032174 55032465
-67380946 -67380628
-13227334 -13226423
63964429 63965391
-49113002 -49112913
29122013 29122295
27287365 27287561
59589358 59590217
-53388974 -53388519
-55926040 -55925431
-61672042 -61671484
-90184567 -90183791
-74039742 -74039728
94387249 94388003
-85921689 -85920837
-42699288 -42698871
-41805210 -41804834
27837836 27838685
-74009387 -74008603
65356586 65357081
55933544 55934325
-57230525 -57229821
-51930784 -51930436
10619083 10619314
-39177257 -39176730
23904209 23904614
83332195 83332335
-32387794 -32387621
53864353 53864494
38963708 38964379
-56452883 -56452241
37166648 37166999
-61143298 -61142462
-93391967 -93391344
98490494 98490900
83010273 83010309
76180008 76180612
-17820909 -17820466
62325964 62326180
-67051765 -67050865
-13145978 -13145038
-9377649 -9377027
-31100435 -31100063
-57810329 -57810260
56140903 56141844
-41791297 -41790715
-45772098 -45771822
-85889118 -85888300
-12725911 -12724968
14382484 14383384
7419128 7419447
-23774867 -23774598
64380339 64380815
-2642743 -2642065
-14143411 -14143365
58598708 58598875
-84141193 -84141036
32035022 32035758
-2720393 -2719650
-32965143 -32964322
24151312 24151491
-93386626 -93385799
29738379 29738855
75141127 75141881
-30879854 -30879413
-12981196 -12980710
-14328937 -14328074
63158451 63158666
-24106571 -24105866
-67720910 -67720830
-88134972 -88134318
64262190 64262288
-34181275 -34181178
-36940119 -36939654
-6337501 -6337144
59225584 59226306
96742595 96742902
27486771 27487591
39234651 39234700
-37157739 -37157601
12291261 12291697
-86221999 -86221692
-86529761 -86529032
22321365 22322267
-6621238 -6620326
-13096215 -13095422
-50905304 -50904435
74145225 74145760
-73893344 -73892608
11007315 11008260
-85650917 -85650081
-24379089 -24378243
60696090 60696304
47738305 47738350
12328745 12328951
89035876 89036333
96259930 96260352
92208036 92208987
-30023364 -30022739
53653467 53653674
-46993363 -46992753
-16355514 -16355032
7131161 7131897
-62186537 -62186277
-46616064 -46616038
72156794 72157282
56880712 56880912
62274703 62274839
94593321 94593501
27775875 27776154
-54676008 -54675867
-20600562 -20599864
-32231673 -32230832
-19578874 -19578449
-59619665 -59618703
16735910 16736841
-99033693 -99033170
11314782 11315278
57467710 57468191
74859562 74859566
28539433 28540133
-90564564 -90564432
-64641842 -64641177
-47022209 -47021666
-53802488 -53801930
-21129835 -21128866
-95166278 -95165689
70413025 70413382
6203179 6203533
-66461619 -66460826
94937795 94938670
-41662779 -41661882
86787599 86787842
76964490 76965188
63612802 63613327
-9499534 -9499363
18705300 18706044
26100805 26101799
-76907173 -76906195
-58241361 -58240955
66996265 66996442
-32276481 -32276276
-50928236 -50927755
3042740 3043366
17684747 17684890
-37057499 -37056753
-74894094 -74894008
-16909143 -16908608
69920190 69920703
-1969220 -1968503
-27096819 -27096049
-25399371 -25398599
-49163927 -49163571
-71245190 -71244967
67878157 67878642
78456923 78457241
-10987970 -10987201
18281895 18282441
-68153002 -68152202
80703299 80704037
-45215846 -45215267
97558967 97559843
-95166648 -95165801
1328735 1328849
-1908851 -1908823
-58228220 -58228104
34091718 34092066
-65883531 -65883040
7841285 7841799
90347969 90348229
-91917276 -91916690
-25193894 -25193110
41223593 41224516
-52685295 -52684993
-53006314 -53005440
-76742536 -76742137
4709944 4710487
-942231 -941731
-75546387 -75546054
65300045 65301039
-84558365 -84557801
-61386572 -61385950
-58139287 -58138492
-70526704 -70526693
-322785 -322278
-29783259 -29782629
98119426 98119498
-23628124 -23627227
31988802 31989465
-82395379 -82394603
76912506 76912710
-48756920 -48756380
-78030416 -78030397
59509975 59510757
90334428 90334630
-9396501 -9395683
-76413246 -76412490
-91351629 -91351590
-8354758 -8354455
43837235 43838086
-90592790 -90591937
58898617 58899330
85575784 85575989
93015836 93016794
-84772801 -84771996
68075463 68076297
-21726745 -21725835
27288825 27289793
39847213 39847969
30786762 30787501
29831854 29832202
-29775523 -29774540
-85746624 -85745825
43404075 43404720
41384033 41384605
85946386 85947161
-43783734 -43783389
46267611 46268583
66274181 66274501
-24949329 -24948720
-36230403 -36229846
-97036275 -97035993
-66843937 -66843440
90555581 90556337
24616002 24616579
39092423 39093337
-18964906 -18964663
-57349775 -57348989
20471273 20471969
81351833 81352221
45029497 45030220
-10268804 -10268606
-35682907 -35682709
82187777 82187813
75048708 75048937
-77811940 -77811417
-57340099 -57339443
45578668 45579498
58321881 58321894
94612445 94613403
-37003289 -37003079
-59619129 -59618197
85086706 85087000
-77565395 -77564626
-6451010 -6450831
-96925099 -96924609
94703371 94703955
-79855776 -79855645
-93527606 -93526896
-2972819 -2971822
41033061 41033680
-41997493 -41996910
36510741 36511689
2152713 2153259
6624653 6625100
-2667702 -2667346
75209628 75210304
-11442477 -11441815
-84616725 -84616067
11865008 11865308
54210956 54211565
-26283914 -26283768
33074301 33075221
18878578 18878670
33524867 33525488
58699180 58699975
-40531895 -40531688
-21778401 -21777750
91790172 91790547
-89875106 -89874866
87132536 87132950
87631423 87631713
-30580560 -30579579
-75830546 -75829951
35772446 35773220
-92482431 -92481969
-76836246 -76836196
19850568 19850714
-70278075 -70278005
29770101 29770232
4377349 4377529
77564845 77565324
-51707385 -51707294
48273174 48273593
-82330572 -82330282
-41236021 -41235349
-82974272 -82973946
-71074398 -71073998
89537108 89537744
-15903506 -15903149
52242606 52242828
18318975 18319736
-13110162 -13110062
69541527 69542293
31122267 31123161
68864589 68864863
10186806 10187739
39254115 39254892
-55296320 -55296227
-33093790 -33093219
97444018 97444553
31573098 31573900
17297705 17298043
35746128 35746382
-38738705 -38738415
10366275 10366437
-1092720 -1092045
-44546779 -44546635
89266160 89266296
82423257 82423880
-90918596 -90917793
-26937195 -26936854
-19037743 -19037109
61290317 61290518
-99315580 -99314696
-32213956 -32213474
-57719659 -57718992
-68450856 -68450743
-26770438 -26770276
-32826316 -32825723
-24802161 -24801373
-97121833 -97121559
-97042701 -97042042
39264895 39265052
81374991 81375075
82573042 82573189
51464547 51465121
-52548188 -52547931
57613302 57613465
2045236 2045473
23473604 23473913
-77412220 -77412172
-10867745 -10867423
13768538 13768931
-94222884 -94222119
-87166397 -87165698
97123347 97123903
-38070541 -38069853
-56121227 -56120685
-82409177 -82408673
-87295511 -87294575
-85023235 -85022888
-89580912 -89580300
58433759 58434169
-3494238 -3494070
-55720748 -55720569
56115361 56116086
-95945143 -95944607
27044329 27044538
57927110 57927588
-84916849 -84916774
-20622422 -20622145
-36028495 -36028041
-17007620 -17007103
-81828115 -81827322
-22688869 -22688806
37262863 37263616
-4511755 -4511068
26250583 26250705
34358664 34359505
24314445 24314977
36074215 36075096
43456711 43456903
65986563 65987022
-97863970 -97863811
-65137078 -65136504
66043133 66043522
11840817 11841472
-37785447 -37785044
77159982 77160391
-11176334 -11175936
-86553652 -86553615
-11937358 -11936820
-10532501 -10531846
86941170 86941981
-79290684 -79290298
66646673 66647650
-75325600 -75324616
39716862 39716907
-10597279 -10596976
42547742 42548149
99317375 99318075
43072509 43072564
18953463 18953763
40481522 40481726
-2572581 -2571727
33054294 33055232
-96731771 -96731608
-20933253 -20933147
-14764211 -14763716
73600635 73600651
-80234842 -80234116
31370407 31370604
99413250 99413843
-57243516 -57243399
75129133 75130018
-69744510 -69743932
-20422853 -20422449
-57683820 -57682897
64591107 64591677
-20891306 -20890674
-24010081 -24009529
-80947476 -80947109
42988958 42989808
35539967 35540038
94565445 94566030
-17344891 -17344302
64656347 64657276
-9143252 -9142856
-69526284 -69525898
37447105 37447846
-46887551 -46887465
41516407 41517296
-31534421 -31533763
-99295090 -99295083
-13649955 -13649541
-57553561 -57553051
-77863310 -77862757
-44489601 -44488919
-65272832 -65272695
-36305955 -36305592
-12273310 -12272964
-63003768 -63002776
15146975 15147237
-84215134 -84214847
-91875149 -91874990
46805414 46806126
-39415260 -39414774
93973457 93973745
47241849 47242819
43835290 43835935
-76665050 -76664156
-34683749 -34683458
14815369 14815621
8924616 8925191
80409067 80409122
-51891691 -51891040
-37347886 -37347113
23598547 23598771
-79777369 -79776997
-69228844 -69228081
-2952255 -2951571
80590802 80591032
26986832 26987538
3144458 3144829
28421618 28422125
-55669664 -55669387
45515985 45516916
64750616 64750711
16909321 16910058
33400971 33401261
51507747 51508426
-99867223 -99866349
-80682595 -80681855
-99536956 -99536154
-37121717 -37120887
-16811264 -16810298
48908828 48909715
97274733 97275477
54089799 54090008
-74308939 -74308121
-37939869 -37939777
74909449 74909726
44416702 44417525
40430804 40431391
84029144 84029384
-24193682 -24193098
-11915657 -11915288
38449852 38450170
49115569 49116153
-45007569 -45007411
-11619495 -11619084
-28027720 -28027477
-25558195 -25557549
-65963547 -65963538
-18643009 -18642556
-55111821 -55111422
-67833174 -67832568
-1726214 -1725235
-27155445 -27154922
-20608056 -20607582
-8286053 -8285464
-51214288 -51213414
-58952866 -58952475
76688176 76688420
-27433464 -27433014
-82538719 -82538369
46930570 46930600
98889799 98890563
-89516522 -89516317
-29344610 -29343997
-97443598 -97443378
44588701 44588780
31986348 31987076
82736114 82736262
-72151902 -72151853
61264799 61265391
-3408054 -3407982
-41657728 -41657015
25284687 25285590
-74876097 -74875713
27383176 27383328
85844954 85844990
-94844731 -94843985
-79719825 -79718894
-1838353 -1837456
93908932 93909311
-59958424 -59957531
15303867 15304450
27090592 27090679
34326652 34327254
69063508 69064270
-9716666 -9716191
-2345756 -2345175
735658 736502
-2145213 -2144273
-11522297 -11521838
30480543 30481010
13612610 13612969
-5470628 -5470154
-80548699 -80547744
4353944 4354077
-81537621 -81536671
15384907 15384993
61200191 61200722
-51556566 -51555859
-67552949 -67552787
36578186 36578867
70894506 70895415
9377096 9377692
-44344279 -44343331
-80654869 -80654612
73058431 73059375
3605878 3606771
-90827346 -90826451
-71789991 -71789106
61915142 61915409
21689379 21689878
-67266511 -67266040
21887227 21887737
-25864596 -25864350
-38294541 -38293604
-6641109 -6640707
-82764267 -82763525
-63255438 -63254590
17506200 17506260
-62879379 -62879280
26113299 26113866
-50127771 -50127420
-53535688 -53535579
-63541830 -63541297
-44068714 -44067722
22124910 22125823
-48250502 -48250073
-56756263 -56755568
-41885854 -41885580
37654715 37654824
10274356 10274941
-99993311 -99992920
-12581617 -12581592
807882 808739
-10987375 -10987088
-50170240 -50170036
-27003917 -27003904
-57909786 -57909060
-49492337 -49492031
-44356324 -44356040
-92142846 -92142801
22849844 22850466
97691218 97691293
40324578 40325111
60925717 60926132
69132585 69133118
95426147 95427076
71281098 71281644
-76068822 -76068661
-27351935 -27351113
18064319 18064730
-54254870 -54254267
-29972930 -29972437
-96993898 -96993362
-39162260 -39161678
34200605 34200887
-96630280 -96629819
92988132 92988917
22453300 22454206
-77624077 -77623911
38894581 38894957
-63009682 -63009364
32187652 32188546
53442502 53442790
88891925 88892168
48071113 48071703
-44375759 -44375224
-11103119 -11102784
-4365184 -4364696
-69655220 -69654388
54824865 54825255
68101809 68102507
55197219 55197963
6375625 6376415
34879535 34879786
-25529761 -25529082
78302719 78303579
13236824 13237077
-30566186 -30566141
-49369916 -49369380
63845926 63846317
-71372784 -71371983
45081591 45082485
-99365811 -99365131
92915073 92915873
44654426 44654902
38824253 38825025
59567790 59568137
-21092247 -21091767
20022871 20023484
94242844 94243124
-48840913 -48840562
21130724 21131476
-52234063 -52233561
-71919044 -71918299
-8713386 -8712512
-99138173 -99137606
64722111 64722837
-57870244 -57869836
-76119301 -76119114
50240369 50241226
37432412 37433096
79124625 79125448
27019412 27020409
9936646 9936703
55941842 55942095
-64707954 -64707763
-87556043 -87555053
-47344787 -47344056
29762317 29763254
-18745426 -18744459
36650578 36650787
24279469 24279721
-91059629 -91059540
-60050407 -60050231
-957483 -957251
39550941 39551144
-64058938 -64058458
21799410 21799751
-55848828 -55848296
-7789594 -7789330
-51542698 -51542277
-984137 -983942
-1656364 -1655550
35468536 35469503
-28587985 -28587405
-23682178 -23682121
63477924 63478553
-52600296 -52599861
-55515870 -55515618
-13723948 -13723326
-89917850 -89917671
69683885 69684879
-70497874 -70497707
2259376 2259725
-97622439 -97622218
89823191 89823278
-67880005 -67879915
38359902 38360599
32238644 32239583
75389087 75389298
-12293873 -12293006
-2131097 -2130214
33538898 33539045
44826293 44826439
-35795109 -35794403
26132936 26133397
49535079 49535802
17484845 17485226
54365660 54366540
45159564 45159672
-88791502 -88791122
67443671 67444024
-14074895 -14074545
-62075420 -62074497
97660137 97660586
-72464027 -72463521
20246250 20246548
-20350490 -20350376
-25896902 -25896653
39431343 39432341
-33315101 -33314515
21064380 21064393
-41488306 -41487426
39821414 39821749
-47526918 -47526035
63821917 63822037
-55636590 -55636451
64019291 64019415
-1768379 -1767867
-7916941 -7916384
-51212436 -51212326
27107880 27107998
45946543 45947172
-25410195 -25410085
-22875032 -22874737
-21565909 -21565453
60352921 60353269
-80597362 -80596975
62961526 62962084
-81144166 -81143303
26975087 26975351
86124982 86125541
-63952418 -63951574
-79368258 -79367523
-3819414 -3818723
69697270 69697472
58479951 58480555
-39439682 -39438926
-23247115 -23247011
-33731421 -33731183
5294747 5294980
-92705808 -92705234
-49999143 -49998238
-77031537 -77031021
-77720907 -77720812
-30708835 -30708502
36389776 36390685
63807500 63808362
-34611127 -34610744
13712129 13712698
-57988350 -57987368
47094336 47095057
-72213048 -72212376
-81294788 -81294043
-33810295 -33809864
-91598506 -91598397
-72245219 -72244605
17121912 17122156
-251496 -250892
68262012 68262521
-21255592 -21255206
-80637189 -80636404
-52653333 -52652412
-70648708 -70648122
-42476166 -42475972
32926224 32927079
-83985779 -83985347
17163795 17164791
58770694 58770925
63711228 63711681
-55344731 -55344344
90161789 90162550
-46208148 -46207570
46439150 46439177
34505537 34506070
-93747865 -93747681
61235967 61236325
-20139353 -20138586
76452085 76452153
91553688 91553986
73658154 73658630
19066963 19067632
-88617393 -88616580
-47030217 -47029603
41302364 41302704
-8325016 -8324068
93391090 93391410
7404057 7404365
20565254 20565788
5260384 5260965
-91535464 -91534908
-3449150 -3448201
55463448 55464262
-87202954 -87202129
-95133474 -95132910
-8809177 -8808463
48042995 48043114
42476815 42477407
-14318629 -14317678
5440747 5441556
22631745 22632066
22905543 22906420
-46022209 -46021219
13730140 13730251
7989989 7990273
8260948 8261328
69147282 69147347
10531742 10532079
-47013830 -47013247
-68500438 -68499655
-72145181 -72144569
93465219 93465469
-77744258 -77743435
4341860 4342258
-41792225 -41791952
-96512937 -96512842
10859350 10859785
20055364 20055406
-96286776 -96286259
-11575559 -11574808
-56923870 -56923392
-14230079 -14229386
99081812 99082043
-201649 -200842
6193553 6193815
-13487065 -13486214
83939922 83940133
94530315 94531056
11194381 11194573
-84996577 -84996066
50136786 50137105
-83319913 -83319757
-94656619 -94656064
38017638 38018608
70728733 70728967
-22854951 -22854183
98853399 98853823
80073864 80073941
27522252 27522477
65642727 65643454
17267191 17267847
-99192609 -99192505
94214892 94215226
-49253223 -49252383
-70187193 -70186945
97328616 97328745
20117716 20117736
-76887464 -76887360
48535793 48536368
-45750384 -45749514
-9899976 -9899932
-96685211 -96684589
25830149 25830595
98897854 98897949
55334471 55335034
-66153084 -66152867
-59123800 -59123531
-80815818 -80815438
4893742 4894254
-99974548 -99974059
30571315 30571537
-8705695 -8705440
-44583788 -44583760
-80465538 -80464667
-20133094 -20132619
27198469 27199393
49532782 49533203
-50122 -49532
50208769 50209118
52998254 52998449
-27278589 -27278540
-29971482 -29970613
80176652 80176702
-38181953 -38181093
-64720131 -64719837
-94813456 -94812669
87035863 87036586
-97459185 -97458362
38697124 38697327
80924826 80925070
80883149 80883958
80738715 80738811
-62704326 -62703747
-52329617 -52329047
54002249 54002890
-84709664 -84709235
-5934567 -5933614
9045946 9046542
85864088 85864549
-88234807 -88234158
28559717 28560313
-87196990 -87196559
27213781 27214083
52262235 52262475
-27500681 -27500412
72718857 72719048
-92663610 -92662729
-73422591 -73422534
-89027261 -89026828
25362273 25362491
-11302217 -11302173
-40359366 -40358995
-36288568 -36287568
76233598 76233621
26545545 26546071
-11128194 -11127536
77935179 77936029
-43546551 -43545932
-66341107 -66340968
-308061 -307098
-48482554 -48481712
-28591685 -28591662
44162010 44162676
-12022643 -12022251
79332156 79332409
83948071 83948511
19068052 19068546
6456338 6457078
-13878965 -13878120
75348208 75348359
-26628296 -26628015
96419672 96419987
9966104 9966772
-1651292 -1650670
-84856292 -84855523
-52108637 -52108350
-40166937 -40166223
23739704 23740339
-1113898 -1113287
16861206 16862174
-60089647 -60088782
-1984793 -1984763
13390607 13391346
-38086020 -38085112
-24178304 -24177808
22494692 22494732
1470220 1470722
92566663 92567479
41848967 41849206
-29038215 -29037734
-53954888 -53954825
-91340222 -91339529
54538727 54539446
55559439 55560417
8771994 8772949
56184526 56185456
10195642 10196311
-40953834 -40953778
23738028 23738717
71421383 71421855
-47067074 -47066807
-61209585 -61209540
-233101 -232831
79943522 79943855
-44372219 -44371754
72337453 72338344
-36031193 -36030632
-8767115 -8766893
-92112693 -92112531
33672633 33673143
83381305 83382084
-59978406 -59978355
-9899805 -9899460
-97765524 -97764982
-12701667 -12700737
-48026117 -48025873
-68794922 -68794867
70631145 70631650
-112196 -111426
-42798986 -42798682
-14592394 -14591889
21249676 21250011
-68682159 -68682034
-4141295 -4141041
6743939 6744217
58865449 58866267
27215788 27216281
-40180718 -40180647
-10781255 -10780604
5350071 5350547
15697638 15698299
75999388 75999784
-10971250 -10970293
-99462912 -99462551
-33057755 -33056811
86794737 86794811
-53492252 -53491493
16473816 16473906
-71630980 -71630973
87554863 87555205
13516882 13516990
-90880775 -90880377
57106244 57106798
80024836 80025488
-8487065 -8486211
-35734696 -35734110
-33271663 -33271150
-59577825 -59577664
10418559 10418866
52192215 52192647
17820170 17821127
-71362821 -71361950
58386204 58386590
53966475 53967248
56811221 56811309
38758903 38759219
-39251716 -39251646
-18270247 -18269254
23761350 23761686
-33635439 -33635156
19468325 19468719
-97932303 -97931726
84746356 84747060
10816849 10817355
-34637549 -34637128
-33365381 -33364544
-25438921 -25438732
25664070 25664228
18080931 18081281
8177823 8178198
-96858884 -96857967
-51743035 -51742750
55285905 55286720
30064480 30064871
37117051 37117947
62678351 62678815
-52286859 -52286283
-83941964 -83941318
22164783 22165259
-83096529 -83095781
88740225 88740465
17282608 17282747
-96166955 -96166211
-34601330 -34601279
-91896972 -91896815
-89311238 -89310594
-41843979 -41843128
38721819 38722114
-71337507 -71337370
64994764 64995516
-74947651 -74947171
-90270846 -90270790
82466123 82466942
29264729 29265048
67043407 67044104
52687568 52687761
-49384107 -49383194
16403913 16404773
56865442 56865704
-46576175 -46575641
-43504343 -43504021
-81923789 -81923736
90133217 90134176
32777212 32777707
3363260 3363899
-82048891 -82048131
37349064 37349160
56189119 56189366
12654447 12655348
-49093107 -49092944
96977208 96977265
-7137430 -7137114
-85005250 -85004589
11075829 11076701
-27606867 -27605935
30035072 30035945
39903610 39904481
-13360637 -13359958
47573140 47573280
90604990 90605422
28980246 28980591
23318933 23319530
72109341 72110106
64450518 64451244
11436799 11437566
-419291 -419019
-88362846 -88362644
-19592658 -19592440
-37718701 -37718626
-54849019 -54848949
3091915 3092572
-92792460 -92791912
84545983 84546358
31609239 31609350
14414785 14415763
66962034 66962610
-15760646 -15759838
-89915260 -89914752
-14731937 -14731482
2846531 2847333
98605926 98606661
68164542 68165453
46248672 46249075
-16570263 -16569759
-38536023 -38535644
-47478454 -47477771
-2061263 -2060367
11031121 11031970
31959520 31960518
15722577 15723118
14224589 14225369
82620559 82620844
-30344410 -30343857
84409800 84410765
25133363 25133416
92877418 92877639
-33238385 -33237415
-70636514 -70636001
4559109 4559812
-40140371 -40139879
-98120275 -98119365
49128933 49129659
-37438396 -37437689
-36448163 -36447865
-99948486 -99948122
-1708031 -1707697
18144139 18144467
-52648020 -52647193
13109838 13110480
27377029 27377051
19553297 19553415
97241801 97241975
-69615490 -69614572
88359810 88360769
99106855 99106948
69871387 69871691
15552620 15552628
5126425 5126527
-46649404 -46648740
-3722068 -3721161
8319270 8319916
-548655 -548428
79369038 79369873
-755141 -755099
-20118838 -20118733
14127639 14127848
-6120631 -6120619
-82295308 -82294308
-74555811 -74554961
17499273 17499543
-9235460 -9235220
-36395171 -36394508
87654188 87654248
64424153 64424479
-28341263 -28340747
-55859602 -55859386
79012606 79013276
77202651 77202877
95459234 95460090
-43135717 -43135654
-20676675 -20676086
-39096154 -39095217
-87677498 -87676603
-54911831 -54911306
20648979 20649199
87859548 87860009
-72172025 -72171293
22606587 22607262
-25856634 -25856190
36486207 36486309
4218979 4219958
40561644 40561821
-18611440 -18610610
-67522912 -67522351
-6681685 -6680968
90954998 90955253
-23608184 -23607854
-17517199 -17517137
6079239 6079638
-73732919 -73732458
72854240 72854555
-41803117 -41803062
96643054 96643111
66115297 66115495
20049047 20049776
65340047 65340629
-62085609 -62085341
-27741691 -27741649
-61199710 -61198828
6535229 6535615
87823440 87824093
-30856121 -30855424
18778891 18778919
-9414780 -9414101
-9117222 -9116356
-63805384 -63804458
-20768294 -20767790
58797207 58797837
23363888 23363904
-1718701 -1718431
-33851580 -33850811
-62142273 -62141974
23021106 23022106
54785137 54786118
-41679675 -41679314
94339819 94340093
-57729612 -57729468
-83745049 -83744521
-15615628 -15615625
61572518 61573428
-51347192 -51346972
-43728423 -43727738
89115155 89115907
23476591 23476628
51189047 51189648
27257906 27258436
-26685533 -26684917
48595492 48595576
-5017044 -5016075
24631780 24631979
54830113 54830164
-22436314 -22436308
42776597 42776879
-3029123 -3029071
-99461355 -99461249
-58138569 -58137707
-73933048 -73932530
-17735426 -17735256
-98676447 -98676042
-2420102 -2419544
-617188 -616238
19749177 19750075
40209328 40209676
13739281 13740264
-27963846 -27963085
-69884942 -69884573
-32502750 -32502657
96045494 96046413
76966917 76967618
15361342 15362083
-78490474 -78489968
91924442 91924603
-60968800 -60967951
72784333 72784694
-35851947 -35851770
91836050 91836439
-12633999 -12633709
-53885764 -53885589
-76517261 -76516765
86453314 86453771
-86038384 -86037424
15235362 15235371
82570370 82570810
3702366 3702550
40014852 40015375
-29868506 -29868194
45811808 45812431
53632257 53632642
-81165872 -81165189
-62406366 -62406050
-41467657 -41467032
28560158 28560646
7460123 7461098
61609669 61610667
-89620306 -89620228
61648409 61649301
-39240950 -39240221
515357 515585
-54245673 -54245325
-94574433 -94573529
-55956240 -55955895
25094069 25094677
-14270414 -14270098
82121575 82121594
40975818 40976003
74686912 74687906
24122686 24122955
-72092297 -72091593
91395826 91395890
58982615 58983295
43650827 43651108
-47302650 -47301915
-244927 -244829
92550545 92550790
88980551 88981124
-43368763 -43368513
49965965 49966059
51660349 51660987
72101110 72101329
80909195 80910007
61308899 61309382
55941883 55942406
4080966 4081223
-74465453 -74465401
-15941941 -15941611
1488458 1488866
-66645380 -66645327
-15910001 -15909858
-57150587 -57150197
17494228 17494743
86768710 86769560
60777243 60777642
-64846197 -64845253
-93435852 -93435418
-36817829 -36817600
78764163 78764482
2916956 2917627
-50588188 -50588125
75234385 75234978
91658465 91658934
76181701 76182601
85677264 85677977
82964448 82964499
9100569 9100795
97379925 97380272
4205679 4206394
-67234916 -67234731
917824 918708
-3549458 -3549011
13433582 13434449
-56491186 -56490481
-76548740 -76548619
-34605622 -34604736
-4752020 -4751226
-41084562 -41084412
-91206448 -91205871
8448789 8448973
57568136 57568366
-97314906 -97314606
-49110018 -49109438
-97099498 -97098995
-32653397 -32652682
-84276986 -84276880
-74622616 -74621725
75107979 75108226
29602403 29602558
18585971 18586376
-58091217 -58090927
-22824696 -22824436
97358442 97358996
-60463318 -60462793
-49180774 -49180774
58754299 58754883
-61183197 -61182946
-10136820 -10136031
81898887 81899871
-2627235 -2626322
-40808541 -40808084
33734975 33735479
-18994349 -18993668
23838738 23838971
29777375 29778117
16204747 16205470
-71954347 -71954344
-22718590 -22717719
-22848764 -22848449
-25571131 -25570727
-2497799 -2497214
-75958343 -75957435
-47264620 -47264293
84452468 84453357
78894507 78894703
28462822 28463212
28158627 28159310
63026921 63027135
63978815 63979060
85673927 85674147
-90803089 -90803061
48785192 48785533
-10621755 -10621019
-49165584 -49165026
-66129313 -66128572
-21294402 -21293927
50733021 50733734
-96660309 -96659391
-75143495 -75142709
17598486 17599469
18617545 18617922
73501679 73501876
32423937 32423960
19974300 19974918
-57783614 -57783018
45894987 45895952
-5836567 -5835610
-32601342 -32600918
-57361114 -57360817
-83884178 -83883833
-85928496 -85928087
74682118 74682333
-36245525 -36245167
91176820 91176913
98194406 98194731
-91705780 -91705121
38101822 38102624
18613238 18613901
-72561067 -72561015
-87824004 -87823671
-1494126 -1493940
70573636 70573905
12270268 12270398
88027359 88027515
17677360 17677416
28344247 28344923
53707081 53707173
-61844311 -61844041
-78921256 -78921118
14909231 14909833
-61355510 -61355227
40060853 40061539
31136672 31137407
-78784389 -78784260
93282063 93282910
-88598349 -88597968
82981188 82981534
27354037 27354113
-77180575 -77180267
87072619 87073384
-37006965 -37006687
7709344 7710248
-97885956 -97885242
-7961768 -7961150
62007744 62007947
-40840763 -40840491
-58535790 -58535323
83823994 83824768
-62454962 -62454290
71706426 71706771
24289453 24290416
-26673379 -26672956
52508393 52509203
13010219 13010774
-22170896 -22170328
91159748 91159887
-65009907 -65009230
-14578784 -14578647
-52604396 -52604132
-36226512 -36225601
-44942427 -44941891
-10239474 -10239064
-93340843 -93340078
13972474 13972655
-68220680 -68220546
-307789 -307294
61233938 61234282
80044993 80045335
18723735 18724443
10904509 10904612
14450828 14451171
-33089150 -33088842
-23917796 -23916839
18343672 18344522
-6862026 -6861743
66664369 66664682
21195177 21195829
6330557 6330595
89029148 89029287
53314365 53314946
56232358 56233095
-61046202 -61045225
-6408795 -6408402
-16897351 -16896795
-95907387 -95907256
-82378424 -82377600
59528072 59529008
26163676 26164177
-51239646 -51239344
-77906318 -77905636
-68456413 -68455545
-68298738 -68298351
29368843 29368905
-41022736 -41022264
-6956122 -6955981
-50710632 -50710231
23316471 23316636
65599265 65599467
72799464 72799515
46234265 46234953
85231149 85231710
-32695220 -32694432
-9962352 -9962111
80951120 80951494
-96689211 -96688928
95704304 95704335
-66567678 -66567370
91521263 91521872
98088005 98088790
86833643 86834191
25055788 25055909
-35809344 -35808732
79945790 79946121
-79633539 -79633111
74250390 74251296
39780218 39780720
4820122 4820853
-19652148 -19652092
75138189 75138386
-87729195 -87728957
58518460 58519053
49766741 49767016
61227557 61228333
-47764790 -47763989
-93558391 -93557782
87179668 87180502
48234687 48235227
99469501 99470013
21664063 21664463
-88436399 -88436304
26016853 26017203
76294198 76294267
97199906 97200812
-62453189 -62453108
98924419 98925027
24593042 24593441
-63262924 -63262315
88542521 88543217
-90195779 -90194892
-46910626 -46909984
-14147948 -14147343
37966989 37967237
94994182 94995152
-22413227 -22412392
34183903 34184386
-32474630 -32474382
-28495525 -28494845
50597980 50598821
14101413 14102113
81941112 81941616
79035535 79035831
-24417003 -24416625
9810004 9810358
22176198 22177080
66950124 66950667
-90802345 -90801447
34040512 34040519
95742530 95742958
99225105 99225174
90624133 90624913
-41690067 -41689761
39247196 39248032
96502423 96503330
74915640 74916303
72786003 72786569
-3162845 -3162302
-41416759 -41416301
-56863020 -56862469
74063138 74063458
80314601 80315419
-46150572 -46150401
-44412530 -44412138
-32303482 -32302783
24400499 24401253
-29521259 -29520413
95779496 95779650
-86316974 -86316682
-69565979 -69565733
-46846439 -46845521
12444646 12445417
-34243922 -34243073
18770137 18770402
-15715602 -15714842
-72455463 -72454792
-97723351 -97722672
7849011 7849990
-4844118 -4843742
96049198 96049947
4015139 4016023
-22372823 -22372801
58403123 58403926
-24954824 -24954430
81893811 81894566
-96556938 -96556439
-70656169 -70655195
38277339 38277914
-90642857 -90642017
-45046436 -45046293
-3025654 -3025433
-90795195 -90794460
-28037897 -28037851
-69419087 -69418246
-38856023 -38855571
-21170301 -21169352
-67376201 -67375918
25643107 25644036
-19204260 -19204111
83472047 83472332
24629377 24629492
-13346447 -13346310
53513525 53513983
-16058666 -16057975
56218184 56219082
-25281617 -25281492
-93319915 -93318989
38305024 38305779
-67800323 -67800314
-93540013 -93539918
90160768 90160958
54408105 54408223
65843438 65844094
58312041 58312720
-91512971 -91512627
-43241019 -43240470
40876482 40876870
11036299 11036330
9696016 9696653
81308725 81308875
-30148708 -30148355
-49895436 -49894782
-93205127 -93204451
195503 195925
-27666232 -27666173
-41291359 -41291353
60696165 60697110
7321322 7321971
41265729 41266264
13011544 13012364
-57780397 -57780145
52865058 52865876
-20508123 -20507978
33980214 33980215
87233188 87233380
86158609 86158708
-99136451 -99136193
71722733 71723395
-3626703 -3625790
-95171940 -95171411
-28331109 -28331101
2223316 2223392
75300705 75300836
62893500 62894202
-29825234 -29824506
-21783588 -21782757
-75273094 -75272310
22353202 22353853
-69280090 -69279416
-94469135 -94468292
26996995 26997834
-16438133 -16438107
90954935 90955447
-71802740 -71802057
51408885 51409165
52848692 52849327
5528746 5529309
81081407 81082397
-30151121 -30150937
-90542004 -90541340
-73948694 -73947881
-17421781 -17421384
-74408667 -74408425
26448258 26448984
-10397635 -10397275
91200066 91200545
-82464829 -82464407
45905903 45905984
83150555 83151079
-38560225 -38559386
40371809 40371917
-70552212 -70551241
22505827 22506401
62806718 62806795
37114764 37115732
94876263 94877185
62725419 62726022
4871918 4872274
-38678181 -38677281
-79419337 -79418962
38479746 38480549
-9352288 -9351588
78682802 78683586
57822974 57823809
3433577 3433909
62810969 62811401
51457086 51457819
75069155 75069198
-22431500 -22431411
-79827537 -79827479
19013121 19013689
73000194 73000275
37965766 37966664
69721441 69721696
-41415871 -41415638
-32928937 -32928650
31844896 31845299
-82499085 -82498641
78888130 78889119
78847067 78847811
59136615 59137571
91833247 91834039
2873469 2873718
-8413300 -8412315
-4376543 -4375917
-55220490 -55219970
91007880 91008222
-88467750 -88467580
87954284 87954332
54343481 54344324
18062326 18062398
77793235 77794032
58780931 58781094
-25218864 -25218188
-42293171 -42292980
7449149 7449741
-79596342 -79595500
-19114704 -19114496
82175145 82175783
-9945599 -9945358
60420896 60421422
-20976664 -20976306
40780884 40781214
60426914 60427482
-86264455 -86263705
-29600296 -29600055
23645870 23646197
-29864141 -29864016
81695332 81695938
75719550 75720403
84276408 84277114
14471541 14472462
-18770434 -18769672
78281783 78282644
64988164 64988181
-43299998 -43299967
-56454232 -56453364
91670420 91670778
-7214909 -7213979
-44697142 -44697076
99113262 99113289
-37510344 -37509805
35695066 35695546
-9482689 -9482292
-99302820 -99301946
21327347 21327719
-93738176 -93737301
-20036905 -20036835
28627927 28628036
-71606171 -71605185
8686610 8687403
88414652 88414808
-38991904 -38991701
-75285438 -75284466
89976158 89976790
61728872 61729307
-53758135 -53757317
9502800 9502879
36833710 36834111
71846299 71846741
-92042505 -92042494
-75982129 -75981429
-70763317 -70762847
71179401 71179801
78062107 78063029
49470826 49470980
50583785 50584365
-462618 -461751
71953138 71953682
60587342 60587840
-6324375 -6323896
-56399493 -56399419
-1066675 -1066389
22451803 22452672
-84483075 -84482601
4228390 4228674
-93137755 -93137226
67680341 67680795
49077994 49078857
59816406 59817035
-96806637 -96806438
23124186 23124724
11805464 11805866
45969404 45969706
-45800491 -45800349
8130961 8131829
3478584 3478875
-10889766 -10889355
-94418173 -94417732
-37338730 -37338189
-10308004 -10307392
7011715 7011811
-6346512 -6346301
-48087160 -48086803
49002403 49003013
-65998737 -65997833
-83484938 -83484652
86524984 86525445
-26241400 -26240973
-88139639 -88138851
-24820079 -24819390
-53534866 -53534764
13859368 13859690
-14703917 -14703832
-44123737 -44123365
-91552765 -91552246
54541685 54541987
-85329578 -85328946
25560316 25561277
33875621 33875995
89641678 89641994
-11214 -10238
60050445 60050724
-49283303 -49282412
-65692191 -65691507
46161650 46161811
79057643 79058046
-4963783 -4963038
-13974188 -13974180
-36830430 -36830430
11578671 11579439
53522784 53523226
72707190 72707260
-29489720 -29489653
-39166931 -39166225
18222225 18223191
97480867 97481679
36596100 36597057
54308911 54308975
-68945651 -68945490
34409344 34410230
58333286 58333942
-88051453 -88050571
-53967637 -53967477
41317924 41317967
-99056700 -99055796
205284 205652
-48682867 -48682026
-47875159 -47874870
26982493 26982681
2009501 2010340
90584924 90585828
45281751 45282458
11157196 11157865
44233139 44233755
69192651 69193072
52126188 52126928
93915178 93915211
-48350582 -48349654
-3622056 -3621492
85668577 85669397
77892465 77892665
-27386510 -27385801
87290689 87290946
-16440433 -16439918
88030156 88030922
18649297 18649711
49202383 49203017
91311718 91312410
-4070996 -4070630
90600870 90601333
89046660 89046840
-74693917 -74693203
-2892830 -2892448
36174273 36174610
12571976 12572795
68999183 68999745
-58258300 -58258232
-80085527 -80084781
4631329 4631494
-56246106 -56245196
71891315 71891618
-28464153 -28463377
-6067346 -6066940
72359994 72360436
-19769576 -19768697
85108113 85108915
-57272318 -57271505
44765496 44766055
34847815 34848034
-21944165 -21943881
-79683369 -79683028
23378218 23378415
75279231 75279570
-27412845 -27412459
-87781612 -87780712
-10524233 -10523801
-71106456 -71105726
27116375 27116375
93801245 93801460
25527097 25527899
-41549334 -41548614
-99585835 -99585267
18875384 18875630
9362922 9363376
82866677 82866921
-21593762 -21593308
-13333336 -13333220
-62316588 -62316301
-84846826 -84845973
-18888332 -18887755
-69976278 -69975350
-8472386 -8471540
-99048307 -99048304
-88908060 -88907945
24005095 24006076
2361915 2362309
2461552 2461714
75029183 75029711
6926207 6926336
89837212 89837688
15070088 15070389
-72654891 -72654668
42065718 42065950
-14003045 -14002171
20311781 20312078
-88847023 -88846808
-6399884 -6399223
-96959522 -96959285
-41502175 -41502085
45826167 45826230
-79427516 -79426528
-11181065 -11180664
-70139270 -70138825
53278928 53279845
5607556 5608353
18079225 18080187
-82686367 -82686304
9477577 9478536
-52388425 -52388230
85102017 85102353
-68599358 -68598829
53324816 53325522
81388755 81389472
28121475 28121926
-91699688 -91699287
-11528429 -11528146
99632802 99633273
-53959805 -53959546
-29833527 -29833155
-48766820 -48766599
-17464438 -17464140
-37027950 -37027803
-51653502 -51653335
-45745928 -45745858
4605162 4606127
-54360257 -54359662
99678855 99679375
69080205 69080324
27389211 27390161
21251886 21252242
36757959 36758747
-66780120 -66779966
-77855155 -77854362
11854710 11855142
-11147159 -11146276
83264285 83265025
-94965224 -94964597
59472340 59473112
-88073065 -88072430
-55408746 -55407820
-14978835 -14978107
88318663 88319178
12336114 12336842
55416246 55416263
30493038 30493216
-87951822 -87951284
36685009 36685129
39915349 39916026
-66470052 -66469780
51939910 51940450
39130360 39131252
21043557 21043796
-77808426 -77807492
-7338860 -7338323
-27241642 -27241175
44820589 44820777
-76793794 -76793166
47184678 47185390
18536500 18536652
-34907799 -34907284
-62665007 -62664834
-72790944 -72790479
-41408066 -41407905
50561380 50562314
-30651102 -30650187
-77342670 -77342491
-4525883 -4525655
-14083499 -14082940
-34742830 -34742758
-70165681 -70165528
-82567980 -82567190
-66765741 -66765535
-21846881 -21846145
-82444026 -82443455
84060809 84060856
23733354 23733711
-93345920 -93345159
15644828 15645628
-43257524 -43256954
46493801 46494556
-24962328 -24961797
2304000 2304280
-67053226 -67053019
-47673269 -47673181
-72946093 -72946041
-83014011 -83013696
-76626037 -76625372
34162953 34163469
-98963150 -98962399
-93272298 -93271959
38592992 38593215
12059750 12059977
35602732 35603541
81880528 81881382
-24869416 -24868604
42375864 42376759
-27173800 -27172909
88346646 88347627
27894706 27895409
-26752122 -26751590
22006539 22006603
-88837847 -88837466
-77822050 -77821750
-22974049 -22973595
19042792 19042923
40282818 40283679
-55346382 -55345494
69154386 69154810
-74465763 -74465440
98400424 98400813
70484552 70485186
99166468 99166920
14182045 14182843
-40760907 -40760665
14182689 14182924
72734968 72735031
80283264 80283489
50849577 50850257
-36458743 -36458458
49841615 49842578
80923340 80923412
-4427306 -4426444
64515708 64515907
77178755 77179294
-76975038 -76974044
-91977332 -91977014
71875313 71876054
-94112263 -94111283
-46637031 -46636641
-37476630 -37476262
-95378047 -95377257
43974948 43975322
83189625 83189802
-12754156 -12753996
-17540417 -17540372
-81523784 -81523256
-4291704 -4291434
-62207592 -62207371
71263776 71263973
-64408527 -64407979
-65467496 -65467408
31306317 31306970
87387422 87388194
46369903 46369906
-54356273 -54356249
-84750922 -84750334
20144038 20144857
-40435994 -40435356
85582108 85582153
5349395 5350378
-93199055 -93198855
85538628 85539241
-915409 -914895
90622581 90623075
-81881015 -81880645
29030604 29031063
-49509934 -49509132
1462575 1463375
82149287 82149968
88173766 88174154
-33249098 -33248161
-72984675 -72984585
65311032 65311266
24837181 24837333
-86286162 -86286029
74487879 74488579
45944082 45944720
-6693541 -6692816
43434109 43434889
26733463 26734185
40131214 40131225
-78991487 -78990984
63490835 63491176
-26783223 -26782286
45037803 45038408
-51032871 -51031947
-25786663 -25786176
2886399 2886864
-19183205 -19182527
10367689 10367761
-67167280 -67166466
48697143 48698037
-76192120 -76191540
61110346 61111061
69302811 69303568
78736529 78736659
20006441 20006566
-13613895 -13613551
95427119 95427787
81396455 81397141
85215856 85216087
46667836 46668698
92794964 92795705
29288147 29288955
-36062124 -36061461
-52543954 -52543164
-42936481 -42935933
-60752707 -60752479
-12489195 -12488350
68491379 68492267
-71803718 -71803165
-50127513 -50126667
-92233179 -92232965
-42790681 -42789837
78402821 78403519
-78420755 -78420173
34713410 34714313
-27827564 -27826905
74231710 74232122
54965906 54966511
-77587690 -77587271
-34005573 -34004967
51002846 51002849
63892139 63892218
68461283 68461539
41429426 41429698
31216825 31217412
-33176554 -33175936
18677400 18677732
-62805402 -62804978
31186987 31187078
54779838 54780137
74207304 74207792
-23281137 -23280616
-32664609 -32663720
52956527 52957109
1614227 1614322
79957501 79958050
-95515723 -95514860
91186452 91187438
5004689 5005064
98282705 98283635
-10024274 -10023988
66379998 66380972
-80276965 -80276253
26918982 26919553
-1900304 -1900166
-7196376 -7196156
49531265 49531766
83029586 83030472
41754929 41755462
22599999 22600459
85417065 85417263
89964406 89964613
29772423 29772712
32652294 32652308
-36569216 -36568876
-88644346 -88643458
-75516306 -75515989
-36096110 -36095399
-26859653 -26858803
-5286592 -5286135
-76287338 -76286345
-48338385 -48337462
90712725 90713561
65701243 65702086
39064895 39065026
25924036 25924514
-60359310 -60358626
9978690 9979454
84637306 84637648
97553985 97554543
20533546 20533654
-7661481 -7661113
-74603072 -74602429
9244770 9245751
-42562782 -42562709
-64769072 -64768180
71792944 71793388
12184362 12185265
-92670325 -92670076
23011597 23012027
74350914 74351216
-91714540 -91713786
-74553013 -74552885
93333538 93333595
-52255368 -52255009
38155842 38156470
1128706 1129412
-95089667 -95088843
-12731778 -12731341
-1290794 -1289921
7350472 7350588
9776297 9776773
-43759072 -43758157
-83683342 -83682470
31774713 31775680
94237720 94237872
2165611 2166082
-86556737 -86555836
-37881995 -37881376
85938015 85938704
79537450 79537557
-69388289 -69387732
-79486189 -79485733
5763855 5764543
-51446674 -51446190
97024854 97024869
4734174 4734946
-81199196 -81198862
79530504 79530744
81032846 81033057
12566041 12566496
8768224 8768506
-64960664 -64959867
-58358279 -58358023
-48903019 -48902955
15206857 15207408
-57541799 -57541331
62273311 62274024
-4074621 -4074474
89366258 89366848
179210 179810
8573591 8574460
95479839 95480236
25598267 25599072
53415287 53416266
45633808 45634770
-35018738 -35017949
49820527 49820769
17249763 17250687
72229625 72230527
-32931628 -32931458
25855116 25855173
-76129009 -76128615
-33365771 -33365668
74761312 74762075
88110448 88110450
18829071 18829360
97640867 97640877
-16406190 -16406024
42871967 42872580
3568552 3568657
-94808186 -94807937
78042215 78042302
41391505 41392086
-71488844 -71487855
68072703 68073003
46745795 46746628
-8538335 -8537757
86677272 86677712
-78494345 -78493990
50465533 50466305
72250276 72251119
20597008 20597148
-88843683 -88842826
-81856702 -81856244
83478048 83478312
-28435276 -28434618
-75366174 -75365552
99705364 99705962
946747 947467
41604273 41604877
-34666538 -34665772
-11033191 -11033010
17684648 17685385
-45595986 -45595941
-2694635 -2694056
76012156 76012738
58603605 58604054
-72342981 -72342323
87126951 87127350
-48271372 -48270904
-81895133 -81894480
51024402 51025384
-29378810 -29378675
-43782258 -43781464
-16672777 -16672015
-34578316 -34577778
13466729 13467004
-66649145 -66648608
72016408 72016706
29490027 29490328
68427888 68428713
76556054 76556576
-79680902 -79680253
-32294787 -32294116
-26504990 -26504000
-84563380 -84562529
18945662 18946356
-79315393 -79315219
-27113075 -27112409
-84502720 -84502562
60385499 60386283
94602723 94602776
-21577344 -21576472
-66597100 -66596687
-4680988 -4680418
-14434359 -14433823
-22714761 -22713966
52994999 52995228
29292267 29292372
-93309110 -93308464
-51035507 -51035257
-50385302 -50384870
-5711259 -5710817
-55663450 -55663174
87817696 87818433
-52014884 -52014187
-61669774 -61669564
-16585120 -16584193
2428545 2428819
-68026407 -68026364
6158642 6159505
7005919 7006013
-36520541 -36520359
-14546319 -14545712
42105468 42105662
81925029 81925477
2398323 2398522
-85404155 -85403159
65083038 65083408
96525965 96526731
14499382 14499570
98632897 98633529
-64897464 -64896901
-51172727 -51171905
-4590887 -4590311
49015704 49016595
-28657094 -28656603
74424059 74424733
57882560 57883407
-66721169 -66720862
81152011 81152837
94533860 94534791
-5650928 -5650179
53910322 53910470
47078693 47079582
80755053 80755195
96007434 96007644
-41562041 -41561590
-80753284 -80753211
22916848 22916916
-9342794 -9342697
-1303389 -1302740
-3059370 -3058832
-69600020 -69599721
-50854903 -50854448
-19225945 -19225079
50595619 50596344
40511399 40511843
47536625 47537197
30440396 30440784
-90048728 -90048191
-18948732 -18947795
1485058 1485756
-40181373 -40180778
-28185646 -28185493
-2584136 -2583561
-33247966 -33247423
-37348973 -37348198
-59756215 -59756104
37333350 37333639
30047753 30047941
-24389420 -24388934
-54191784 -54191173
-78693462 -78692749
-88261340 -88261150
-33621421 -33621302
-73923186 -73922267
72017620 72017989
-68423773 -68422964
-83764746 -83764604
21772634 21773419
-72759692 -72759013
8282665 8283040
6080222 6081173
37065497 37066208
-98158217 -98157864
57758727 57758975
-56915889 -56915042
24759013 24759183
-61280125 -61279770
44104195 44105178
-71667507 -71667197
77184953 77185932
-2727778 -2727060
73010857 73011819
-91089471 -91088577
-28814009 -28813428
51338481 51339082
-69168044 -69167078
17986818 17987454
-62880594 -62879743
-21882093 -21881682
93963714 93964047
-37510583 -37509974
84331784 84332701
26254183 26254493
46346915 46347882
-89607755 -89607488
2370314 2371181
-91227713 -91226814
4611243 4612196
-74168520 -74167991
39984169 39985161
-93392397 -93391615
74069322 74069968
81379223 81380137
-99522693 -99521997
16459863 16460476
-48389594 -48388672
38412820 38413165
-36856853 -36856348
3805523 3806394
65464133 65464396
57451934 57452733
94030072 94030925
-67002812 -67002255
49612166 49613054
82167816 82168526
39596956 39597632
55993536 55993588
11045678 11046322
-73680134 -73679217
-60997967 -60997031
47064283 47065119
-88070409 -88069878
21304431 21304486
41570793 41571001
69645531 69646330
-70847142 -70846671
59076235 59076987
8028233 8028769
-7210002 -7209954
4847699 4848277
-70702931 -70702293
-81969732 -81969598
-97944669 -97944351
-26733729 -26733608
-47752549 -47752452
90283600 90284578
17973113 17973370
48006960 48007445
-70900583 -70900573
49917144 49917281
-57026233 -57026207
72413898 72414072
-40768026 -40767621
-95113245 -95112351
-19456168 -19455522
71069964 71070668
67596554 67596833
-85741492 -85741093
-87188570 -87187878
-76447952 -76446968
63357872 63358445
-77200787 -77199942
-27738843 -27738115
22286625 22286935
1232625 1233597
57014348 57014584
-27458216 -27458198
83959563 83960035
-90437368 -90436669
-43919033 -43918271
89777512 89777849
-46156015 -46155397
-40103297 -40103132
-7573782 -7573307
-95761434 -95760531
-33450373 -33449822
70055225 70055512
-72894129 -72893270
-20441016 -20441010
15807332 15807800
-3693933 -3693085
36513840 36514361
3126969 3127143
-7362629 -7361708
62146842 62147512
72258379 72258964
30748180 30749024
11981995 11982950
94548526 94548660
39035725 39036370
-21247152 -21246809
-27003518 -27003099
-29904125 -29903325
-90546150 -90546086
-3658272 -3657851
21724394 21724815
11072076 11072241
-44807895 -44806991
45287435 45288249
-28668036 -28667292
13504391 13504948
56544282 56544684
74470176 74470877
-3692171 -3691403
79279905 79280507
87272401 87273236
-38962306 -38961616
21558304 21558861
-89098573 -89098183
42324224 42325106
-69811968 -69811395
-26847826 -26847038
-11923177 -11922504
95503363 95504087
82807901 82807970
96123153 96124020
-78144524 -78143776
71871175 71872067
-89121847 -89121344
73269403 73270388
-3617226 -3617105
-71247619 -71246884
-39287663 -39287067
-67588892 -67588205
37219834 37220204
-33807410 -33807116
94964150 94964405
2690640 2691141
68641887 68642095
-24281611 -24281072
-86324566 -86324072
30027090 30027552
54235417 54235922
-45702570 -45702514
-58514078 -58513364
91537123 91537655
36864980 36865905
42073748 42074126
-12438496 -12438453
-69953870 -69953052
62814052 62814546
95122667 95123415
9352191 9352801
66003878 66004100
-96583227 -96582346
-45703787 -45702921
99974071 99974440
65076571 65077423
15604606 15604756
1421776 1422400
13183779 13184519
98651905 98652306
-75894434 -75893664
-74404121 -74403488
61078674 61079491
-26635307 -26635011
-96035643 -96035581
-48301571 -48300887
-67912097 -67911673
-46989023 -46988239
-24091486 -24091379
70510555 70511300
30176135 30176792
20217655 20217655
48991134 48991444
68214024 68214764
-63172341 -63171455
60256325 60256776
-18305912 -18305762
-47881239 -47880386
-87397832 -87397418
50860705 50860777
-24751936 -24751319
6472061 6472289
-46093490 -46093184
-83095235 -83094688
52456650 52456909
-49747558 -49747482
-54661262 -54661155
-90785575 -90785542
87316584 87317455
37123426 37124361
-86540227 -86539948
-31676658 -31676635
95425227 95425305
-49853952 -49853780
68161703 68162249
15633051 15633985
-52616079 -52615959
-27628546 -27628331
-87312055 -87311705
16269135 16269876
-57044079 -57043867
-57904917 -57904012
-63290682 -63290523
-21384157 -21383854
-30901566 -30901522
80848458 80849211
-93118188 -93118074
7978990 7979264
13294100 13294368
-22970394 -22969831
11555701 11556309
85990197 85990259
-23316452 -23315708
17132356 17132714
-11776384 -11775961
-16605659 -16604726
-596911 -596576
-67991868 -67991159
93777661 93778535
-69670695 -69670262
51781384 51782306
54307318 54307354
84687738 84687937
-57121154 -57120565
-76168435 -76168196
36078988 36079619
64149039 64149756
-53330741 -53330670
25634665 25635143
-80794754 -80794023
41413740 41414006
35005329 35005862
-83208499 -83208414
-315357 -315033
13466806 13467034
3006257 3006673
-11694446 -11694296
63981612 63981697
-86767868 -86766955
5720502 5720992
-46010355 -46009473
-67870276 -67869369
-76202073 -76201635
-70727685 -70727488
85558462 85558763
-43523281 -43523048
39584500 39585299
-35571724 -35571699
-44722803 -44722704
-24246476 -24246198
7458640 7459296
98704847 98705503
-40160426 -40160008
-38027718 -38027437
-27136451 -27135757
-5391691 -5390962
63314197 63314993
-31241197 -31241123
49164566 49165033
-21157619 -21156759
-25334120 -25333417
12097100 12097846
-77532050 -77531272
86361798 86362090
44756420 44757181
-11547668 -11547516
11262481 11263465
-75483393 -75482954
29602842 29603630
-85952402 -85951983
-43239644 -43239023
-88538378 -88538185
-12925820 -12925484
-1405652 -1405518
-3250472 -3249940
85149065 85149177
13420047 13420613
71040639 71040775
-57522980 -57522618
35418758 35418794
-46113211 -46112283
-82692003 -82691506
67882836 67883467
5479345 5479378
3370195 3371187
-34012640 -34012150
9463057 9463526
-12647590 -12646728
-61421578 -61421342
-6735227 -6735226
34868017 34868519
-9153950 -9153093
59710578 59710908
-98067199 -98066275
26755781 26756222
-28468397 -28467590
62306056 62306875
-15022757 -15022359
-61956073 -61955460
7711285 7711597
85525652 85526149
-47102508 -47102486
-50242051 -50241594
-64889725 -64889419
45779172 45779962
-99717596 -99717271
21584643 21585172
79727793 79728581
-48782829 -48782413
-34425222 -34424416
32963383 32963853
-41722185 -41721610
-47372112 -47372040
-94927697 -94927162
24675929 24676834
38401207 38401328
-21453293 -21453074
55213935 55214095
-4134655 -4134051
4668640 4669353
41204187 41205050
53525850 53526321
-19338758 -19337856
46461096 46461114
9040599 9040642
-62036235 -62036050
-41060538 -41059935
86812786 86813209
60804522 60805350
18170294 18170415
-93925549 -93925138
21179180 21179554
6618770 6619370
-6648745 -6648315
-16433763 -16432828
1436155 1436470
-24616908 -24616122
-52766830 -52765832
-56033315 -56032734
-25675518 -25675387
-6082758 -6082230
-5074915 -5074172
-18227617 -18227610
19813090 19813114
16902954 16903325
-26391678 -26390716
16689377 16689783
-66339857 -66339269
-73406230 -73406006
-66557748 -66557266
98766264 98767064
-41571848 -41570856
11765819 11766199
-63601514 -63600635
71924964 71925578
35471481 35471718
-11203560 -11202855
23543345 23544211
15307336 15308217
-4035908 -4034934
82741194 82742188
-63545312 -63545251
95248263 95249147
-28388044 -28387130
-56496614 -56496519
19632661 19632827
-86884275 -86884238
-64704305 -64703785
23656802 23656815
21449269 21450260
44060479 44061082
-75948715 -75948397
-20364319 -20363388
-27900889 -27899948
29856528 29856893
95998233 95998559
-10263335 -10262902
-75750674 -75750285
-94574906 -94574785
-30004811 -30004299
92102543 92103522
51106575 51107093
-91054906 -91053916
70508359 70508994
68189305 68189601
-12781088 -12780241
-72252814 -72252101
636376 637308
83735055 83735642
-32607489 -32606771
96102114 96102223
-71948090 -71947647
-24522400 -24521714
-78555178 -78555145
93909854 93910262
75695865 75696823
37258667 37259540
65855563 65856302
6848512 6848531
82070222 82070759
-84746794 -84745829
18574683 18575236
-95532996 -95532638
-75130027 -75129383
-90808244 -90808196
-90573614 -90573311
70707992 70708507
9965209 9966076
-76976159 -76975689
-69703185 -69702339
-97401169 -97400259
25887456 25888253
64809559 64810049
7454568 7455141
44798267 44798352
-95200060 -95199863
-62129095 -62128836
-64635294 -64634340
47935015 47935954
78357820 78358547
-99150078 -99149175
12670838 12671420
1058674 1058765
77173957 77174601
70543635 70544621
72254917 72255469
57283311 57284276
40272851 40273462
65671494 65671845
-3062143 -3061413
70366892 70367162
95666690 95666978
53226605 53227188
97114294 97115021
51421872 51422714
-19529091 -19528266
-4024837 -4024737
-80558265 -80557928
11108378 11109155
-15355622 -15354819
-88747147 -88746507
-94065176 -94064207
-4767612 -4767374
-57651055 -57650305
72554712 72555105
-34120492 -34120048
81515173 81516067
-69421764 -69421258
-37685084 -37684554
43546976 43547642
-13235112 -13234249
70973267 70974166
45826912 45827658
89250651 89251496
29674054 29674335
99157587 99158298
-33274848 -33273857
-39081925 -39081704
-53902115 -53901434
93144606 93144785
11785677 11786488
-33224741 -33224454
-47871337 -47870645
-58712010 -58711599
-51198966 -51198933
96859748 96860063
11306867 11306971
-14190334 -14189915
-97074033 -97073561
88341115 88341623
-77641299 -77640526
744403 744686
35505719 35506176
3616371 3617088
-12622554 -12622198
-38645933 -38645155
-70084985 -70084454
21812043 21812835
64182097 64182712
-88419064 -88418777
29320933 29321157
-47585737 -47584840
-47555337 -47554883
83036632 83037464
-49781482 -49780824
77630775 77631314
97245059 97245112
-2107891 -2107154
-51076216 -51075925
96004315 96004798
15421778 15422100
-26632163 -26631508
79193443 79193760
44093548 44094151
-74695756 -74695079
98941581 98941946
9701726 9702626
-40235241 -40234515
8783416 8784094
-27534469 -27533481
33647147 33647843
-31069025 -31068851
-41365806 -41365564
-88543628 -88542727
99661244 99661789
-7843655 -7842905
-23863208 -23862754
53838913 53839051
93610700 93611094
-85402335 -85401502
-38553316 -38553069
-33677216 -33677057
19054611 19055458
94503750 94504033
83844325 83844486
-42289632 -42289502
55109944 55110072
19455603 19456405
6635064 6635487
-25401713 -25401422
81272886 81273856
41555448 41555923
89874042 89874778
50348044 50348428
-47499642 -47498910
-89112635 -89112317
-67070206 -67069288
15715809 15716225
14984662 14985203
-25016182 -25015471
10719020 10719151
-89366376 -89365871
38382843 38383766
-87335332 -87335077
-45171359 -45171130
68878843 68879835
54877614 54877738
-21288365 -21288091
-92880253 -92879635
60809238 60809524
-79013787 -79012985
-59440863 -59440595
26133823 26134660
-29251468 -29250826
-72688652 -72687764
-28011804 -28011272
-58095136 -58094436
-21286962 -21286753
-22018381 -22017494
-80900318 -80899740
25351248 25351304
26375141 26375716
-60372161 -60371547
-72343928 -72343587
59703747 59704427
-96414725 -96413850
54493452 54493779
34933347 34934255
-81532580 -81531635
-10307629 -10307595
79291503 79291924
-8650588 -8650218
18968657 18969358
-17841101 -17840792
1625116 1625861
-81884876 -81884838
61711327 61711690
86966025 86966154
-64611437 -64610885
38125943 38126668
84405047 84405180
26929830 26929930
59180953 59181596
-35842260 -35842209
16542941 16543056
-95114186 -95113321
-94596611 -94596212
-23258721 -23258703
67767473 67767728
-93910642 -93910247
71245579 71245603
55602452 55602576
-95457200 -95456581
-25546985 -25546951
98411185 98412126
-20153182 -20152865
-99226865 -99226144
-80837829 -80837382
-56517161 -56516373
55316297 55316338
56408460 56408681
61247030 61247451
-37179502 -37179113
-95952361 -95952003
28598250 28598581
-79765430 -79765229
-52698774 -52698442
-97484823 -97484245
79919696 79920366
90126437 90126515
33899405 33899786
62157551 62158253
3105038 3105814
-55678163 -55678051
-41657501 -41656543
-25893424 -25892977
84625104 84625651
79315058 79315228
-23894814 -23894810
25086422 25087213
-82748709 -82748438
-43137260 -43136875
-20515624 -20515317
-64160195 -64159553
-77770644 -77770517
2313071 2313908
9383609 9383645
32261590 32262083
97260148 97261074
-83310304 -83309360
-10733848 -10732955
-4585209 -4584358
17118799 17118883
-43136502 -43135641
75015458 75016266
272797 273741
69441377 69441762
9123558 9124490
85596100 85596217
73884459 73885412
89398457 89399101
96178093 96178145
-88525528 -88524788
-62271528 -62271077
70027896 70027901
-66127318 -66127238
-66449776 -66449772
-81652026 -81651350
46599200 46599993
17278988 17279344
-69097020 -69096961
60507648 60508234
-95243733 -95243219
-99080490 -99079950
30315183 30315611
-65431586 -65430682
57430627 57430900
-22843543 -22843211
8705752 8705964
-13418650 -13418319
17821275 17821703
-19039495 -19038620
-20238732 -20238212
-96725709 -96725424
-1033850 -1033523
-90463996 -90463884
68275747 68275936
-27742869 -27742736
-80364375 -80364256
32137160 32137907
60543017 60543120
-67004532 -67003852
-87572244 -87572016
83909879 83910050
-47207101 -47206383
-48670495 -48670370
75601137 75602008
85911735 85912547
86515937 86516520
-56810629 -56809829
-63155622 -63155119
42291657 42292444
-14467458 -14467195
88323269 88324185
61369430 61370295
-18739648 -18738899
45497247 45497768
-21110467 -21110213
-64872772 -64872478
19532003 19532533
-7216332 -7216203
58434032 58434875
73459005 73459735
68094527 68095282
5186319 5186482
-22247841 -22247659
-4880749 -4880098
-60978338 -60978252
64732699 64732718
64871688 64872642
-83296742 -83296037
97201994 97202104
37796129 37796206
52156210 52156672
81481396 81481940
34585795 34586347
-92182067 -92181499
-31513676 -31512935
14119852 14120228
97067732 97068434
18448273 18448490
21627341 21628107
-28512579 -28511601
82623994 82624857
-41396231 -41395649
11647800 11647871
-27261996 -27261358
-1756921 -1756275
35286880 35287665
42755559 42756169
62943726 62944099
60461823 60462609
-78363651 -78362949
-76403970 -76403080
96145562 96145784
85703726 85704405
63434414 63434985
68999404 68999805
16540476 16540769
89456664 89456830
66257570 66258495
-63990549 -63989773
-37821059 -37820325
-20803011 -20802156
-2066678 -2066139
60332488 60333094
47170641 47171060
-76168008 -76167690
16492056 16492646
54625312 54625506
-98658011 -98657718
-6515632 -6514662
6195883 6196263
-79087916 -79087123
47208114 47208716
-68944345 -68944340
-3996981 -3996006
65444359 65444752
72602666 72603285
-86640342 -86639735
68087506 68088366
-64839552 -64839299
-73691401 -73690772
-31633665 -31633331
-97376663 -97376439
-49569617 -49568706
-94138059 -94137602
33594351 33594657
66005722 66005902
69449378 69449526
30327778 30328402
-80972640 -80971712
-30093132 -30092996
19124308 19125265
15949847 15950564
69633777 69633965
98129958 98130084
42524622 42525058
-87976085 -87975262
-90246319 -90245342
-14028437 -14028292
9247769 9248353
-73491345 -73491125
4365887 4366665
-35596228 -35595316
80573630 80574331
-4654164 -4653418
-2250566 -2249640
-51348606 -51348600
5382941 5383098
20851121 20851483
-86587636 -86586922
78057090 78057439
-73101036 -73100999
-32116408 -32116117
32603142 32603777
81247448 81247668
-72328938 -72328776
-76520004 -76519262
-67059443 -67059349
-32179269 -32178910
58925406 58926200
-90433062 -90432715
59685834 59685858
-38286376 -38285828
32851265 32851963
-69552056 -69551194
11984156 11984607
6392075 6392445
2980395 2980908
24582124 24582282
-36421962 -36420965
-99982990 -99982356
-48831026 -48830919
59453659 59454603
98882504 98882742
35279559 35279927
50342754 50343396
-19137546 -19137063
48709636 48710505
95458995 95459209
-58763228 -58762897
1165142 1165304
-23967399 -23966453
-72246276 -72245930
3457572 3458351
-68007538 -68006884
70606233 70606817
485950 486214
24217178 24218109
-82370483 -82370410
-98880013 -98879861
3547650 3548520
97348425 97349020
-70153982 -70153394
-84634585 -84634388
-50855141 -50855017
99671697 99671840
-9062197 -9061536
70806473 70807339
-77080265 -77079491
77899722 77900417
46674103 46674840
-38704803 -38704672
-22877588 -22877536
-39618247 -39618244
-3056579 -3055704
-78173784 -78173679
-64696662 -64696613
-51040489 -51040455
-69313032 -69312117
2604034 2604519
61557266 61557430
72905939 72906203
54367501 54367765
-20976335 -20976129
71685449 71685811
-1427006 -1426202
-94824271 -94824044
43264964 43265652
-38110472 -38110468
-53120794 -53119959
-77485078 -77484126
-18398526 -18398495
42950997 42951309
-44562186 -44561605
-95610472 -95609721
-14236414 -14235681
866248 867107
-12691588 -12691203
-5070247 -5069558
-2521661 -2520737
91797395 91797630
41320983 41321868
-46692815 -46692356
-36950584 -36950172
-74129839 -74129254
-32756643 -32755849
76489259 76489625
-53527949 -53527895
16669300 16669989
72500109 72500714
95809815 95810163
8595172 8595500
-95250610 -95249822
-86266420 -86265558
14398427 14398664
-62651458 -62651266
70167773 70168370
98147335 98147838
-75833289 -75832724
-6337035 -6336932
-92172048 -92172014
33374764 33374921
-68480201 -68479768
52913604 52914261
8259630 8260577
-24934702 -24933961
95241214 95241235
-83896615 -83895874
-47335215 -47334657
-70416027 -70415802
-94163222 -94163074
-23388912 -23388539
-71035177 -71034810
59054460 59054879
12203365 12204333
-70165869 -70165530
15271697 15272609
82415993 82416459
5896447 5896805
-75453338 -75452818
-23269794 -23269436
-56174923 -56174287
12764982 12765734
23642001 23642838
-95256692 -95256017
-54766088 -54765321
-65218964 -65218687
-65410241 -65409255
-5531410 -5531206
9488561 9489139
96948965 96949356
28393923 28394515
-68783630 -68783343
-50461461 -50461154
92201855 92202033
35193318 35193715
65770578 65771074
23755487 23756038
-32049635 -32048881
-13846848 -13846141
-60834516 -60834174
-77990897 -77990498
-17759259 -17758666
81955858 81955967
27051690 27051879
-37946278 -37946002
-27462822 -27462137
27006686 27007484
18403887 18403959
-10628485 -10628121
36412745 36412993
73281022 73281605
-93272714 -93271917
21834514 21834515
49034842 49035128
24665761 24666569
-14837626 -14837041
17250231 17250460
53726403 53726812
45909246 45910009
56500801 56501423
21718314 21718653
40837038 40837936
-24817995 -24817410
-68837795 -68837764
32375288 32376067
-41491078 -41490182
-9821798 -9821026
-89407476 -89407271
41962848 41963192
26292252 26293161
-26596763 -26595890
69067300 69067342
-90426121 -90425968
40114168 40115057
11234766 11235669
-10518906 -10518877
-23868409 -23867608
31037903 31038481
-609352 -608935
80134950 80135333
-49896674 -49895883
-86696131 -86695998
26448825 26449242
58099131 58099784
10346577 10346601
-46105464 -46105416
70115303 70116241
81692906 81693893
-95797955 -95797153
-83006879 -83006454
53360798 53361083
57749117 57749245
-78318334 -78318311
16113375 16114276
7046740 7047279
-94149412 -94149158
-64535052 -64534116
19313578 19314299
87789043 87789396
-91872000 -91871514
85524101 85524209
99231447 99232360
-49895292 -49894944
40658820 40659075
-62457734 -62456988
-70225080 -70224924
-22599593 -22599557
9329318 9329926
54423595 54423991
11329249 11330046
65207487 65208159
-88225573 -88225150
89129352 89129559
5765872 5766408
94496934 94497638
70479142 70479989
84277579 84277628
81489064 81489884
30310843 30311066
-24782768 -24782443
-72498493 -72497609
-77680196 -77679543
58282616 58282945
82773187 82773751
-8029959 -8029743
87207270 87207677
-84964545 -84964387
-15703604 -15703355
-87025827 -87025228
93313376 93313975
92284100 92284440
-67309568 -67309274
-98867729 -98866756
-1745743 -1745065
31783053 31783139
10338033 10338997
86501139 86501228
-57807004 -57806418
50211659 50212237
22188659 22189057
-15985068 -15984175
34862324 34863098
56621879 56622178
93657731 93657812
-12963383 -12963340
-81112255 -81111528
-59389487 -59388917
30722131 30722727
63764468 63765404
66391763 66391884
29202998 29203400
-84165096 -84164753
60734150 60734750
-65960573 -65960043
4645330 4646223
-48293087 -48292677
90451425 90451524
-53131789 -53131290
-71656211 -71655881
-50260721 -50260673
-58359983 -58359694
-91098042 -91097120
-51468396 -51467452
54421408 54421842
38728395 38728534
94782153 94782414
-72962752 -72962508
76306335 76307278
-5112750 -5112118
-56495068 -56494257
28742617 28742646
-12327576 -12327328
11969474 11970251
-80414106 -80413768
-57075467 -57074761
-16964451 -16963562
27713470 27714305
-14538019 -14537806
-60081997 -60081788
-8680130 -8679270
-61852972 -61852456
-59577557 -59577436
-91738821 -91738137
58574338 58575046
-62078959 -62078338
25295270 25295282
25651610 25652199
-18173671 -18172807
-76238224 -76238112
14413555 14413751
-46437146 -46436512
31874834 31875502
-86135874 -86135421
14918655 14919355
-2925426 -2924759
93083748 93084069
-76040270 -76039303
31147415 31148003
83065813 83065956
86000528 86001213
42312232 42312409
-85707028 -85706620
-90241970 -90241170
-34337540 -34337308
99728279 99729272
92419685 92420579
52344828 52345002
-30957567 -30957189
-95490465 -95490450
95095363 95095750
-55541416 -55540750
9423943 9424489
55689425 55690185
-93334301 -93333359
-46854258 -46854232
-82715798 -82715090
24658753 24659404
90654563 90655494
8030844 8031453
-58680699 -58680254
5056812 5057329
-51316634 -51315655
-13392635 -13392315
71905216 71905364
-84591601 -84591282
14990322 14990882
-69750089 -69750016
-69554284 -69553940
-39162582 -39162479
36345599 36345971
-83163478 -83162648
73876181 73877108
-78430339 -78429855
-86382569 -86382185
37004871 37004876
-19127245 -19126892
-36411382 -36411289
7676803 7677222
-72057103 -72056432
-6703106 -6702424
-3444891 -3443991
-67161761 -67161223
-53289809 -53288858
68461131 68461739
-32834714 -32834164
38943403 38943621
73427246 73427322
56173347 56173859
37271031 37271495
-35594853 -35594033
80617004 80617950
-95146155 -95146034
-99087624 -99087443
44144758 44144758
-67963318 -67963023
89244813 89244997
-83639640 -83639294
-76260752 -76260680
32131186 32131927
-57819674 -57819115
43331705 43332203
-49741220 -49740868
-28246264 -28245658
62571501 62571824
80730039 80730903
-60769113 -60768828
-21708816 -21708167
59238517 59239150
46949344 46950163
95736357 95737251
13883232 13884167
91592359 91592424
97341320 97342246
26704603 26705272
-63712453 -63711930
-95086648 -95086433
-45070874 -45070451
5715950 5716171
-83447505 -83446695
36363617 36363726
-92680679 -92679907
73531518 73532242
-52442742 -52441752
49209165 49210120
33743980 33744206
-48210675 -48209832
-71314491 -71313635
40993246 40993919
21883795 21884619
78939125 78940049
25908166 25908405
19203677 19203853
23227510 23227580
88761288 88761419
-55600796 -55600772
-70921469 -70920897
53078632 53079535
-50480245 -50480170
-40870795 -40869992
-57048579 -57048428
-19569801 -19568813
-61883467 -61882876
-42992055 -42991191
-89918054 -89917610
-8105347 -8104930
9817274 9817344
91535738 91535914
73850793 73851623
19543732 19544156
-38601309 -38601064
33347184 33347381
69550868 69551766
1471847 1471891
28469650 28469756
87177071 87177522
82511816 82512363
-95657237 -95656930
24489743 24490062
-66287638 -66287556
57920579 57921488
99661271 99661583
97343052 97344029
-79772474 -79772006
12223323 12223953
-95690532 -95690098
80231747 80232187
80623314 80623480
82976917 82977053
67040263 67040389
64543614 64543975
14985012 14985738
88175640 88176598
-25891916 -25891270
-22759603 -22759393
17643069 17643568
30601266 30601785
-17192513 -17191907
-90025855 -90024876
-24113593 -24112674
9827395 9827874
-62251720 -62251484
84690453 84691282
90079815 90080713
-74697970 -74697182
93731672 93732303
-90428684 -90428603
-54564961 -54563976
-91175888 -91175280
68283961 68284083
18469092 18469739
17463184 17463311
19451750 19452093
50751271 50751586
47471070 47471896
94648249 94648480
88629678 88630571
86939879 86940465
97573998 97574105
-65241238 -65240699
17072580 17072632
71253649 71254457
26434599 26434983
73890531 73891477
-70201525 -70200901
36569147 36569335
-57602480 -57602344
71282922 71283515
-64575536 -64575197
60508878 60509751
56371206 56372102
52860798 52860859
29111909 29112499
18017007 18017188
-61704731 -61703931
-29506081 -29505110
-95211396 -95211122
-48546285 -48546075
96078437 96079296
583364 583400
86689752 86690506
-90833698 -90833252
-68102312 -68101484
-31443529 -31443274
76287548 76287554
64027671 64028163
51385262 51385708
-99558450 -99557774
18673619 18673997
-25822004 -25821055
-89617843 -89617038
60912975 60913761
-59798653 -59797950
-9021756 -9020862
-63437231 -63436433
62137538 62137753
-68386779 -68386181
-26285897 -26285038
-93043908 -93043696
57827446 57827882
-90961856 -90961774
36719620 36720295
23619831 23620722
46878855 46878916
23099838 23100313
2212488 2212838
-19497062 -19496527
-72147093 -72147078
85178856 85179145
-16072365 -16071433
-80348547 -80347746
-43304043 -43303709
-39664510 -39664384
-82682036 -82681854
-50593395 -50593386
9324676 9324692
-67022327 -67021773
71584475 71585215
-3741414 -3740625
-86289562 -86288910
-41960927 -41960693
-55083265 -55082942
12183910 12184287
-73286619 -73286514
78532060 78532699
7104092 7104700
-7478408 -7477835
39241120 39241705
79421411 79421782
-86739767 -86739251
-30843059 -30842072
-38947877 -38947470
-77636509 -77636203
88072354 88073353
15530744 15531604
75731150 75731888
96922160 96922584
30979431 30980244
-24271944 -24271303
17914797 17915181
39319749 39320057
-41863298 -41863095
39451555 39451939
32900119 32900469
12804905 12805742
65817980 65818621
73440292 73440553
51892808 51893784
96486610 96486832
72467002 72467389
86733429 86733591
-71210118 -71209529
-28848575 -28847582
80255837 80256492
88992984 88993114
-67245417 -67244702
43181756 43181897
99456082 99456202
57290050 57290802
58849152 58849682
-17037437 -17037047
724944 725569
-94741089 -94740882
28634877 28635195
20227077 20227839
-37461095 -37460638
79268394 79268396
-62986811 -62986459
-54647946 -54647108
60274005 60274424
5482852 5483111
87058263 87058589
-35010246 -35009812
-38219604 -38218959
-47010649 -47009858
62195917 62196329
37109491 37110149
70049761 70050257
-73111285 -73111101
-68576198 -68575751
-65263808 -65262818
-30710629 -30710026
-65911754 -65910754
-75741656 -75741151
-91873865 -91873572
83050749 83051742
-16639561 -16639268
-21608646 -21608625
25413155 25413596
80784000 80784344
-13522902 -13522428
69378826 69378953
-76170653 -76170277
63342105 63342432
-40072979 -40072394
-77586156 -77586119
50890856 50891357
-53965683 -53964983
-92084907 -92084251
-2040046 -2039861
4198480 4198951
24294139 24295035
33314093 33314511
-24473603 -24472873
2308908 2309564
-43386231 -43385832
-52248529 -52248296
97704976 97705496
50767032 50767064
-37177793 -37176912
29127227 29128063
57003821 57004430
7690500 7691013
87493677 87493809
53523035 53523239
-82072788 -82072263
-13099944 -13098945
66684201 66684766
-8449775 -8449666
389108 389969
-33708337 -33707894
-38424599 -38423732
63233469 63234013
-84940517 -84939610
-19355657 -19355361
50882854 50883516
-66638306 -66637606
-21489070 -21488851
-81258948 -81258516
93587613 93587830
25907106 25907935
-41778301 -41777476
65170546 65170828
73524404 73524634
92360745 92361505
-80272902 -80272285
-903510 -903418
74240552 74241406
70092248 70093107
70548364 70548613
-8481806 -8481576
68881182 68882115
76363055 76363447
6605093 6605314
-86275645 -86275300
85947528 85948174
-26530342 -26530203
-62138542 -62138180
25033266 25034129
-22228165 -22227589
43919865 43920348
31318226 31318624
-57322232 -57321658
50398588 50398969
29329880 29330238
92993128 92993154
95058504 95058595
-64772345 -64771448
-74684044 -74684044
49034175 49034695
-72340059 -72339237
-64497218 -64496987
-31203380 -31202707
76470507 76471269
-93560363 -93559905
48608694 48609555
-39538054 -39537748
-89703329 -89702496
-58675258 -58674467
44415221 44416128
44691997 44692215
-61865677 -61865338
-31352019 -31351672
-58279515 -58279178
25619796 25620744
-44895630 -44895433
85855350 85856141
-706278 -705801
-67172042 -67171253
86407063 86407197
31565942 31565972
9720399 9720746
77170798 77171397
-38846783 -38845850
-58701426 -58701060
-87804655 -87804106
31260113 31260459
-62394724 -62394550
-54785572 -54784843
-92236253 -92236034
-87473833 -87473712
-44868307 -44867954
-78966518 -78966027
93016710 93017059
-52933655 -52932829
-93543264 -93542619
-78049610 -78049022
26883807 26884769
72307995 72308727
-33641092 -33641057
-26098410 -26098109
-56814778 -56814003
-7377811 -7377428
36072549 36073211
14108745 14109655
-47889636 -47889267
-92823846 -92823433
-19641591 -19641094
8645347 8645640
83999069 83999697
54432651 54433502
70800035 70800274
1739359 1739902
-14587034 -14586540
-87356592 -87356360
36350661 36351245
56258413 56258585
-82996782 -82996353
60554096 60554345
73373848 73374439
-31699236 -31699184
9992567 9993529
-2245909 -2245757
-37367573 -37366862
9648619 9649462
97388029 97388901
2948196 2948917
-23168998 -23168541
-57343267 -57342833
83800235 83801124
-34311782 -34311620
-6331142 -6330721
-87189326 -87188526
84139039 84139448
42585974 42586616
-20882158 -20881963
90788774 90789635
6008993 6009794
-26633988 -26633175
-35937944 -35937923
25665829 25666431
8892171 8892816
-37171627 -37171601
12378271 12378545
92336226 92337067
-41062043 -41061689
-81620879 -81620748
-47382683 -47381858
92412584 92413001
76745472 76746145
-87404439 -87403684
32955561 32955626
12646705 12646802
-2324406 -2323946
64430916 64431293
-5043684 -5043555
71651171 71651576
-84929193 -84928816
71752949 71752951
25698625 25698680
44334030 44334656
31341531 31341932
-688367 -687940
4305927 4306768
9457757 9458729
-44274028 -44273109
17927684 17928269
18121645 18121873
-57238589 -57238480
56129675 56130607
67570355 67570743
-12304558 -12304481
65804034 65804079
-29076353 -29075598
-47358898 -47358381
-2802989 -2802557
-59626362 -59626177
42689978 42690841
60003462 60003634
-12602060 -12601643
-2466538 -2465602
-80580360 -80580098
7652811 7653795
16525582 16526112
91259201 91259813
67657495 67657522
44243075 44243856
-54716523 -54716164
46024101 46025065
55281353 55281513
82958429 82959021
-93928380 -93927883
-88081491 -88080613
30044798 30045170
-27878469 -27878097
81378145 81379002
-11940170 -11939655
41087280 41088186
-13192082 -13191785
-66186312 -66186236
28005375 28005639
46165937 46166779
-41136558 -41135948
26862527 26863331
-3271478 -3271118
70345984 70346336
27755750 27756173
-13271538 -13270705
80819484 80819615
38928509 38928646
2110639 2111351
-29959402 -29958637
-72882405 -72881950
36207250 36207406
-33751600 -33750806
18507251 18507742
48435832 48436525
3050784 3050866
-6878993 -6878422
2909402 2909431
-78170113 -78169600
91680579 91680696
-83782906 -83782039
-76820478 -76820039
-78755211 -78754839
62882413 62882521
-79285554 -79285014
-40558489 -40557678
-26064201 -26063690
-36825636 -36824816
-39237575 -39237488
33028027 33028201
35772541 35772576
-69477165 -69476255
18944556 18944887
-82100971 -82100472
-43760171 -43759814
55428385 55429163
12905642 12906620
-36158387 -36158289
51386132 51386740
78487830 78488707
-24494049 -24493524
73467603 73467725
16489220 16489805
67632996 67633561
94255632 94256369
1722331 1722338
-19095681 -19095561
24951505 24951796
51301339 51301469
-64337897 -64337169
-85945050 -85944305
99567772 99567788
53684783 53685599
93006654 93007369
41432902 41433363
96443436 96443590
52333990 52334180
54163913 54164020
71360074 71360337
40716497 40716727
-60777598 -60777443
1046589 1046891
27109483 27110117
42750266 42750687
-55275502 -55274717
-95574525 -95573575
-68913401 -68912999
47334899 47335562
-12212478 -12211531
-85235729 -85235085
16951297 16951885
-84769428 -84769323
12647556 12647588
-35659870 -35659628
31368422 31369330
-16043308 -16043180
85476913 85477012
-35125506 -35124524
-23216520 -23216151
18679665 18679765
93344577 93345279
81441097 81441868
89753322 89753568
-54941857 -54941047
-29673626 -29673624
69623652 69624124
-8049174 -8048560
-44188343 -44187660
71918896 71919045
-12711016 -12710263
-92234054 -92233447
25613637 25613805
95168255 95168703
-75460672 -75460436
-78744 -78442
18540218 18540567
-65813277 -65812359
14221433 14221820
-21700648 -21699663
-57915860 -57914940
86533614 86534053
-73761236 -73760952
-27587833 -27587181
-89731873 -89731693
9842760 9842806
-4694777 -4694470
-78434976 -78434965
-26386607 -26386576
49247198 49247339
62741662 62742242
-19770742 -19769890
-51434032 -51433332
-23278150 -23277650
-26629313 -26629274
-15179862 -15178944
34160414 34160589
-54605060 -54605044
-44253285 -44252449
99612099 99612279
79252231 79253080
-9407821 -9407203
72300662 72300966
91329580 91329958
-20146590 -20146312
63843935 63844091
-596221 -596220
69300356 69301273
94521742 94521822
3791095 3792034
41562562 41562617
56406415 56406760
-36107633 -36107477
88436965 88437050
-67865460 -67865081
-73585737 -73585107
-87294341 -87293503
-51176753 -51176504
65000074 65000453
-79674813 -79674527
-91666990 -91666105
-40878395 -40878331
-45350089 -45349991
-68135656 -68135419
89183232 89184148
-21890614 -21890197
36112399 36112433
-72576461 -72576194
-61190910 -61190494
-19824470 -19824211
51154710 51155658
-20224817 -20224534
-26604672 -26604235
-67586259 -67586185
26895450 26895716
-81570545 -81570260
-44517706 -44517670
-17583190 -17582764
68028874 68029688
-2261109 -2260837
-34320548 -34319881
-93379120 -93378595
-52417325 -52416377
22014982 22015114
-75566660 -75566347
32180439 32180599
-83301645 -83300707
-75429857 -75429808
-77418653 -77418416
19577021 19577380
-85776182 -85775204
-59352849 -59352429
25223777 25224158
-49215373 -49215038
-457671 -457668
-84227158 -84226759
-60552264 -60552024
65057514 65057928
-95762573 -95762416
-84106594 -84106249
-71249937 -71249080
3135280 3135386
77986309 77986466
275221 275458
34333686 34333803
-16303998 -16303381
-57622773 -57621925
22813156 22813422
84616990 84617340
55722972 55723448
53671378 53672101
-1231203 -1230543
47993935 47994903
-72728822 -72728474
-73358461 -73357836
16706228 16706879
83895599 83895876
-94667921 -94667372
8103762 8103923
91341827 91342208
-52815746 -52815327
-10507390 -10507360
-74652421 -74651851
6857186 6857886
-4360082 -4359382
-36753327 -36753282
64366223 64366822
1202939 1203545
-85167682 -85167282
-27494008 -27493505
89266293 89266425
-64546908 -64546338
-81954481 -81954137
-57359725 -57359432
35230065 35230979
-51924072 -51923765
-73160229 -73160117
-85469571 -85468580
-9861386 -9860804
-49598948 -49597948
-97621175 -97620374
74194711 74195042
-31417894 -31417278
-37936238 -37935614
-11016042 -11015446
-57986987 -57986488
81509319 81509906
60858764 60859554
64528636 64529141
-4251094 -4250523
98958779 98959359
97971679 97972626
2559616 2559718
74009630 74010436
-4006574 -4005651
15782667 15783330
89759626 89759999
76555752 76556191
55607294 55608201
-66954811 -66954738
91284756 91284986
75298338 75298421
-43960693 -43959716
-86885396 -86885271
66077368 66077739
-40119915 -40119309
24490105 24490758
-52483301 -52482610
-84422298 -84421978
-67622293 -67621656
57735274 57735440
-16795161 -16794365
-58012091 -58012009
-60618565 -60617922
4330968 4331439
-67760734 -67760048
-6571203 -6570264
80439889 80439938
-39752582 -39751758
-50331305 -50331298
529410 530137
-16264465 -16263615
63564751 63564839
-77680973 -77680863
19393174 19393835
-4908997 -4908330
65636469 65636642
-47505930 -47505444
6373019 6373487
7171281 7171453
45329485 45329575
84582339 84582524
75418687 75419045
-40746141 -40745512
29448574 29449542
92452767 92453571
96922568 96923124
-48569368 -48568930
49030565 49030779
-96425326 -96425198
-89321229 -89320909
2511695 2511745
-8517809 -8517206
20837440 20838306
-17995940 -17995827
52745122 52745508
-98461235 -98460779
98612636 98612800
-24518223 -24517833
-12419041 -12418364
-85875425 -85874620
-3115595 -3115354
29565598 29566483
22755008 22756005
98654184 98654636
-33047271 -33047112
-22137068 -22136876
-10407406 -10407330
60548411 60548994
-10867345 -10866614
88724223 88724227
-31963943 -31963549
53400328 53400688
88699174 88699458
-9747843 -9747423
29060347 29060465
-34912418 -34911441
-95517848 -95517280
39859507 39860200
99077816 99078066
-32032986 -32032777
-67438938 -67438540
-59550331 -59549448
-88667184 -88666676
-92633548 -92632635
28530748 28531313
9237331 9237613
-21143391 -21142432
51863977 51864870
33929820 33929847
-39061613 -39060968
-27705667 -27705481
56460640 56460658
47568575 47568798
87600275 87600411
-58096025 -58095878
1877990 1878132
-27294972 -27294675
-86537333 -86537024
24585397 24586391
79779096 79779417
54550105 54550418
-64213140 -64212218
-93457399 -93456545
-95903608 -95902659
-57468174 -57467277
-64930083 -64929785
41837580 41837689
-9265515 -9264771
40213177 40213355
-43767459 -43767348
15084642 15085472
-7147669 -7147363
-6004660 -6003754
2633909 2634552
-98063936 -98063316
-99899893 -99899287
-67134696 -67134517
47638634 47638979
90425516 90425579
99179520 99179557
-66414304 -66413560
59953318 59953859
-10715548 -10715527
55851466 55852126
31895666 31896279
-29470178 -29469905
8227096 8227144
-91326417 -91326135
-73197664 -73197371
-85769568 -85769222
30161238 30161796
86665593 86665882
95622916 95623566
-87105373 -87104776
-37721741 -37721372
6750955 6751827
-25564154 -25564090
-11153232 -11152327
-83226220 -83225526
65686643 65687129
-54688737 -54688029
-38183886 -38183712
93549489 93549516
-40494714 -40493745
20411627 20412025
-39382387 -39382235
-26897454 -26897071
-72627441 -72627343
16693748 16694272
-555111 -555033
-90190023 -90189479
-4176143 -4175608
-53034315 -53033847
40844780 40845611
47850725 47850818
30006017 30006328
-63676616 -63676613
-24128141 -24127568
-48469288 -48468950
-53035551 -53034760
-63205248 -63205008
21219709 21220570
-24917083 -24916593
-32152463 -32152297
54175322 54175629
-57941496 -57940702
47234067 47234088
18528357 18528622
-78866017 -78865049
25885953 25886195
-30688821 -30687857
48143947 48144481
-41504228 -41503887
-37747839 -37747319
75784091 75784510
54076627 54077541
36498982 36499763
-72340360 -72340005
-36494425 -36494239
37606345 37607187
23793927 23794694
18665916 18666484
66754223 66754913
21239771 21240334
42994651 42994999
46597408 46597575
-8568878 -8568580
-3841459 -3841083
-83010009 -83009995
43262979 43263845
13400292 13400908
63780526 63780742
29162000 29162969
2928983 2929035
46797128 46797308
-37813288 -37812611
35532106 35532796
70952436 70952708
57500816 57501662
-40753155 -40752548
-79708345 -79707459
69296421 69297247
39251659 39252154
-17486755 -17486367
22950897 22950983
20942111 20942751
-70680187 -70680173
89545787 89545949
84794443 84795015
12194443 12195330
-82012388 -82012299
-80026641 -80026064
-12250900 -12250669
-40455262 -40454403
73723361 73724304
34191275 34192130
-97724383 -97724300
-28052309 -28052189
-16868982 -16868166
46880345 46880474
-24361398 -24360773
-10166157 -10165931
-77503591 -77502876
-3081705 -3081132
-6359843 -6358850
-8399794 -8399122
-74420363 -74419852
-61530364 -61530236
70118567 70119097
87562112 87562227
66328093 66328130
96042909 96043416
-39901080 -39900302
18045424 18045629
-32162162 -32161207
-16844893 -16844403
-11125785 -11124973
22506915 22507284
44640330 44641329
59856714 59857664
-46652948 -46652451
-11600367 -11600170
31987336 31987375
-93564422 -93563563
6237650 6238236
-98162627 -98161701
10631303 10632013
92529469 92530182
-86453750 -86452751
15082934 15083385
-99507235 -99506247
-82126203 -82125320
90081259 90081386
28020040 28020630
-20840659 -20840442
67064877 67065063
-26747242 -26746328
-55194078 -55193685
38426287 38426911
-78001306 -78000411
-8099476 -8098839
-60912833 -60912308
5407387 5407922
56278863 56279856
-80762005 -80762000
-21938540 -21937976
-2401177 -2400688
95643982 95644817
48453704 48454640
-34692976 -34692429
-19951319 -19950479
-34643919 -34643167
5169767 5169922
962514 963024
-14909823 -14909634
-56353658 -56353019
-66648654 -66648544
39702503 39702606
-64583497 -64583239
-64193030 -64192374
64360247 64360407
-33206791 -33206619
23380382 23381146
81116484 81117250
90570101 90570279
16063106 16063142
-75783081 -75782722
-53953324 -53952749
95079491 95079956
-36805099 -36804582
72501078 72501359
-89823216 -89822240
-65725084 -65724371
-75011229 -75010865
14906679 14907496
-8993208 -8992824
-37853252 -37852521
-65423012 -65422616
22798231 22798761
-59742990 -59742410
-23294413 -23294276
88584695 88585645
664924 665251
8198551 8198863
-19237916 -19237510
96594957 96595237
-47096927 -47096469
22987548 22987604
-90347118 -90346297
13331867 13332514
-4368358 -4367676
29352867 29353786
-23307196 -23307043
79235141 79235422
-76685769 -76685252
-89492284 -89491773
-81413595 -81413165
-84958655 -84958346
32492911 32493856
97501957 97502783
18673286 18673314
50707333 50708240
92631861 92632141
-2626893 -2626863
69582020 69582777
-4725802 -4725696
63862524 63863355
51659048 51659717
-13776859 -13776734
-16765833 -16765752
45835960 45836912
-2146985 -2146663
42932631 42932824
-65894141 -65894114
-85218251 -85217858
-82592173 -82591897
-32625849 -32625345
-90885087 -90884949
68552274 68552855
32595278 32596193
94705945 94706807
-32351483 -32351077
-63511708 -63511176
8394192 8394199
-24106892 -24106346
53838109 53839072
-38835128 -38834900
91303522 91303779
-37996698 -37996065
-89510721 -89509748
51355834 51356431
42839038 42839239
-73972951 -73972902
-75624300 -75624298
-52879384 -52878895
75715629 75716513
69169058 69169898
-15622912 -15622130
-93447202 -93446589
90102939 90103871
36288827 36289368
36510166 36510567
-36833075 -36832158
60438552 60438857
36854006 36854462
40099036 40099561
63179836 63180719
-41993473 -41992968
-71409982 -71409444
-54929964 -54929218
-43413092 -43412940
46395059 46395890
45083542 45084418
-32350960 -32350030
-42770795 -42770541
-36582759 -36581773
-10615564 -10615385
27402766 27402792
27860081 27860689
34463917 34463979
-22514868 -22514461
76860091 76860989
49952028 49952734
7806941 7807152
12000249 12000262
-58377010 -58376834
-35726442 -35725756
-84341312 -84340585
43655864 43656223
-72195850 -72194927
78949771 78950679
-37080194 -37079741
27918528 27918842
-20463281 -20462986
95815500 95816063
65058952 65059474
-3705161 -3704967
-95913177 -95912986
-7561516 -7560810
75473294 75473524
-93233520 -93233045
91117157 91117451
-46128545 -46128502
54265166 54266089
-75631846 -75631103
-79048866 -79048811
-35992 -35866
50251685 50252575
79445189 79445519
49124868 49124944
23066859 23067488
52528428 52529209
42206616 42206648
-99358334 -99358170
44221102 44221747
49344526 49344949
16855490 16855650
-91707293 -91706324
-34846685 -34846570
56805952 56806556
-6856148 -6855410
42533692 42533960
-13964255 -13964138
-96343931 -96343625
36594947 36595827
-88469528 -88469025
62822781 62823231
-47801080 -47800848
22848771 22848988
-17834981 -17834108
41634821 41634864
53591163 53592098
-27108769 -27108549
66251024 66251837
-45799861 -45799228
82875285 82875313
-13383923 -13383721
97231140 97231496
-89402580 -89402510
40008770 40009226
63878365 63878491
-35917167 -35916764
87454524 87455329
-48471711 -48471679
-38554114 -38553373
6612295 6612668
99558126 99558233
-83906904 -83905913
-80843328 -80843087
-14856374 -14855520
29432288 29432536
-34538975 -34538146
92616202 92616836
3737864 3738809
27975501 27975646
-25972305 -25972140
13124642 13125122
-71293777 -71293770
-70927001 -70926272
-65367226 -65366328
-41842934 -41842415
-85463890 -85463774
70586006 70586605
-8592722 -8592531
1627660 1628395
-22434022 -22433281
26491996 26492643
-56103494 -56103392
-23933643 -23932861
38093756 38094362
13160350 13161032
-80631170 -80630438
47169714 47170467
17070024 17070833
-87611019 -87610833
-98273410 -98273297
-99382437 -99382063
-97550680 -97549983
95778444 95778894
-9315688 -9315526
4253969 4254236
-78243537 -78243506
-7554966 -7554221
-21697076 -21696368
-31568208 -31567488
-20777179 -20777154
86684055 86684338
91163846 91164500
-94291242 -94290879
26638133 26638959
-89259788 -89259117
-28065621 -28065529
-77748977 -77748773
20650585 20651342
90669530 90670504
-78859809 -78859716
25257998 25258505
38057251 38057780
-76460614 -76459808
-21079022 -21078607
6279210 6279710
7676075 7676145
32314719 32315301
-93901522 -93901177
-12417330 -12417061
9274916 9274943
-19746300 -19745440
-36198263 -36197770
77141944 77142574
64009052 64009704
-36767310 -36767248
-29799138 -29798545
-85496049 -85495893
-48754624 -48754317
70613761 70614292
51385958 51386655
46516860 46516889
-63455171 -63454520
-64439415 -64438993
38273517 38274129
29903830 29904724
-63740410 -63739455
-76010400 -76009442
52260407 52261307
82628481 82628580
-56064062 -56063320
37552919 37553387
85110232 85110713
-21855084 -21854958
-12555193 -12554742
-45668168 -45667181
-89888612 -89888425
-12513853 -12513371
15982723 15982802
-58018528 -58018496
17073219 17074052
-42557346 -42556449
4392502 4393365
-47811580 -47811411
-46089908 -46089892
53381395 53382054
-81849147 -81848962
-40162449 -40162429
60981971 60982217
-15368259 -15368076
30729115 30730006
91892464 91893087
77700976 77701714
25874749 25875635
-1341063 -1340200
-92106603 -92105949
-6520430 -6520181
2713717 2714211
34496885 34497787
-46425044 -46424241
-44224105 -44223530
89610833 89611789
47468883 47469026
-78977456 -78977203
30325997 30326952
-65398671 -65398578
91929003 91929392
-7282172 -7281459
31329325 31330189
-2187606 -2187277
90570856 90570940
33215786 33215975
12667152 12667372
11872473 11873298
-80951430 -80950553
-43262638 -43262249
93530757 93530952
9772139 9772380
-86733656 -86733640
-82107192 -82106447
-35415967 -35415356
-70363762 -70363289
4069103 4069378
81639908 81640294
-27360978 -27360601
17994819 17994827
-17402500 -17401650
83185429 83186029
-46406015 -46405962
98391893 98392475
75675808 75676594
-96883601 -96882984
-71896604 -71896535
-74485994 -74485375
-18662633 -18662083
-29089654 -29088753
-37184622 -37184425
50547855 50548569
83868353 83869031
-25084503 -25084145
88969456 88970372
-12191676 -12190704
-95881312 -95880590
28471881 28472766
-56224625 -56224312
-16342770 -16341903
-90827295 -90826941
27341479 27342356
-6857261 -6856470
833117 833447
53830872 53831599
-27548317 -27548036
-27538164 -27537581
578353 578445
80280074 80280718
31269421 31269680
91804873 91805830
-87182308 -87182013
-50441511 -50440647
79788876 79789870
-69434508 -69434467
85920777 85921255
-81296624 -81295925
28253387 28254369
-61755061 -61754886
84639168 84639700
-82942161 -82941976
47790003 47790823
-52470183 -52469419
-70473573 -70472590
45324348 45324955
82614378 82614535
91557397 91558246
-44582603 -44582172
56344110 56345058
-35978821 -35978619
93421359 93422299
8927489 8928373
-28229008 -28228071
44903252 44904219
-83109144 -83108589
98598545 98598620
-66159109 -66158472
-13976895 -13976608
94389814 94390805
-6115640 -6115067
-22131498 -22130766
297694 298351
-41237012 -41236785
-82228437 -82228229
31179760 31180663
29576180 29576340
27018351 27018820
-93019132 -93018209
-54952964 -54952366
-85623224 -85623156
40371735 40372681
-44904492 -44904310
77600402 77600982
-23046945 -23046929
15647206 15647775
-47563830 -47562919
60657929 60658083
-94726078 -94726038
-43657817 -43656822
22440131 22440293
9426328 9427124
49375122 49375821
-61344590 -61344215
-71240981 -71240484
-61842897 -61841958
43750170 43750289
-55299871 -55299541
21149474 21150363
-88474549 -88474213
-23734547 -23733715
-44438812 -44438034
87408351 87408600
98819894 98820335
71407662 71408011
-79301223 -79300877
-38773217 -38772719
44510398 44511201
-22901631 -22900770
-72276682 -72276502
38442125 38442586
-71076400 -71075501
57070598 57071093
-11408436 -11407717
99816756 99817035
88033124 88033806
9235668 9236216
78177986 78178697
-2862120 -2861589
71327947 71328285
-68990802 -68989952
-97341282 -97340297
-11627788 -11627307
11568331 11568372
28723992 28724123
88975654 88976543
31142289 31142596
83030993 83031145
-9631666 -9631445
-70053277 -70052862
-31115863 -31115383
26962873 26963082
65890581 65890745
61424934 61425121
87195166 87195771
62768899 62769347
80194760 80195560
-55587767 -55586879
96449202 96449353
-58288562 -58288278
95416157 95416245
86326094 86326529
-655650 -654918
52289422 52289875
-37485945 -37485540
-73612925 -73612577
94145411 94145497
-65754569 -65754501
-6784038 -6783181
-67691719 -67691466
-31867147 -31866907
-51876820 -51876611
-94332818 -94332773
-23644977 -23644114
-86655212 -86654616
-8535264 -8534486
-58541730 -58540898
-35715990 -35715789
-91434671 -91434068
-32089182 -32088634
41538486 41538629
28541649 28541671
-12569041 -12569029
47802991 47803183
63416641 63417177
-44889886 -44889752
95052835 95053603
57901607 57902521
-40746812 -40746476
79804755 79805180
-23839639 -23839397
14034517 14034973
20667960 20668215
31899886 31900553
-7428032 -7427196
-21043696 -21042820
-81149538 -81149362
-11495087 -11494195
91571541 91571985
-28124223 -28123489
-32815575 -32815062
53141858 53142607
-99747321 -99747018
-2067745 -2066958
99520069 99520745
93259878 93260041
-38652296 -38652086
-29184215 -29183603
83776127 83776612
-47532901 -47532656
57720793 57721365
-83498249 -83497730
-88622882 -88622388
60166771 60166958
14507046 14507513
-86684698 -86684309
-29510900 -29510183
49663478 49664406
-51995532 -51994662
-95930848 -95930766
-52740094 -52739169
-21338650 -21338391
48130979 48131519
-57133128 -57132552
-80719138 -80718780
42457634 42458070
-50864561 -50864416
-69175799 -69175294
42192769 42193121
31896186 31896579
-20960075 -20960025
26090670 26090853
3090442 3090652
-93936400 -93936172
43158963 43159007
78835411 78835905
-10520932 -10520316
-83736559 -83736005
47671540 47671810
-89243017 -89242470
-26306952 -26306936
-94615125 -94614289
20707589 20707990
-71035982 -71035625
9719738 9720600
-30521324 -30520839
44460947 44461570
55499746 55500628
88659646 88660396
2467224 2467543
41983900 41984780
74359007 74359957
65449911 65449955
70379435 70379612
70637695 70638570
10000012 10000497
-61294782 -61294311
93805946 93806843
65627094 65627477
-60125430 -60124781
75376563 75377451
8051836 8052423
-50296102 -50295664
-66385523 -66385102
81935713 81936240
78958338 78959120
12376179 12376905
-30903564 -30903358
41016362 41016616
-88336378 -88335786
22228128 22228753
69794055 69794393
66319787 66320185
-47956495 -47956108
81292242 81292714
-35496500 -35496193
22013189 22013205
-12586996 -12586157
20048367 20049310
-36254866 -36254093
-89023407 -89023166
65780619 65781022
47281681 47282319
-59490813 -59490804
36244279 36244389
