-99993311 -99992920
-99982990 -99982356
-99974548 -99974059
-99957459 -99956873
-99948486 -99948122
-99899893 -99899287
-99897885 -99897570
-99876885 -99876188
-99867223 -99866349
-99847348 -99847000
-99818735 -99818327
-99768119 -99768008
-99747321 -99747018
-99717596 -99717271
-99689226 -99689188
-99637123 -99636562
-99613456 -99613372
-99585835 -99585267
-99563979 -99563811
-99558450 -99557774
-99536956 -99536154
-99532809 -99532212
-99529227 -99528435
-99522693 -99521997
-99518294 -99517753
-99507235 -99506247
-99501388 -99501259
-99484198 -99483554
-99462912 -99462551
-99461355 -99461249
-99458966 -99458749
-99405597 -99404883
-99382437 -99382063
-99377564 -99376750
-99365811 -99365131
-99358334 -99358170
-99357508 -99357169
-99340734 -99340261
-99315580 -99314696
-99302820 -99301946
-99295090 -99295083
-99283308 -99282990
-99259673 -99259309
-99226865 -99226144
-99212263 -99211425
-99192609 -99192505
-99150078 -99149175
-99138173 -99137606
-99136451 -99136193
-99130733 -99129892
-99107636 -99107490
-99087624 -99087443
-99080490 -99079950
-99056700 -99055796
-99048307 -99048304
-99033693 -99033170
-99014209 -99013359
-99006367 -99005768
-99001152 -99000507
-98963150 -98962399
-98897674 -98896780
-98883592 -98883550
-98880013 -98879861
-98878171 -98877470
-98871787 -98870818
-98867729 -98866756
-98861561 -98860751
-98851619 -98850841
-98844145 -98843161
-98811946 -98811015
-98790516 -98790218
-98782381 -98781397
-98766670 -98765897
-98676447 -98676042
-98658011 -98657718
-98556150 -98555646
-98525428 -98525388
-98461235 -98460779
-98401106 -98400822
-98373250 -98373112
-98310613 -98310144
-98273410 -98273297
-98263096 -98262447
-98255635 -98255614
-98236454 -98235770
-98224266 -98223713
-98186599 -98185861
-98169562 -98169391
-98162627 -98161701
-98158217 -98157864
-98149347 -98148608
-98144786 -98144762
-98126062 -98125412
-98120275 -98119365
-98067199 -98066275
-98064988 -98064624
-98063936 -98063316
-97944669 -97944351
-97932303 -97931726
-97885956 -97885242
-97876216 -97875335
-97869356 -97868386
-97865017 -97864783
-97863970 -97863811
-97850677 -97850591
-97836845 -97836583
-97765524 -97764982
-97724383 -97724300
-97723351 -97722672
-97715913 -97715362
-97712079 -97711843
-97697054 -97696315
-97690818 -97690152
-97665875 -97664785
-97622439 -97622218
-97621175 -97620374
-97550680 -97549983
-97523056 -97523028
-97484823 -97484245
-97465070 -97464154
-97459185 -97458362
-97443598 -97443378
-97401169 -97400259
-97395093 -97394380
-97376663 -97376439
-97341282 -97340297
-97325231 -97324446
-97315811 -97315141
-97314906 -97314606
-97209079 -97208894
-97164437 -97164392
-97160515 -97160194
-97121833 -97121559
-97099498 -97098995
-97093481 -97093138
-97074033 -97073561
-97054594 -97054100
-97042701 -97042042
-97036275 -97035993
-97035184 -97034733
-96993898 -96993362
-96991377 -96990700
-96959522 -96959285
-96925339 -96924458
-96883601 -96882984
-96868348 -96868015
-96858884 -96857967
-96806637 -96806438
-96758440 -96757776
-96746062 -96745907
-96731771 -96731608
-96725709 -96725424
-96699892 -96699067
-96689211 -96688928
-96685211 -96684589
-96660309 -96659391
-96630280 -96629819
-96591020 -96590989
-96583227 -96582346
-96581704 -96581507
-96564657 -96564656
-96563543 -96563318
-96556938 -96556439
-96512937 -96512842
-96430180 -96429966
-96425326 -96425198
-96423280 -96422758
-96422532 -96421549
-96414725 -96413850
-96396926 -96396601
-96389446 -96388939
-96343931 -96343625
-96332229 -96331823
-96322303 -96321373
-96286776 -96286259
-96275764 -96275320
-96183340 -96182913
-96166955 -96166211
-96155524 -96155350
-96060150 -96059495
-96046047 -96045564
-96035643 -96035581
-96030695 -96030329
-96016395 -96015764
-95994420 -95993780
-95962675 -95962506
-95952361 -95952003
-95945143 -95944607
-95930848 -95930766
-95913177 -95912986
-95907387 -95907256
-95906063 -95905731
-95903608 -95902659
-95881312 -95880590
-95849470 -95849131
-95848830 -95848701
-95826311 -95825591
-95820737 -95820221
-95797955 -95797153
-95790161 -95790132
-95762573 -95762416
-95761434 -95760531
-95722338 -95722183
-95716455 -95715471
-95690532 -95690098
-95669698 -95668830
-95657237 -95656930
-95640803 -95640500
-95610472 -95609721
-95579519 -95578697
-95574525 -95573575
-95556418 -95556406
-95532996 -95532638
-95517848 -95517280
-95515723 -95514860
-95490465 -95490450
-95487275 -95487063
-95457200 -95456581
-95450758 -95450611
-95378047 -95377257
-95310541 -95309752
-95256692 -95256017
-95250610 -95249822
-95243733 -95243219
-95211396 -95211122
-95209058 -95208502
-95200060 -95199863
-95183313 -95182982
-95171940 -95171411
-95166648 -95165689
-95146155 -95146034
-95141935 -95141767
-95138132 -95137519
-95133474 -95132910
-95114186 -95113321
-95113245 -95112351
-95092575 -95092434
-95089667 -95088843
-95086648 -95086433
-95044033 -95043891
-95030991 -95030769
-95022601 -95021681
-95002727 -95002549
-94965224 -94964597
-94927697 -94927162
-94844731 -94843985
-94824271 -94824044
-94813456 -94812669
-94808186 -94807937
-94768495 -94767646
-94741089 -94740882
-94726078 -94726038
-94717548 -94717530
-94683357 -94682834
-94667921 -94667372
-94665908 -94665089
-94656619 -94656064
-94615125 -94614289
-94596611 -94596212
-94592300 -94592297
-94584153 -94583805
-94574906 -94574785
-94574433 -94573529
-94541369 -94540792
-94481962 -94481576
-94469135 -94468292
-94464264 -94463408
-94446065 -94446011
-94431262 -94430810
-94418173 -94417732
-94332818 -94332773
-94323802 -94323110
-94293499 -94292621
-94291242 -94290879
-94239886 -94239561
-94237666 -94237609
-94231881 -94231429
-94222884 -94222119
-94164110 -94163996
-94163222 -94163074
-94149412 -94149158
-94138059 -94137602
-94112263 -94111283
-94105068 -94104854
-94065176 -94064207
-94018266 -94018114
-93952599 -93951949
-93941593 -93940737
-93936400 -93936172
-93928380 -93927883
-93925549 -93925138
-93910642 -93910247
-93901522 -93901177
-93881931 -93881199
-93881073 -93880559
-93860356 -93859410
-93839918 -93839142
-93808969 -93808023
-93747865 -93747681
-93738176 -93737301
-93719507 -93719199
-93692473 -93691947
-93564422 -93563563
-93560363 -93559905
-93558391 -93557782
-93547700 -93546952
-93543264 -93542619
-93540013 -93539918
-93527606 -93526896
-93513502 -93512595
-93457399 -93456545
-93447202 -93446589
-93445405 -93444944
-93435852 -93435418
-93426922 -93426802
-93392397 -93391344
-93386626 -93385799
-93379120 -93378595
-93346037 -93345159
-93340843 -93340078
-93334301 -93333359
-93319915 -93318989
-93309110 -93308464
-93305542 -93304642
-93296041 -93295117
-93293129 -93292131
-93272714 -93271917
-93267324 -93266414
-93237998 -93237336
-93233520 -93233045
-93226761 -93226635
-93205127 -93204451
-93199055 -93198855
-93145878 -93145167
-93137755 -93137226
-93118410 -93117933
-93104184 -93103850
-93093184 -93092942
-93043908 -93043696
-93019132 -93018209
-92930541 -92929738
-92895175 -92894649
-92882195 -92881554
-92880253 -92879635
-92848925 -92848412
-92823846 -92823433
-92792460 -92791912
-92791374 -92791330
-92731064 -92730560
-92727658 -92727072
-92705808 -92705234
-92681411 -92680789
-92680679 -92679907
-92670325 -92670076
-92663610 -92662729
-92641813 -92640868
-92635012 -92634291
-92633548 -92632635
-92560822 -92560388
-92552530 -92551568
-92511167 -92510402
-92482431 -92481969
-92367104 -92366976
-92328298 -92327565
-92300051 -92299928
-92295625 -92294628
-92236253 -92236034
-92234610 -92234190
-92234054 -92233447
-92233179 -92232965
-92182067 -92181499
-92172048 -92172014
-92152624 -92152212
-92142846 -92142801
-92125850 -92125504
-92112693 -92112318
-92106603 -92105949
-92084907 -92084251
-92042505 -92042494
-91993413 -91993252
-91979117 -91978486
-91977332 -91977014
-91939809 -91938980
-91938768 -91938622
-91918012 -91916690
-91908289 -91907631
-91896972 -91896815
-91875149 -91874990
-91873865 -91873572
-91872000 -91871514
-91853729 -91853455
-91840567 -91839841
-91776061 -91775822
-91738821 -91738137
-91714540 -91713786
-91707293 -91706324
-91705780 -91705121
-91699688 -91699287
-91690124 -91690041
-91687658 -91687232
-91666990 -91666105
-91598506 -91598397
-91586126 -91585328
-91552765 -91552246
-91549601 -91549472
-91535464 -91534908
-91526451 -91525456
-91512971 -91512627
-91447453 -91446871
-91434671 -91434068
-91432260 -91431288
-91400959 -91400132
-91390752 -91390526
-91361361 -91360526
-91351629 -91351590
-91340222 -91339529
-91326417 -91326135
-91315969 -91315217
-91313351 -91313228
-91279570 -91279064
-91227713 -91226814
-91218391 -91218000
-91206448 -91205871
-91190914 -91190850
-91175888 -91175280
-91147010 -91146788
-91140280 -91139962
-91121170 -91120569
-91098042 -91097120
-91089471 -91088577
-91059629 -91059540
-91054906 -91053916
-90962715 -90961774
-90918596 -90917793
-90885087 -90884949
-90880775 -90880377
-90858078 -90858033
-90855778 -90855393
-90833698 -90833252
-90827346 -90826451
-90808244 -90808196
-90803089 -90803061
-90802345 -90801447
-90795195 -90794460
-90785575 -90785542
-90780002 -90779068
-90739794 -90739470
-90735453 -90734859
-90642857 -90642017
-90637854 -90637568
-90605723 -90605111
-90598115 -90597641
-90592790 -90591937
-90581479 -90580787
-90573614 -90573311
-90564564 -90564009
-90546150 -90546086
-90542004 -90541340
-90491531 -90490622
-90463996 -90463884
-90460963 -90460864
-90449174 -90448202
-90437368 -90436669
-90433062 -90432715
-90430168 -90429981
-90428684 -90428603
-90426121 -90425968
-90394812 -90394248
-90393585 -90393181
-90347118 -90346297
-90270846 -90270790
-90246319 -90245342
-90241970 -90241170
-90219348 -90219113
-90211016 -90210293
-90195779 -90194892
-90190023 -90189479
-90184567 -90183791
-90114885 -90114580
-90087248 -90086600
-90078757 -90078687
-90059855 -90059848
-90048728 -90048191
-90025855 -90024876
-90019534 -90018684
-90015043 -90014181
-89922582 -89922510
-89918054 -89917610
-89915260 -89914752
-89896326 -89896147
-89888966 -89888232
-89886349 -89885636
-89875106 -89874866
-89843693 -89843197
-89823216 -89822240
-89813831 -89813419
-89784356 -89783793
-89731873 -89731693
-89729081 -89729060
-89718195 -89717494
-89703329 -89702496
-89656777 -89656659
-89620306 -89620228
-89617843 -89617038
-89607755 -89607488
-89599897 -89599282
-89580912 -89580300
-89516522 -89516317
-89510721 -89509748
-89492284 -89491773
-89471230 -89470813
-89458345 -89457451
-89442341 -89441925
-89434196 -89434131
-89429410 -89428635
-89415224 -89414263
-89411029 -89410453
-89409430 -89409136
-89407476 -89407271
-89402580 -89402510
-89366376 -89365871
-89355223 -89354833
-89340755 -89340703
-89321229 -89320909
-89316324 -89315422
-89311238 -89310594
-89259788 -89259117
-89254806 -89253849
-89243017 -89242470
-89217235 -89217032
-89175318 -89174398
-89173415 -89172796
-89121847 -89121344
-89112635 -89112317
-89098573 -89098183
-89095331 -89095146
-89082274 -89081801
-89069397 -89068733
-89027261 -89026828
-89023407 -89023166
-88980399 -88979999
-88975052 -88974380
-88948366 -88948265
-88908060 -88907945
-88847023 -88846808
-88843683 -88842826
-88841705 -88840769
-88839299 -88838718
-88837847 -88837466
-88803927 -88803419
-88801452 -88801113
-88791502 -88791122
-88747147 -88746507
-88735916 -88735483
-88706984 -88706762
-88667184 -88666676
-88650756 -88650608
-88644346 -88643458
-88622882 -88622388
-88617398 -88616580
-88598349 -88597968
-88585251 -88584354
-88543628 -88542727
-88542608 -88541854
-88538378 -88538185
-88535163 -88534169
-88525528 -88524788
-88481816 -88481387
-88474549 -88474213
-88469528 -88469025
-88467750 -88467580
-88464955 -88464851
-88436399 -88436304
-88419064 -88418777
-88362846 -88362644
-88347694 -88347455
-88336378 -88335786
-88322157 -88322093
-88283141 -88283047
-88266713 -88265759
-88261340 -88261150
-88260672 -88259791
-88247775 -88247624
-88234807 -88234158
-88225573 -88225150
-88215583 -88215451
-88214151 -88213707
-88162229 -88161425
-88139639 -88138851
-88134972 -88134318
-88115345 -88114703
-88114283 -88113789
-88106667 -88106175
-88105236 -88105203
-88081491 -88080613
-88073065 -88072430
-88070409 -88069878
-88059371 -88058487
-88052894 -88052856
-88051453 -88050571
-87976085 -87975262
-87971115 -87970558
-87951822 -87951284
-87946903 -87945985
-87945144 -87944511
-87824004 -87823671
-87821781 -87821285
-87804655 -87804106
-87798812 -87798316
-87781612 -87780712
-87729195 -87728957
-87727936 -87727530
-87688415 -87688002
-87677498 -87676603
-87638653 -87638267
-87611019 -87610833
-87591995 -87591857
-87584814 -87584278
-87572244 -87572016
-87556043 -87554879
-87526713 -87526291
-87473833 -87473712
-87453132 -87452748
-87452110 -87451930
-87404439 -87403684
-87397832 -87397418
-87356592 -87356360
-87335332 -87335077
-87312055 -87311705
-87296500 -87295773
-87295511 -87294575
-87294341 -87293503
-87227520 -87227288
-87225098 -87224953
-87202954 -87202129
-87196990 -87196559
-87189326 -87187878
-87184334 -87183740
-87182308 -87182013
-87166397 -87165698
-87163891 -87163343
-87144392 -87144218
-87105373 -87104776
-87083745 -87083741
-87078027 -87077198
-87075547 -87075387
-87036769 -87036341
-87025827 -87025228
-86949290 -86948660
-86896158 -86896122
-86886066 -86885615
-86885396 -86885271
-86884275 -86884238
-86839154 -86838487
-86829516 -86829475
-86828084 -86827640
-86767868 -86766955
-86753918 -86753411
-86739767 -86739251
-86733656 -86733640
-86717123 -86716218
-86696131 -86695998
-86684698 -86684309
-86655212 -86654616
-86640342 -86639735
-86587636 -86586922
-86556737 -86555836
-86553652 -86553615
-86553403 -86552578
-86541149 -86540881
-86540227 -86539948
-86537333 -86537024
-86529761 -86529032
-86507484 -86507287
-86497350 -86496551
-86492322 -86491743
-86487617 -86486765
-86453750 -86452751
-86382569 -86382185
-86358576 -86358565
-86353217 -86352553
-86343500 -86342660
-86324566 -86324072
-86320218 -86319755
-86316974 -86316682
-86303190 -86302965
-86289562 -86288910
-86286162 -86286029
-86275645 -86275300
-86266420 -86265558
-86264455 -86263705
-86260715 -86260312
-86229674 -86229078
-86221999 -86221692
-86210326 -86210097
-86203753 -86202896
-86177704 -86177087
-86135874 -86135421
-86104268 -86103480
-86091006 -86090419
-86087558 -86086919
-86038384 -86037424
-86027918 -86027811
-85999952 -85998966
-85960140 -85959168
-85952402 -85951983
-85946806 -85946478
-85945050 -85944305
-85937261 -85937231
-85928496 -85928087
-85921689 -85920837
-85918236 -85917698
-85889118 -85888300
-85880079 -85879288
-85875425 -85874620
-85827454 -85827312
-85790143 -85790058
-85776182 -85775204
-85769568 -85769222
-85746624 -85745825
-85741492 -85741093
-85732746 -85732274
-85707028 -85706620
-85693144 -85692558
-85680064 -85679439
-85650917 -85650081
-85623224 -85623156
-85607101 -85606919
-85535259 -85534326
-85496049 -85495893
-85469571 -85468580
-85463890 -85463774
-85456678 -85455930
-85453065 -85452750
-85404155 -85403159
-85402335 -85401502
-85388177 -85387350
-85373145 -85372364
-85358327 -85357548
-85357018 -85356425
-85354545 -85353904
-85344289 -85343809
-85330534 -85330432
-85329578 -85328946
-85235729 -85235085
-85218251 -85217858
-85202123 -85201744
-85193741 -85193303
-85167682 -85167282
-85157099 -85156550
-85114411 -85114120
-85108713 -85108338
-85099307 -85098757
-85040662 -85039969
-85023235 -85022888
-85005250 -85004589
-84999372 -84998791
-84996577 -84996066
-84964545 -84964387
-84958655 -84958346
-84940517 -84939610
-84929193 -84928816
-84916849 -84916774
-84904267 -84903739
-84856292 -84855523
-84846826 -84845973
-84801153 -84800935
-84799755 -84799071
-84795284 -84794400
-84780719 -84780639
-84772801 -84771996
-84769428 -84769323
-84750922 -84750334
-84747380 -84745829
-84709664 -84709235
-84678182 -84677433
-84669200 -84668543
-84638753 -84638273
-84634585 -84634388
-84616725 -84616067
-84591601 -84591282
-84563380 -84562529
-84558365 -84557801
-84536504 -84535928
-84524275 -84523440
-84511566 -84511339
-84502720 -84502562
-84483075 -84482601
-84468863 -84467896
-84464294 -84463553
-84422298 -84421978
-84369298 -84368978
-84363188 -84362918
-84341312 -84340585
-84307334 -84306820
-84302710 -84302143
-84276986 -84276880
-84235129 -84234285
-84230807 -84230059
-84227158 -84226759
-84215134 -84214847
-84197582 -84196705
-84177125 -84176244
-84165096 -84164753
-84141193 -84141036
-84117076 -84116538
-84106594 -84106249
-84095501 -84095306
-84073148 -84072783
-84044573 -84043753
-84026956 -84026709
-83985779 -83985347
-83941964 -83941318
-83928724 -83928416
-83906904 -83905913
-83896615 -83895874
-83884178 -83883833
-83848309 -83847840
-83839530 -83839042
-83788012 -83787153
-83782906 -83782039
-83774512 -83773766
-83764746 -83764604
-83762544 -83762409
-83761429 -83760911
-83745049 -83744521
-83736559 -83736005
-83732249 -83731987
-83727699 -83727309
-83702780 -83702191
-83690092 -83690034
-83683342 -83682470
-83680532 -83680399
-83639640 -83639294
-83622886 -83622582
-83498249 -83497730
-83484938 -83484652
-83447505 -83446695
-83417023 -83416248
-83387822 -83387642
-83378761 -83378674
-83356529 -83356474
-83337073 -83336473
-83319913 -83319757
-83310304 -83309360
-83301645 -83300707
-83296742 -83296037
-83286995 -83286467
-83233549 -83233148
-83226220 -83225526
-83208499 -83208414
-83168287 -83168081
-83163478 -83162648
-83109144 -83108589
-83096529 -83095781
-83095235 -83094688
-83072848 -83072269
-83053539 -83053073
-83046580 -83045837
-83014011 -83013696
-83010009 -83009995
-83006879 -83006454
-82997254 -82996814
-82996782 -82996353
-82994669 -82994376
-82974272 -82973946
-82959931 -82959403
-82945493 -82944800
-82942161 -82941976
-82905450 -82905107
-82784235 -82784064
-82764267 -82763525
-82748709 -82748438
-82715798 -82715090
-82692003 -82691506
-82690909 -82690717
-82686367 -82686304
-82682036 -82681854
-82620533 -82619598
-82612924 -82612601
-82612211 -82611388
-82592173 -82591897
-82585136 -82584167
-82577451 -82576525
-82567980 -82567190
-82554763 -82554661
-82538719 -82538369
-82525821 -82524977
-82499085 -82498641
-82469676 -82468729
-82464829 -82464407
-82444026 -82443455
-82437552 -82437282
-82409177 -82408673
-82395379 -82394603
-82378424 -82377600
-82372834 -82371981
-82370483 -82370410
-82355619 -82355258
-82350554 -82349879
-82330572 -82330282
-82329862 -82329617
-82295308 -82293866
-82258112 -82257596
-82233519 -82233502
-82228437 -82228229
-82207428 -82207107
-82194371 -82193522
-82185777 -82185548
-82126203 -82125320
-82107192 -82106447
-82100971 -82100472
-82072788 -82072263
-82048891 -82048131
-82012388 -82012299
-81969732 -81969598
-81954481 -81954137
-81948814 -81948793
-81936188 -81936128
-81923789 -81923736
-81895133 -81894480
-81884876 -81884838
-81881015 -81880645
-81857887 -81857835
-81856702 -81856244
-81852045 -81851311
-81849147 -81848962
-81839589 -81839346
-81838593 -81838565
-81838167 -81837866
-81828115 -81827322
-81734613 -81734259
-81652026 -81651350
-81632731 -81632548
-81620879 -81620748
-81613240 -81612856
-81591740 -81590968
-81570545 -81570260
-81558769 -81557934
-81544790 -81544304
-81537621 -81536671
-81532580 -81531635
-81523784 -81523256
-81494745 -81494577
-81488058 -81487680
-81424602 -81424236
-81423277 -81423272
-81413595 -81413165
-81405459 -81405126
-81375597 -81374986
-81368776 -81368325
-81343726 -81343304
-81312912 -81312871
-81296624 -81295925
-81294788 -81294043
-81290241 -81290190
-81285580 -81285262
-81264612 -81263842
-81258948 -81258516
-81232850 -81231929
-81231697 -81231386
-81203972 -81203208
-81201019 -81200091
-81199196 -81198862
-81165872 -81165189
-81149538 -81149362
-81144166 -81143303
-81132548 -81132119
-81112255 -81111528
-81080216 -81079921
-81051874 -81051054
-81043935 -81043307
-81020314 -81019683
-80993778 -80992950
-80972640 -80971712
-80951430 -80950553
-80947476 -80947109
-80900318 -80899740
-80844303 -80843495
-80843328 -80843087
-80837829 -80837382
-80815818 -80815438
-80794754 -80794023
-80781677 -80781170
-80773341 -80772625
-80762005 -80762000
-80753284 -80753211
-80732703 -80731980
-80719138 -80718780
-80682595 -80681855
-80680675 -80679903
-80678339 -80678193
-80654869 -80654612
-80646130 -80645823
-80638827 -80638531
-80637189 -80636404
-80631170 -80630438
-80627545 -80627027
-80621984 -80621155
-80597362 -80596975
-80589070 -80588376
-80580360 -80580098
-80564975 -80564653
-80558265 -80557928
-80548699 -80547744
-80524085 -80523253
-80481512 -80481354
-80465538 -80464667
-80449040 -80448967
-80414106 -80413768
-80405444 -80404673
-80374359 -80373863
-80364375 -80364256
-80348547 -80347746
-80319116 -80318940
-80298237 -80297399
-80276965 -80276253
-80272902 -80272285
-80269351 -80269113
-80249475 -80249321
-80234971 -80234044
-80180356 -80179368
-80175217 -80174438
-80127702 -80127373
-80126238 -80125736
-80090559 -80090139
-80085527 -80084781
-80046120 -80045493
-80026641 -80026064
-80013971 -80013013
-79992925 -79992661
-79886827 -79886575
-79855776 -79855645
-79841959 -79841850
-79839210 -79838417
-79827537 -79827479
-79818191 -79817500
-79807330 -79807018
-79803078 -79802219
-79777369 -79776997
-79772474 -79772006
-79765430 -79765229
-79719825 -79718894
-79708345 -79707459
-79699346 -79698853
-79690462 -79689559
-79687912 -79687426
-79683369 -79683028
-79680902 -79680253
-79674813 -79674527
-79668015 -79667368
-79666721 -79666678
-79656930 -79656342
-79656131 -79655236
-79633539 -79633111
-79615357 -79614957
-79596342 -79595500
-79575858 -79574935
-79521335 -79520791
-79486189 -79485733
-79473236 -79473092
-79430712 -79430110
-79427516 -79426528
-79419337 -79418962
-79384235 -79383260
-79368258 -79367523
-79315393 -79315219
-79301223 -79300877
-79290684 -79290298
-79285554 -79285014
-79217595 -79216954
-79202902 -79202306
-79187164 -79186446
-79102046 -79101136
-79087916 -79087123
-79082927 -79082386
-79048866 -79048811
-79013787 -79012985
-78991487 -78990984
-78977456 -78977203
-78966518 -78966027
-78952231 -78952103
-78929710 -78928796
-78921256 -78921118
-78920905 -78920650
-78866017 -78865049
-78859809 -78859716
-78808931 -78808598
-78806148 -78805652
-78800010 -78799737
-78784389 -78784260
-78755211 -78754839
-78753468 -78753197
-78693462 -78692749
-78654017 -78653555
-78575882 -78575208
-78555239 -78554337
-78528293 -78528096
-78508033 -78507762
-78494345 -78493990
-78490474 -78489968
-78478064 -78477299
-78439980 -78439182
-78434976 -78434965
-78430339 -78429855
-78420755 -78420173
-78394587 -78393861
-78363651 -78362949
-78334645 -78333945
-78318334 -78318311
-78312387 -78311543
-78308148 -78307915
-78301525 -78300802
-78243537 -78243506
-78221030 -78220376
-78191623 -78191411
-78179115 -78178116
-78173784 -78173679
-78170113 -78169600
-78144524 -78143776
-78134647 -78134218
-78049610 -78049022
-78041529 -78041338
-78030416 -78030397
-78001306 -78000411
-77990897 -77990498
-77953204 -77952738
-77944823 -77944097
-77930837 -77930004
-77926007 -77925240
-77906318 -77905636
-77893204 -77892417
-77863310 -77862757
-77855155 -77854362
-77825695 -77825093
-77822050 -77821750
-77815608 -77814854
-77811940 -77811417
-77808426 -77807492
-77806904 -77806527
-77789999 -77789860
-77770644 -77770517
-77748977 -77748773
-77744258 -77743435
-77720907 -77720812
-77680973 -77680863
-77680196 -77679543
-77662756 -77661835
-77641299 -77640526
-77636509 -77636203
-77633222 -77633083
-77624077 -77623911
-77589388 -77588486
-77587690 -77587271
-77586156 -77586119
-77565395 -77564626
-77562099 -77561122
-77559548 -77559132
-77558998 -77558309
-77532050 -77531272
-77503591 -77502876
-77488599 -77488403
-77487517 -77487159
-77486836 -77485996
-77485078 -77484126
-77460939 -77460434
-77418653 -77418416
-77412220 -77412172
-77387899 -77387859
-77384503 -77384427
-77342670 -77342491
-77294007 -77293832
-77291606 -77290989
-77247848 -77247389
-77221104 -77220766
-77209281 -77208680
-77200787 -77199942
-77193195 -77193080
-77180575 -77180267
-77102824 -77102722
-77095793 -77095237
-77080265 -77079491
-77044271 -77043541
-77031537 -77031021
-76983443 -76982891
-76976159 -76975689
-76975038 -76974044
-76959450 -76958908
-76907173 -76906195
-76888744 -76888664
-76887464 -76887360
-76836246 -76836196
-76820478 -76820039
-76799852 -76799384
-76793794 -76793166
-76768942 -76768014
-76751855 -76751479
-76742536 -76742137
-76738179 -76737976
-76732165 -76731811
-76685769 -76685252
-76670861 -76670108
-76665050 -76664156
-76628513 -76627526
-76626037 -76625372
-76608242 -76608114
-76548740 -76548619
-76520004 -76519262
-76517261 -76516765
-76512390 -76512185
-76485657 -76485438
-76481717 -76481187
-76474516 -76474497
-76460614 -76459808
-76447952 -76446968
-76444535 -76443613
-76422330 -76422028
-76413246 -76412490
-76403970 -76403080
-76400705 -76400148
-76342528 -76342231
-76332379 -76331517
-76331240 -76330396
-76287496 -76286345
-76262470 -76261769
-76260752 -76260680
-76238224 -76238112
-76202073 -76201635
-76192120 -76191540
-76170653 -76170277
-76168435 -76168196
-76168008 -76167690
-76161243 -76160335
-76151117 -76150828
-76129009 -76128615
-76119963 -76119592
-76119301 -76119114
-76101442 -76100869
-76090856 -76090666
-76070860 -76070390
-76068822 -76068661
-76065678 -76065338
-76049514 -76048801
-76040270 -76038531
-76010400 -76009442
-75982129 -75981429
-75958343 -75957435
-75948715 -75948397
-75946377 -75945542
-75932364 -75932031
-75928000 -75927057
-75894434 -75893664
-75874710 -75874586
-75874305 -75874099
-75833289 -75832724
-75830546 -75829951
-75785748 -75785106
-75783081 -75782722
-75750674 -75750285
-75741656 -75741151
-75679344 -75678747
-75631846 -75631103
-75624300 -75624298
-75608501 -75608231
-75600124 -75599141
-75566660 -75566347
-75546387 -75546054
-75527778 -75527595
-75516306 -75515989
-75483393 -75482954
-75460672 -75460436
-75453338 -75452818
-75429857 -75429808
-75400357 -75399648
-75374972 -75374781
-75366174 -75365552
-75325600 -75324616
-75298178 -75298168
-75285438 -75284466
-75273094 -75272310
-75241241 -75240399
-75210611 -75209994
-75195429 -75195101
-75173305 -75172941
-75164586 -75164530
-75143495 -75142709
-75137604 -75136923
-75130027 -75129383
-75115445 -75114949
-75054824 -75053974
-75053875 -75053340
-75011229 -75010865
-74947651 -74947171
-74910240 -74909426
-74905275 -74904761
-74894094 -74894008
-74876097 -74875713
-74857882 -74857357
-74710964 -74710380
-74697970 -74697182
-74695756 -74695079
-74693917 -74693203
-74684044 -74684044
-74652421 -74651851
-74622616 -74621725
-74604478 -74603756
-74603072 -74602429
-74561178 -74560589
-74555811 -74554961
-74553013 -74552885
-74532636 -74531704
-74522509 -74521792
-74516622 -74515727
-74485994 -74485375
-74465763 -74465401
-74420363 -74419852
-74410359 -74409798
-74408667 -74408425
-74404121 -74403488
-74401872 -74401765
-74400999 -74400436
-74388727 -74388316
-74376760 -74376141
-74350992 -74350683
-74308939 -74308121
-74239268 -74238396
-74221758 -74221562
-74186825 -74186812
-74168520 -74167991
-74134725 -74133867
-74131155 -74130328
-74129839 -74129254
-74107344 -74107263
-74054764 -74053939
-74039742 -74039728
-74025351 -74024875
-74021275 -74021114
-74009387 -74008603
-73972951 -73972902
-73951002 -73950282
-73948694 -73947881
-73939620 -73938759
-73933048 -73932530
-73923186 -73922267
-73906561 -73905856
-73893344 -73892608
-73871406 -73871185
-73830039 -73829775
-73802693 -73802124
-73777221 -73776673
-73761236 -73760952
-73760608 -73760300
-73732919 -73732458
-73697173 -73696958
-73691401 -73690772
-73680134 -73679217
-73679020 -73678120
-73612925 -73612577
-73585737 -73585107
-73574130 -73573659
-73491345 -73491125
-73479913 -73478979
-73422591 -73422534
-73407690 -73407498
-73406230 -73406006
-73381841 -73381840
-73358461 -73357836
-73306105 -73305283
-73286619 -73286514
-73241311 -73240612
-73232049 -73232008
-73197664 -73197371
-73160229 -73160117
-73112525 -73112194
-73111285 -73111101
-73101036 -73100999
-73084958 -73084228
-73074856 -73074529
-73064089 -73063414
-73055391 -73054671
-73031197 -73030494
-72984675 -72984585
-72962752 -72962508
-72946093 -72946041
-72894129 -72893270
-72882405 -72881950
-72848883 -72848827
-72790944 -72790479
-72759692 -72759013
-72728822 -72728474
-72699858 -72699691
-72688652 -72687764
-72667399 -72666454
-72665266 -72665104
-72654891 -72654668
-72643684 -72643644
-72627441 -72627343
-72615717 -72615233
-72576461 -72576194
-72561067 -72561015
-72498493 -72497609
-72464027 -72463521
-72455463 -72454792
-72448580 -72448440
-72419053 -72418342
-72393107 -72392762
-72374308 -72373381
-72347948 -72347546
-72343928 -72343587
-72342981 -72342323
-72340360 -72339237
-72328938 -72328776
-72318596 -72317874
-72312204 -72312199
-72276682 -72276502
-72269864 -72269526
-72252814 -72252101
-72246276 -72245930
-72245219 -72244605
-72225185 -72224082
-72213048 -72212376
-72207124 -72206319
-72195850 -72194927
-72172025 -72171293
-72151902 -72151853
-72147093 -72147078
-72145181 -72144569
-72139759 -72139586
-72092297 -72091593
-72057103 -72056432
-72003982 -72003684
-71954347 -71954344
-71948090 -71947647
-71934398 -71933984
-71919044 -71918299
-71896604 -71896535
-71819613 -71819126
-71803718 -71803165
-71802740 -71802057
-71796565 -71796355
-71789991 -71789106
-71667507 -71667197
-71656211 -71655881
-71630980 -71630973
-71606171 -71605185
-71595074 -71594506
-71512024 -71511939
-71488844 -71487855
-71480953 -71479976
-71410929 -71410680
-71409982 -71409444
-71394104 -71393902
-71378164 -71377793
-71372784 -71371983
-71362821 -71361950
-71337507 -71337370
-71314491 -71313635
-71301538 -71300558
-71295558 -71295172
-71293777 -71293770
-71263259 -71262831
-71249937 -71249080
-71247619 -71246884
-71245190 -71244967
-71240981 -71240484
-71210118 -71209529
-71145364 -71144478
-71138662 -71137980
-71133591 -71133414
-71106456 -71105726
-71094912 -71094241
-71076400 -71075501
-71074398 -71073998
-71062398 -71062079
-71035982 -71035625
-71035177 -71034810
-70998838 -70998513
-70990013 -70989138
-70969675 -70969142
-70933193 -70933082
-70927001 -70926272
-70921469 -70920897
-70900583 -70900573
-70849879 -70849161
-70847142 -70846671
-70843006 -70842388
-70820475 -70819901
-70814745 -70813776
-70798130 -70798040
-70768210 -70768138
-70763317 -70762847
-70727685 -70727488
-70709339 -70708342
-70702931 -70702293
-70697582 -70696810
-70680187 -70680173
-70656190 -70655195
-70648708 -70648122
-70636514 -70636001
-70601788 -70601724
-70578871 -70578482
-70577799 -70577491
-70552212 -70551241
-70526704 -70526693
-70497874 -70497707
-70473573 -70472590
-70416027 -70415802
-70396607 -70395719
-70371139 -70370490
-70363762 -70363289
-70309601 -70309449
-70303254 -70302595
-70296488 -70295964
-70278075 -70278005
-70265679 -70265235
-70261028 -70260390
-70225080 -70224924
-70201525 -70200901
-70187193 -70186945
-70183502 -70183420
-70177911 -70177068
-70165869 -70165528
-70163709 -70162966
-70153982 -70153394
-70139270 -70138825
-70120156 -70119261
-70084985 -70084454
-70084453 -70083913
-70069457 -70069205
-70069117 -70068265
-70053277 -70052862
-70023781 -70023547
-70015617 -70015138
-69976278 -69975350
-69953870 -69953052
-69884942 -69884573
-69844824 -69844091
-69819951 -69819037
-69811968 -69811395
-69795404 -69795361
-69788146 -69787792
-69750089 -69750016
-69744510 -69743165
-69741587 -69740674
-69736897 -69735978
-69703185 -69702339
-69690652 -69690621
-69670695 -69670262
-69655220 -69654388
-69615490 -69614572
-69604198 -69603983
-69600020 -69599721
-69578604 -69578122
-69565979 -69565733
-69554284 -69553466
-69552056 -69551194
-69526284 -69525898
-69477165 -69476255
-69449604 -69449423
-69438017 -69437385
-69434508 -69434467
-69421764 -69421258
-69419087 -69418246
-69388289 -69387732
-69357107 -69357040
-69313032 -69312117
-69280090 -69279416
-69273615 -69272994
-69259084 -69258260
-69228844 -69228081
-69189675 -69188800
-69175799 -69175294
-69168044 -69167078
-69129870 -69128926
-69097020 -69096961
-69092559 -69091697
-69028961 -69028275
-69027633 -69026811
-69009496 -69008998
-68993802 -68992965
-68990802 -68989952
-68945651 -68945490
-68944345 -68944340
-68913401 -68912999
-68862463 -68861772
-68837795 -68837764
-68794922 -68794867
-68792604 -68792234
-68783630 -68783343
-68723185 -68722789
-68682159 -68682034
-68673503 -68673188
-68631696 -68630936
-68613123 -68612800
-68599358 -68598829
-68576505 -68576208
-68576198 -68575751
-68561433 -68561429
-68552519 -68552002
-68500438 -68499655
-68489535 -68488603
-68480201 -68479768
-68466066 -68465541
-68456413 -68455545
-68450856 -68450743
-68423773 -68422964
-68386779 -68386181
-68379883 -68379078
-68298738 -68298351
-68291987 -68291130
-68265057 -68264419
-68251311 -68250826
-68248282 -68248193
-68244061 -68243375
-68220680 -68220546
-68153002 -68152202
-68135656 -68135419
-68125009 -68124490
-68102312 -68101484
-68026407 -68026364
-68008465 -68007578
-68007538 -68006884
-67991868 -67991159
-67973238 -67972866
-67963318 -67963023
-67958113 -67957515
-67953319 -67952912
-67948830 -67948595
-67912097 -67911673
-67880005 -67879915
-67870276 -67869369
-67868354 -67867638
-67865460 -67865081
-67863051 -67862770
-67833174 -67832568
-67800323 -67800314
-67760734 -67760048
-67746332 -67745512
-67720910 -67720830
-67710739 -67710391
-67698023 -67697849
-67691719 -67691466
-67668551 -67668113
-67643199 -67642610
-67630629 -67630004
-67622293 -67621656
-67588892 -67588205
-67586259 -67586185
-67581949 -67581165
-67556542 -67555653
-67552949 -67552787
-67534182 -67533711
-67524438 -67523708
-67522912 -67522351
-67438938 -67438540
-67435829 -67435130
-67433207 -67432601
-67419047 -67418242
-67380946 -67380628
-67376201 -67375918
-67374422 -67374249
-67360091 -67359586
-67358651 -67358333
-67320116 -67319429
-67313313 -67312589
-67309568 -67309274
-67266511 -67266040
-67245417 -67244702
-67234916 -67234731
-67216758 -67215878
-67184602 -67183660
-67172042 -67171253
-67167280 -67166466
-67161761 -67161223
-67134696 -67134517
-67094911 -67094109
-67070206 -67069288
-67059443 -67059349
-67053226 -67053019
-67051765 -67050865
-67022327 -67021773
-67004532 -67003852
-67002812 -67002255
-66954811 -66954738
-66948497 -66947906
-66939949 -66938967
-66930082 -66929276
-66922328 -66921355
-66865368 -66864424
-66863862 -66863361
-66843937 -66843440
-66841415 -66840517
-66830801 -66829970
-66823074 -66822253
-66808517 -66807834
-66780120 -66779966
-66765741 -66765535
-66721169 -66720862
-66701911 -66700923
-66676949 -66676301
-66649145 -66648544
-66645380 -66645327
-66641602 -66641132
-66638306 -66637606
-66613738 -66612883
-66597100 -66596687
-66595477 -66594602
-66567678 -66567370
-66557748 -66557266
-66541312 -66540506
-66470052 -66469780
-66461619 -66460826
-66449776 -66449772
-66441104 -66440920
-66436346 -66435932
-66414304 -66413560
-66385523 -66385102
-66366005 -66365803
-66341107 -66340968
-66339857 -66339269
-66301813 -66301328
-66287638 -66287556
-66281468 -66281413
-66231040 -66230672
-66186312 -66186236
-66159109 -66158472
-66153084 -66152867
-66135513 -66135406
-66129313 -66128572
-66127318 -66127238
-66055224 -66054763
-66019418 -66019328
-66005372 -66005270
-65998737 -65997833
-65963547 -65963538
-65960573 -65960043
-65911754 -65910754
-65894141 -65894114
-65885917 -65885525
-65883531 -65883040
-65813277 -65812359
-65779484 -65779204
-65764646 -65763936
-65754569 -65754501
-65725084 -65724371
-65714028 -65713138
-65692191 -65691507
-65528418 -65528310
-65499660 -65499150
-65467496 -65467408
-65439687 -65439351
-65431586 -65430682
-65423012 -65422616
-65410241 -65409255
-65398671 -65398578
-65384098 -65383159
-65367226 -65366328
-65310459 -65309691
-65287695 -65287329
-65272832 -65272695
-65263808 -65262818
-65259570 -65259321
-65241238 -65240699
-65218964 -65218687
-65191456 -65190766
-65171316 -65171274
-65156239 -65155309
-65147019 -65146059
-65137078 -65136504
-65113599 -65112757
-65075540 -65075461
-65030685 -65029986
-65019291 -65019192
-65009907 -65009230
-64964700 -64963730
-64962778 -64962084
-64960664 -64959867
-64930083 -64929785
-64905166 -64904744
-64897464 -64896901
-64889725 -64889419
-64882269 -64882086
-64872772 -64872478
-64854884 -64854134
-64846197 -64845253
-64839552 -64839299
-64809058 -64808825
-64790111 -64789862
-64772345 -64771448
-64769072 -64768180
-64767098 -64766669
-64759308 -64759063
-64741949 -64741294
-64738875 -64738170
-64720131 -64719837
-64713362 -64712683
-64707954 -64707763
-64704305 -64703785
-64696662 -64696613
-64685402 -64684733
-64641842 -64641177
-64635294 -64634340
-64619794 -64619474
-64611437 -64610885
-64583497 -64583239
-64583040 -64582192
-64575536 -64575197
-64546908 -64546338
-64535052 -64534116
-64507649 -64506694
-64502446 -64501858
-64497218 -64496987
-64479687 -64478785
-64439415 -64438993
-64423708 -64422967
-64408527 -64407979
-64390022 -64389718
-64337897 -64337169
-64335850 -64335040
-64327022 -64326265
-64286056 -64285835
-64269518 -64269282
-64213140 -64212218
-64204769 -64204379
-64193030 -64192374
-64173814 -64173548
-64160195 -64159553
-64126161 -64125466
-64118465 -64118338
-64101648 -64100937
-64084729 -64083954
-64058938 -64058458
-64012189 -64012182
-64004943 -64004478
-63990549 -63989773
-63952418 -63951574
-63941491 -63941235
-63857540 -63857283
-63853637 -63853252
-63842906 -63842044
-63841743 -63841348
-63824327 -63823702
-63805384 -63804011
-63740410 -63739455
-63729995 -63729108
-63712453 -63711930
-63676616 -63676613
-63672612 -63671915
-63653617 -63653308
-63636812 -63636044
-63601514 -63600635
-63579733 -63579419
-63573643 -63573291
-63566460 -63565840
-63545312 -63545251
-63541830 -63541297
-63511708 -63511176
-63455171 -63454520
-63437231 -63436433
-63426354 -63425566
-63348047 -63347880
-63302896 -63301937
-63291151 -63290228
-63282556 -63282279
-63262924 -63262315
-63255438 -63254590
-63235230 -63234413
-63233264 -63233232
-63213452 -63212690
-63205248 -63205008
-63198558 -63197786
-63172341 -63171455
-63155622 -63155119
-63142866 -63142154
-63112562 -63111610
-63071380 -63070895
-63036163 -63036088
-63014239 -63013967
-63009682 -63009364
-63004616 -63004141
-63003768 -63002776
-62986811 -62986459
-62979142 -62978671
-62943432 -62942984
-62940463 -62939842
-62934561 -62934115
-62880594 -62879743
-62879379 -62879280
-62805402 -62804978
-62794734 -62794021
-62770352 -62770189
-62746472 -62746309
-62733422 -62732779
-62710762 -62709859
-62704326 -62703747
-62665007 -62664834
-62651458 -62651266
-62650599 -62650192
-62570218 -62569590
-62536209 -62535379
-62481135 -62480138
-62457734 -62456988
-62454962 -62454290
-62453189 -62453108
-62452696 -62452143
-62448406 -62447824
-62411949 -62411640
-62406366 -62406050
-62394724 -62394550
-62369786 -62369393
-62345776 -62345395
-62316588 -62316301
-62279274 -62278949
-62271528 -62271077
-62251720 -62251484
-62242813 -62242199
-62233140 -62232233
-62207592 -62207371
-62186537 -62186277
-62165493 -62164665
-62142273 -62141974
-62138542 -62138180
-62129095 -62128836
-62085609 -62085341
-62078959 -62078338
-62075420 -62074497
-62036235 -62036050
-61982480 -61981545
-61962332 -61961783
-61956073 -61955460
-61954083 -61953189
-61883467 -61882876
-61871468 -61870722
-61865677 -61865338
-61852972 -61852456
-61844311 -61844041
-61842897 -61841958
-61755061 -61754886
-61723586 -61723304
-61713754 -61713612
-61704731 -61703931
-61677530 -61676955
-61672042 -61671484
-61669774 -61669564
-61661509 -61660719
-61639468 -61639350
-61636855 -61636286
-61560426 -61560269
-61530364 -61530236
-61422930 -61422011
-61421578 -61421342
-61386572 -61385950
-61355510 -61355227
-61344590 -61344215
-61328582 -61328268
-61294782 -61294311
-61280125 -61279770
-61209585 -61209540
-61199710 -61198828
-61196874 -61196186
-61190910 -61190494
-61183197 -61182946
-61175324 -61174695
-61167230 -61166862
-61154576 -61153699
-61143298 -61142462
-61106535 -61105981
-61099109 -61098381
-61051146 -61050492
-61046202 -61045225
-61035685 -61035164
-61032867 -61032034
-61001238 -61000925
-60997967 -60997031
-60978338 -60978252
-60968800 -60967951
-60954708 -60954568
-60922433 -60922049
-60912833 -60912308
-60893479 -60893345
-60887946 -60887340
-60865660 -60864894
-60861586 -60861422
-60834516 -60834174
-60799099 -60798392
-60777598 -60777443
-60769113 -60768828
-60752707 -60752479
-60737442 -60737010
-60702486 -60702167
-60683231 -60682604
-60640629 -60639957
-60618565 -60617922
-60584540 -60584118
-60556495 -60555644
-60552264 -60552024
-60533713 -60532852
-60501247 -60500308
-60463318 -60462793
-60414737 -60414703
-60392501 -60392151
-60372161 -60371547
-60359310 -60358626
-60349731 -60348889
-60264121 -60263887
-60256612 -60255900
-60252791 -60252266
-60242957 -60242844
-60125430 -60124781
-60089647 -60088782
-60081997 -60081788
-60073544 -60072954
-60065979 -60065790
-60050407 -60050231
-59985305 -59984827
-59978406 -59978355
-59976978 -59976883
-59958424 -59957531
-59954296 -59953735
-59889673 -59889422
-59862181 -59861145
-59798653 -59797950
-59778070 -59777535
-59760399 -59759640
-59756215 -59756104
-59743950 -59743312
-59742990 -59742410
-59739100 -59738527
-59727630 -59727318
-59720861 -59720685
-59655173 -59654920
-59626362 -59626002
-59619665 -59618197
-59577825 -59577664
-59577557 -59577436
-59575064 -59574768
-59550331 -59549448
-59548142 -59547537
-59490813 -59490804
-59466812 -59466649
-59440863 -59440595
-59411519 -59411359
-59389487 -59388917
-59352849 -59352304
-59182673 -59182023
-59123800 -59123531
-59072752 -59072629
-58952866 -58952475
-58896143 -58895516
-58876098 -58875115
-58763228 -58762897
-58714942 -58714250
-58712010 -58711599
-58701426 -58701060
-58693129 -58692354
-58681906 -58681507
-58680699 -58680254
-58675258 -58674467
-58635737 -58635688
-58607129 -58606662
-58604104 -58603496
-58556020 -58555543
-58541730 -58540898
-58535790 -58535323
-58514078 -58513364
-58500331 -58500042
-58452937 -58452313
-58450530 -58450449
-58436866 -58436480
-58377010 -58376834
-58359983 -58359694
-58358279 -58358023
-58313237 -58312913
-58288562 -58288278
-58285109 -58284813
-58283623 -58283040
-58279515 -58279178
-58258300 -58258232
-58256160 -58255750
-58241361 -58240955
-58228220 -58228104
-58227178 -58226355
-58204259 -58203376
-58162291 -58161506
-58139287 -58137707
-58096025 -58095878
-58095136 -58094436
-58091217 -58090927
-58077998 -58077357
-58066243 -58065380
-58064161 -58063992
-58033615 -58033003
-58018528 -58018496
-58012091 -58012009
-58002533 -58001862
-57998798 -57998123
-57988350 -57987368
-57986987 -57986488
-57941496 -57940702
-57915860 -57914940
-57909786 -57909060
-57904917 -57904012
-57899985 -57899055
-57870244 -57869836
-57843512 -57842863
-57819674 -57819115
-57815283 -57814423
-57810329 -57810260
-57808676 -57807812
-57807004 -57806418
-57793649 -57792969
-57790599 -57790569
-57785793 -57785737
-57783614 -57783018
-57780397 -57780145
-57729919 -57729400
-57719659 -57718992
-57683820 -57682897
-57651055 -57650305
-57639752 -57639425
-57622773 -57621925
-57602480 -57602344
-57589952 -57589206
-57583447 -57583246
-57553561 -57553051
-57541799 -57541331
-57536218 -57535779
-57526362 -57525542
-57522980 -57522618
-57493961 -57493133
-57470675 -57469950
-57468174 -57467277
-57456871 -57456768
-57431118 -57430689
-57361114 -57360817
-57359725 -57359432
-57349775 -57348989
-57343267 -57342833
-57340099 -57339443
-57331560 -57331353
-57323957 -57323352
-57322232 -57321658
-57313811 -57312835
-57299089 -57298481
-57294343 -57293708
-57272318 -57271505
-57248006 -57247315
-57244305 -57243621
-57243516 -57243399
-57238589 -57238480
-57238125 -57237280
-57230525 -57229821
-57228615 -57228277
-57163286 -57163056
-57150587 -57150197
-57133128 -57132552
-57121154 -57120565
-57091568 -57091378
-57075467 -57074761
-57048579 -57048428
-57046926 -57046273
-57044079 -57043867
-57030594 -57029945
-57026233 -57026207
-57019677 -57019622
-56997299 -56997268
-56954851 -56954765
-56952483 -56952213
-56949561 -56949517
-56937890 -56937770
-56923870 -56923392
-56922749 -56921920
-56915889 -56915042
-56904049 -56903942
-56897670 -56897552
-56893548 -56893140
-56863020 -56862469
-56814778 -56814003
-56810629 -56809829
-56793910 -56793171
-56785725 -56785123
-56776420 -56776071
-56768837 -56767901
-56767032 -56766717
-56756263 -56755568
-56729999 -56729988
-56645686 -56645093
-56552075 -56551578
-56536368 -56536247
-56517161 -56516373
-56496614 -56496519
-56495068 -56494257
-56491186 -56490481
-56460896 -56460210
-56454232 -56453364
-56452883 -56452241
-56407246 -56406703
-56399603 -56399531
-56399493 -56399419
-56367975 -56367536
-56353658 -56353019
-56295532 -56294640
-56246106 -56245196
-56244657 -56244526
-56224625 -56224312
-56211687 -56210952
-56204479 -56204227
-56181188 -56181078
-56180863 -56180364
-56174923 -56174287
-56163488 -56162635
-56153330 -56152495
-56151363 -56150507
-56121227 -56120685
-56103494 -56103392
-56086721 -56086577
-56086459 -56085479
-56067101 -56067007
-56064062 -56063320
-56056098 -56055401
-56044602 -56044539
-56033315 -56032734
-55956240 -55955895
-55926040 -55925431
-55916701 -55916449
-55912600 -55912310
-55878768 -55878344
-55859602 -55859386
-55848828 -55848296
-55807727 -55807678
-55799477 -55798852
-55775376 -55774703
-55738950 -55738719
-55720748 -55720569
-55678163 -55678051
-55669664 -55669387
-55663450 -55663174
-55647495 -55647146
-55636590 -55636451
-55633944 -55633536
-55608873 -55608657
-55600796 -55600772
-55587767 -55586879
-55567808 -55567381
-55564423 -55563505
-55541416 -55540750
-55526888 -55526700
-55515870 -55515618
-55509500 -55508758
-55436651 -55435936
-55408746 -55407820
-55391599 -55391035
-55366908 -55366020
-55346382 -55345494
-55344731 -55344344
-55339174 -55339134
-55307407 -55306839
-55299871 -55299541
-55296320 -55296227
-55275502 -55274717
-55220490 -55219970
-55218964 -55218429
-55214383 -55213487
-55194078 -55193685
-55149024 -55148938
-55133433 -55132761
-55111821 -55111422
-55103897 -55103001
-55100034 -55099817
-55093306 -55093054
-55083265 -55082942
-55042817 -55041874
-55017037 -55016382
-54952964 -54952366
-54941857 -54941047
-54929964 -54929218
-54911831 -54911306
-54897386 -54897099
-54885576 -54885338
-54869535 -54869007
-54849019 -54848949
-54840980 -54840785
-54785572 -54784843
-54766088 -54765321
-54728830 -54728525
-54716523 -54716164
-54715552 -54714779
-54688737 -54688029
-54687575 -54686738
-54676008 -54675867
-54661262 -54661155
-54647946 -54647108
-54618282 -54617294
-54616300 -54616250
-54605060 -54605044
-54583392 -54582944
-54564961 -54563976
-54563695 -54563552
-54540023 -54539051
-54509514 -54508959
-54505954 -54505666
-54498634 -54498115
-54419282 -54418936
-54360257 -54359662
-54356273 -54356249
-54353019 -54352453
-54350446 -54350194
-54317453 -54316806
-54261826 -54261699
-54254870 -54254267
-54245673 -54245325
-54191784 -54191173
-54184409 -54183882
-54175158 -54174846
-54121989 -54121747
-54102992 -54102746
-54100589 -54100131
-54074185 -54073294
-54024445 -54023967
-54018610 -54018017
-53967637 -53967477
-53965683 -53964983
-53964499 -53963870
-53959805 -53959546
-53954888 -53954825
-53953324 -53952749
-53918020 -53917461
-53907334 -53906471
-53902115 -53901434
-53885764 -53885589
-53844779 -53844066
-53818416 -53817630
-53802488 -53801930
-53784898 -53784046
-53776238 -53775786
-53758135 -53757317
-53700809 -53700474
-53616441 -53615648
-53589934 -53588965
-53584997 -53584087
-53560658 -53559680
-53535688 -53535579
-53534866 -53534764
-53527949 -53527895
-53492252 -53491493
-53466764 -53466102
-53422725 -53422000
-53388974 -53388519
-53330741 -53330670
-53323454 -53322496
-53308595 -53308220
-53297456 -53296593
-53289809 -53288858
-53273031 -53272428
-53224994 -53224566
-53206260 -53205295
-53131789 -53131290
-53120794 -53119959
-53035551 -53034760
-53034315 -53033847
-53028644 -53028623
-53028429 -53028165
-53006314 -53005440
-52933655 -52932829
-52929128 -52929114
-52894789 -52894429
-52891422 -52891099
-52879384 -52878895
-52862654 -52861746
-52815746 -52815327
-52795765 -52795503
-52766830 -52765832
-52762381 -52762262
-52740094 -52739169
-52698774 -52698442
-52685295 -52684993
-52677911 -52677508
-52653333 -52652412
-52648020 -52647193
-52616079 -52615959
-52604396 -52604132
-52600296 -52599861
-52548188 -52547931
-52543954 -52543164
-52539288 -52539168
-52485328 -52485249
-52483301 -52482610
-52470183 -52469419
-52442742 -52441752
-52417325 -52416377
-52406329 -52405922
-52392873 -52392575
-52388425 -52388230
-52385635 -52385211
-52344139 -52343527
-52342969 -52342610
-52329682 -52328953
-52286859 -52286283
-52268419 -52268387
-52259389 -52258923
-52255368 -52255009
-52248529 -52248296
-52234063 -52233561
-52206528 -52205736
-52136936 -52136467
-52108637 -52108350
-52082225 -52081913
-52043328 -52042671
-52014884 -52014187
-51995532 -51994662
-51994474 -51994245
-51930784 -51930436
-51924072 -51923765
-51919549 -51919187
-51916956 -51916651
-51891691 -51891040
-51876820 -51876611
-51871685 -51871597
-51834870 -51834519
-51826999 -51826500
-51798629 -51798216
-51743035 -51742750
-51721654 -51721646
-51707385 -51707294
-51653502 -51653335
-51615233 -51614379
-51596553 -51596543
-51556566 -51555859
-51542698 -51542277
-51468396 -51467452
-51446674 -51446190
-51435517 -51435120
-51434032 -51433332
-51418847 -51418168
-51362498 -51362273
-51348606 -51348600
-51347192 -51346972
-51318976 -51318577
-51316634 -51315655
-51293546 -51293528
-51260825 -51260815
-51239646 -51239344
-51214288 -51213414
-51212436 -51212326
-51208319 -51207406
-51198966 -51198933
-51186218 -51185875
-51176753 -51176504
-51172727 -51171905
-51125200 -51124754
-51076216 -51075925
-51055987 -51055320
-51040489 -51040455
-51035507 -51035257
-51032871 -51031947
-50998243 -50997989
-50977518 -50976537
-50974298 -50973371
-50948109 -50947403
-50928236 -50927755
-50906671 -50905793
-50905304 -50904435
-50864561 -50864416
-50855141 -50855017
-50854903 -50854448
-50831436 -50830559
-50788188 -50787368
-50771930 -50770958
-50758617 -50758299
-50710632 -50710231
-50700121 -50699733
-50653565 -50652910
-50635216 -50634447
-50593395 -50593386
-50588188 -50588125
-50584747 -50584190
-50557799 -50557122
-50481391 -50481143
-50480245 -50480170
-50461461 -50461154
-50441511 -50440647
-50409538 -50409119
-50385302 -50384870
-50383630 -50382955
-50367083 -50366481
-50331305 -50331298
-50306257 -50305357
-50302452 -50301842
-50296102 -50295664
-50275134 -50274344
-50260721 -50260673
-50242051 -50241594
-50230492 -50230013
-50228052 -50228043
-50215457 -50214555
-50188791 -50188107
-50170240 -50170036
-50127771 -50126667
-50085827 -50085574
-50043935 -50043590
-50035577 -50035369
-50008313 -50007408
-49999143 -49998238
-49946616 -49946124
-49939575 -49939040
-49913177 -49912789
-49896674 -49895883
-49895436 -49894782
-49878904 -49878211
-49853952 -49853780
-49817171 -49816516
-49781482 -49780824
-49747558 -49747482
-49741220 -49740868
-49654991 -49654650
-49649194 -49649050
-49641669 -49641002
-49598948 -49597948
-49569617 -49568706
-49509934 -49509132
-49494210 -49493552
-49492337 -49492031
-49475907 -49475391
-49448493 -49448132
-49440976 -49440968
-49428178 -49427749
-49422694 -49422613
-49407082 -49406132
-49390326 -49390244
-49384107 -49383194
-49369916 -49369380
-49364038 -49363080
-49283303 -49282412
-49260022 -49259589
-49253223 -49252383
-49215373 -49215038
-49190353 -49189369
-49180774 -49180774
-49178874 -49178810
-49165584 -49165026
-49163927 -49163571
-49137950 -49137395
-49113002 -49112913
-49110018 -49109438
-49098028 -49097215
-49093107 -49092944
-48962614 -48961833
-48903019 -48902955
-48894841 -48894206
-48883707 -48883436
-48840913 -48840562
-48831026 -48830919
-48793628 -48793146
-48782829 -48782413
-48766820 -48766599
-48756920 -48756380
-48754624 -48754317
-48751055 -48750524
-48743620 -48743223
-48736397 -48736129
-48714848 -48714301
-48682867 -48682026
-48670495 -48670370
-48662706 -48661949
-48635753 -48635447
-48606792 -48606003
-48569368 -48568930
-48546285 -48546075
-48482554 -48481712
-48471711 -48471679
-48469288 -48468950
-48430596 -48430375
-48389594 -48388672
-48350582 -48349654
-48338385 -48337462
-48337188 -48336425
-48303210 -48302841
-48301571 -48300887
-48293087 -48292677
-48273934 -48272982
-48271372 -48270904
-48250502 -48250073
-48210675 -48209832
-48193407 -48193302
-48160572 -48160183
-48113221 -48112237
-48087160 -48086803
-48046327 -48045928
-48026117 -48025873
-48005609 -48005039
-48002532 -48002171
-47982521 -47981882
-47956495 -47956108
-47912477 -47911949
-47889636 -47889267
-47881239 -47880386
-47875159 -47874870
-47871337 -47870645
-47866927 -47866275
-47844741 -47843930
-47811580 -47811411
-47801080 -47800826
-47794815 -47794294
-47764790 -47763989
-47752549 -47752452
-47732595 -47731602
-47715376 -47714885
-47673795 -47673507
-47673269 -47673181
-47627806 -47627159
-47585737 -47584840
-47573612 -47572803
-47564965 -47564782
-47563830 -47562919
-47555337 -47554883
-47536303 -47535841
-47532901 -47532656
-47526918 -47526035
-47525064 -47524871
-47505930 -47505444
-47499642 -47498910
-47488716 -47488430
-47478454 -47477771
-47382683 -47381858
-47372112 -47372040
-47358898 -47358381
-47344787 -47344056
-47335215 -47334657
-47318399 -47318154
-47304645 -47304216
-47302650 -47301915
-47264620 -47264293
-47244558 -47244353
-47232553 -47231630
-47207101 -47206383
-47146922 -47146212
-47110185 -47109537
-47102508 -47102486
-47096927 -47096469
-47093283 -47092875
-47067074 -47066807
-47030217 -47029603
-47022209 -47021666
-47013830 -47013247
-47010649 -47009858
-46993363 -46992753
-46989023 -46988239
-46952587 -46951810
-46951028 -46950254
-46920839 -46919902
-46917236 -46916836
-46910626 -46909984
-46907726 -46907336
-46904107 -46903903
-46887551 -46887465
-46873431 -46873101
-46854258 -46854232
-46846439 -46845521
-46845376 -46845009
-46749987 -46749819
-46733199 -46732939
-46700276 -46699432
-46692815 -46692356
-46652948 -46652451
-46649404 -46648740
-46637031 -46636641
-46621164 -46620604
-46616064 -46616038
-46588457 -46587510
-46576175 -46575641
-46574943 -46574925
-46573996 -46573948
-46570967 -46570682
-46548493 -46548277
-46542692 -46542425
-46491870 -46491561
-46437146 -46435862
-46425044 -46424241
-46406015 -46405962
-46405824 -46404826
-46372824 -46372618
-46367621 -46366805
-46323873 -46323511
-46318805 -46318139
-46208148 -46207570
-46156015 -46155397
-46150572 -46150401
-46128545 -46128502
-46122598 -46121725
-46117051 -46116760
-46113211 -46112283
-46105464 -46105416
-46093490 -46093184
-46089908 -46089892
-46062746 -46062575
-46042547 -46042491
-46022209 -46021065
-46013366 -46012383
-46010355 -46009473
-45935866 -45935587
-45887189 -45886545
-45836894 -45836432
-45832969 -45832906
-45806000 -45805803
-45800491 -45800349
-45799861 -45799228
-45772675 -45772248
-45772098 -45771822
-45771017 -45770143
-45750384 -45749514
-45745928 -45745858
-45703787 -45702921
-45702570 -45702514
-45681382 -45680804
-45677934 -45677070
-45668168 -45667181
-45595986 -45595941
-45595390 -45595053
-45583832 -45583448
-45577533 -45576754
-45557503 -45557133
-45506703 -45506410
-45500520 -45500495
-45484002 -45483316
-45470846 -45469542
-45433995 -45433579
-45359426 -45359144
-45350089 -45349991
-45347199 -45346801
-45325721 -45325697
-45286377 -45285876
-45229480 -45228551
-45215846 -45215267
-45171359 -45171130
-45168261 -45167264
-45156157 -45156103
-45090822 -45090659
-45074347 -45073731
-45070874 -45070451
-45046436 -45046293
-45007569 -45007411
-44979260 -44978426
-44959408 -44959193
-44954204 -44953900
-44942427 -44941891
-44938274 -44937865
-44926534 -44926019
-44904492 -44904310
-44895630 -44895433
-44889886 -44889752
-44868307 -44867954
-44866631 -44866352
-44807895 -44806991
-44785234 -44784972
-44774093 -44773671
-44737862 -44737697
-44722803 -44722704
-44705135 -44704185
-44697142 -44697076
-44665085 -44664647
-44659885 -44659362
-44619612 -44619028
-44583788 -44583760
-44582603 -44582172
-44562186 -44561605
-44546779 -44546635
-44517706 -44517670
-44499484 -44498799
-44489601 -44488919
-44443998 -44443931
-44438812 -44438034
-44412530 -44412138
-44375759 -44375224
-44372219 -44371754
-44356324 -44356040
-44344279 -44343331
-44324246 -44323626
-44295958 -44295757
-44284130 -44283320
-44280510 -44279563
-44274028 -44273109
-44253285 -44252449
-44229468 -44229179
-44224105 -44223530
-44213614 -44212882
-44188343 -44187660
-44162179 -44161601
-44140706 -44140653
-44123737 -44123365
-44101681 -44100684
-44095558 -44094777
-44071595 -44070818
-44068714 -44067722
-44063421 -44062757
-43960693 -43959716
-43951042 -43949874
-43919033 -43918271
-43874351 -43874109
-43812138 -43811746
-43809116 -43808444
-43783734 -43783389
-43782258 -43781464
-43767459 -43767348
-43760171 -43759814
-43759072 -43758157
-43745011 -43744532
-43728423 -43727738
-43709710 -43708777
-43657817 -43656822
-43632264 -43631779
-43622816 -43622348
-43579092 -43578173
-43546551 -43545932
-43534933 -43534481
-43523281 -43523048
-43504343 -43504021
-43416456 -43415541
-43413092 -43412940
-43386231 -43385501
-43368763 -43368513
-43304043 -43303709
-43299998 -43299967
-43262638 -43262249
-43257524 -43256954
-43241019 -43240470
-43239644 -43239023
-43137260 -43136875
-43136502 -43135641
-43119337 -43118447
-43068766 -43068103
-43040990 -43040248
-42992055 -42991191
-42983629 -42983431
-42972926 -42972109
-42936481 -42935933
-42834238 -42834076
-42832818 -42831873
-42798986 -42798682
-42790681 -42789837
-42770795 -42770541
-42728091 -42727361
-42699288 -42698871
-42642632 -42642211
-42610992 -42610941
-42601552 -42600610
-42563751 -42563669
-42562782 -42562709
-42557346 -42556449
-42548905 -42548422
-42536956 -42536737
-42527584 -42527258
-42486396 -42485853
-42476166 -42475972
-42439438 -42439089
-42428082 -42427406
-42388551 -42388330
-42361295 -42360839
-42293171 -42292980
-42289632 -42289502
-42240802 -42240644
-42231430 -42230907
-42193904 -42193035
-42046275 -42045373
-42022250 -42021802
-41997493 -41996910
-41993473 -41992968
-41992376 -41991526
-41960927 -41960693
-41926126 -41925909
-41911353 -41910730
-41894257 -41893268
-41885854 -41885580
-41863298 -41863095
-41843979 -41843128
-41842934 -41842415
-41832169 -41831638
-41805210 -41804834
-41803117 -41803062
-41792225 -41791952
-41791297 -41790715
-41778301 -41777476
-41722185 -41721610
-41690067 -41689761
-41679675 -41679314
-41662779 -41661882
-41657728 -41656543
-41632380 -41632306
-41571848 -41570856
-41562041 -41561590
-41551415 -41551315
-41549334 -41548614
-41504228 -41503887
-41502175 -41502085
-41491078 -41490182
-41488306 -41487426
-41467657 -41467032
-41431354 -41430594
-41423398 -41422403
-41416759 -41416301
-41415871 -41415638
-41408066 -41407905
-41406726 -41406062
-41396231 -41395649
-41365806 -41365564
-41312892 -41312154
-41291359 -41291353
-41249141 -41248866
-41237012 -41236785
-41236021 -41235349
-41233596 -41232679
-41221912 -41221429
-41137790 -41137777
-41136558 -41135948
-41120229 -41119424
-41084562 -41084412
-41062043 -41061689
-41060538 -41059935
-41022736 -41022264
-40985078 -40984459
-40971865 -40971468
-40960785 -40960183
-40956277 -40955552
-40953834 -40953778
-40950421 -40950319
-40917230 -40916599
-40903066 -40902936
-40901194 -40900194
-40896600 -40896587
-40878395 -40878331
-40870795 -40869992
-40840763 -40840491
-40813126 -40812149
-40808541 -40808084
-40768294 -40767547
-40760907 -40760665
-40753269 -40753188
-40753155 -40752548
-40747832 -40747094
-40746812 -40746476
-40746141 -40745512
-40727311 -40726877
-40723365 -40723225
-40721177 -40720351
-40685874 -40685445
-40685156 -40684260
-40681303 -40680510
-40608090 -40608043
-40558489 -40557678
-40554039 -40553228
-40531895 -40531688
-40513108 -40512456
-40494714 -40493745
-40455262 -40454403
-40448309 -40448043
-40444631 -40444014
-40435994 -40435356
-40401533 -40400795
-40359366 -40358995
-40334367 -40333448
-40311368 -40311193
-40303437 -40302597
-40266314 -40265428
-40235241 -40234515
-40201835 -40200862
-40181373 -40180778
-40180718 -40180647
-40173538 -40173389
-40166937 -40166223
-40162449 -40162429
-40160426 -40160008
-40140371 -40139879
-40130907 -40130505
-40129685 -40129458
-40119915 -40119309
-40103297 -40103132
-40099929 -40099561
-40082653 -40081700
-40072979 -40072394
-40065384 -40065103
-40033586 -40033323
-40006510 -40006167
-39914757 -39914305
-39901080 -39899975
-39752582 -39751758
-39732252 -39732126
-39729979 -39729296
-39664510 -39664384
-39618247 -39618244
-39538054 -39537748
-39513739 -39512851
-39459517 -39459364
-39454418 -39453957
-39439682 -39438926
-39415260 -39414774
-39382387 -39382235
-39381158 -39380294
-39362153 -39361580
-39287663 -39287067
-39278810 -39278798
-39273127 -39272521
-39251716 -39251646
-39240950 -39240221
-39237575 -39237488
-39177257 -39176730
-39166931 -39166225
-39162582 -39162479
-39162260 -39161678
-39133469 -39132861
-39104174 -39103333
-39096154 -39095217
-39081925 -39081704
-39061613 -39060968
-39044292 -39043795
-38999182 -38998717
-38991904 -38991701
-38978196 -38977434
-38962306 -38961616
-38947877 -38947470
-38927474 -38927330
-38856023 -38855571
-38852576 -38852019
-38851622 -38850889
-38846783 -38845850
-38843205 -38842971
-38838568 -38838150
-38835128 -38834900
-38813362 -38812446
-38793534 -38793443
-38773217 -38772719
-38766985 -38766953
-38766139 -38765694
-38738705 -38738415
-38724387 -38723593
-38704803 -38704672
-38703287 -38702820
-38678181 -38677281
-38652296 -38652086
-38646880 -38646440
-38645933 -38645155
-38613258 -38612458
-38601309 -38601064
-38560225 -38559386
-38554114 -38553373
-38553316 -38553069
-38536023 -38535644
-38532262 -38531387
-38515845 -38514979
-38455807 -38455499
-38434348 -38434238
-38425633 -38424742
-38424599 -38423732
-38388544 -38388412
-38382413 -38381685
-38369664 -38369335
-38353058 -38352512
-38342088 -38341308
-38335771 -38335565
-38315173 -38315014
-38299123 -38298437
-38294541 -38293604
-38286376 -38285828
-38276355 -38275378
-38228019 -38228003
-38219604 -38218959
-38213960 -38213373
-38205299 -38204461
-38193633 -38193000
-38183886 -38183712
-38181953 -38181093
-38110472 -38110468
-38086020 -38085112
-38070541 -38069853
-38027718 -38027437
-38015317 -38014590
-37996698 -37996065
-37947205 -37947000
-37946278 -37946002
-37944672 -37944510
-37939869 -37939777
-37937428 -37937076
-37936238 -37935614
-37915828 -37914471
-37883577 -37883012
-37881995 -37881376
-37862195 -37861748
-37853252 -37852521
-37835403 -37834910
-37821059 -37820325
-37813288 -37812611
-37798934 -37798747
-37785447 -37785044
-37769330 -37768853
-37747839 -37747319
-37721741 -37721372
-37718701 -37718626
-37688076 -37687157
-37685084 -37684554
-37652787 -37652435
-37565567 -37564870
-37539294 -37538777
-37538586 -37537926
-37510583 -37509805
-37504847 -37504145
-37492704 -37492662
-37485945 -37485540
-37476630 -37476262
-37461095 -37460638
-37438396 -37437689
-37377711 -37376935
-37367573 -37366862
-37348973 -37348198
-37347886 -37347113
-37338730 -37338189
-37337479 -37337031
-37310400 -37309748
-37303971 -37303733
-37295924 -37295730
-37198503 -37198159
-37193268 -37193077
-37184622 -37184425
-37179502 -37179113
-37177793 -37176912
-37171627 -37171601
-37157739 -37157601
-37154582 -37154296
-37136340 -37135474
-37121717 -37120887
-37080194 -37079741
-37057499 -37056753
-37043994 -37043840
-37027950 -37027803
-37025177 -37025146
-37022700 -37021712
-37006965 -37006687
-37003289 -37003079
-36955539 -36955483
-36954144 -36953906
-36950584 -36950172
-36941208 -36940446
-36940119 -36939654
-36905890 -36905445
-36872423 -36871579
-36865495 -36865351
-36856853 -36856348
-36833075 -36832158
-36830430 -36830430
-36825636 -36824816
-36817829 -36817600
-36805784 -36805764
-36805099 -36804582
-36767310 -36767248
-36762033 -36762029
-36753327 -36753282
-36685658 -36684890
-36626987 -36626767
-36582759 -36581773
-36569216 -36568876
-36543745 -36543557
-36522406 -36521633
-36520541 -36520359
-36494425 -36494239
-36490602 -36490322
-36479539 -36478636
-36476047 -36475052
-36458743 -36458458
-36448163 -36447865
-36421962 -36420965
-36411382 -36411289
-36395171 -36394508
-36392633 -36392070
-36305955 -36305592
-36297999 -36297326
-36288568 -36287568
-36262001 -36261570
-36254866 -36254093
-36254047 -36253333
-36245525 -36245167
-36230403 -36229846
-36226900 -36226838
-36226512 -36225601
-36200015 -36199213
-36198263 -36197770
-36175707 -36175105
-36167942 -36167847
-36158387 -36158289
-36151038 -36150130
-36136630 -36136360
-36107633 -36107477
-36105238 -36104333
-36096110 -36095399
-36063316 -36062764
-36062124 -36061461
-36031193 -36030632
-36028495 -36028041
-36001673 -36000706
-35991656 -35991239
-35978821 -35978619
-35967042 -35966766
-35963658 -35963017
-35961857 -35961441
-35946365 -35945658
-35937944 -35937923
-35923023 -35922383
-35920668 -35919746
-35917167 -35916764
-35875239 -35875120
-35855644 -35854886
-35851947 -35851770
-35842260 -35842209
-35831847 -35831436
-35809344 -35808732
-35805777 -35804790
-35795109 -35794403
-35790564 -35789886
-35758046 -35757465
-35734696 -35734110
-35726442 -35725756
-35715990 -35715789
-35682907 -35682709
-35659870 -35659628
-35609036 -35608261
-35596228 -35595316
-35594853 -35594033
-35578975 -35578880
-35571724 -35571699
-35558998 -35558340
-35527455 -35527100
-35510559 -35509563
-35496500 -35496193
-35469031 -35468367
-35426597 -35426482
-35415967 -35415356
-35386858 -35386804
-35332964 -35332699
-35255892 -35255064
-35234577 -35233636
-35225166 -35224191
-35193287 -35193262
-35186506 -35185610
-35140732 -35140367
-35125506 -35124524
-35018738 -35017949
-35010246 -35009812
-34958012 -34957031
-34912418 -34911441
-34907799 -34907284
-34904332 -34904198
-34847738 -34847657
-34846685 -34846570
-34817910 -34817806
-34773921 -34773257
-34762713 -34762301
-34742830 -34742758
-34709519 -34709215
-34692976 -34692429
-34683749 -34683458
-34670445 -34670113
-34666538 -34665772
-34663686 -34663428
-34662651 -34662343
-34655468 -34654672
-34643919 -34643167
-34637549 -34637128
-34623916 -34623535
-34621884 -34621177
-34611127 -34610744
-34605622 -34604736
-34601330 -34601279
-34597975 -34597909
-34578316 -34577778
-34545969 -34545561
-34542086 -34541867
-34538975 -34538146
-34469411 -34468983
-34458089 -34457604
-34425222 -34424416
-34337540 -34337308
-34334330 -34333912
-34320548 -34319881
-34311782 -34311620
-34243922 -34243073
-34240570 -34240323
-34199657 -34198971
-34195749 -34195598
-34181275 -34181178
-34171881 -34171347
-34120492 -34120048
-34078428 -34077848
-34055500 -34054719
-34034400 -34033831
-34022307 -34021620
-34012640 -34012150
-34005573 -34004967
-33997145 -33996566
-33972004 -33971266
-33960106 -33959792
-33900703 -33900016
-33869734 -33869367
-33863150 -33862551
-33851580 -33850811
-33849197 -33848703
-33810295 -33809864
-33807410 -33807116
-33783597 -33783451
-33755238 -33754633
-33751600 -33750806
-33746878 -33746594
-33731421 -33731183
-33708337 -33707894
-33677216 -33677057
-33655282 -33654785
-33641092 -33641057
-33635439 -33635156
-33621421 -33621302
-33592411 -33592217
-33554510 -33554262
-33534414 -33533780
-33528388 -33527996
-33450373 -33449822
-33444724 -33443864
-33442837 -33441860
-33435236 -33434469
-33401760 -33401491
-33393058 -33392681
-33365771 -33365668
-33365381 -33364544
-33355631 -33354862
-33315101 -33314515
-33288590 -33287866
-33274848 -33273857
-33271663 -33271150
-33249098 -33248161
-33247966 -33247423
-33238385 -33237415
-33224741 -33224454
-33206791 -33206619
-33176554 -33175936
-33170538 -33169876
-33142799 -33142705
-33114010 -33113803
-33093790 -33093219
-33089150 -33088842
-33057755 -33056811
-33047271 -33047112
-33004518 -33003822
-32987340 -32986550
-32968587 -32968210
-32965143 -32964322
-32931628 -32931458
-32928937 -32928650
-32927233 -32926757
-32909606 -32909560
-32906484 -32906050
-32869664 -32869644
-32867425 -32867414
-32853107 -32852433
-32838366 -32837561
-32834714 -32834164
-32826316 -32825723
-32818450 -32818320
-32816926 -32816214
-32815575 -32815062
-32766307 -32765429
-32756643 -32755849
-32752002 -32751735
-32707880 -32707373
-32696152 -32695927
-32695220 -32694432
-32664609 -32663329
-32653397 -32651828
-32625849 -32625345
-32607489 -32606771
-32601342 -32600918
-32590822 -32590371
-32537991 -32537497
-32502750 -32502657
-32474630 -32474382
-32469201 -32468791
-32387794 -32387621
-32351483 -32351077
-32350960 -32350030
-32339554 -32339452
-32322221 -32321624
-32303482 -32302783
-32294787 -32294116
-32289730 -32288839
-32288405 -32288391
-32276481 -32276276
-32242592 -32242161
-32231673 -32230832
-32213956 -32213474
-32179269 -32178910
-32162162 -32161207
-32152463 -32152297
-32116408 -32116117
-32089182 -32088634
-32049635 -32048881
-32032986 -32032777
-32008140 -32007771
-31979644 -31979030
-31963943 -31963549
-31908409 -31908077
-31869330 -31868944
-31867147 -31866907
-31805058 -31804607
-31737793 -31737687
-31733662 -31733105
-31699236 -31699184
-31676658 -31676635
-31633665 -31633331
-31598611 -31598453
-31568208 -31567488
-31540873 -31540132
-31534421 -31533763
-31513676 -31512935
-31477933 -31477657
-31470343 -31469692
-31443529 -31443274
-31417894 -31417278
-31393840 -31393192
-31360591 -31360466
-31352019 -31351672
-31321402 -31321393
-31293880 -31293569
-31255646 -31254952
-31254565 -31254086
-31241197 -31241123
-31203380 -31202707
-31193312 -31193226
-31138906 -31138743
-31122726 -31122081
-31115863 -31115383
-31100435 -31100063
-31069025 -31068851
-31064867 -31064511
-31030774 -31030345
-30976189 -30975467
-30957567 -30957189
-30903564 -30903358
-30901566 -30901522
-30879854 -30879413
-30868875 -30868684
-30856121 -30855424
-30843059 -30842072
-30836543 -30836068
-30795416 -30794973
-30710629 -30710026
-30708835 -30708502
-30688821 -30687857
-30651102 -30650187
-30645725 -30645043
-30613676 -30613649
-30600102 -30600049
-30593941 -30593709
-30580560 -30579579
-30566186 -30566141
-30523884 -30523456
-30521324 -30520839
-30491761 -30491157
-30483402 -30482897
-30402199 -30401270
-30380437 -30380248
-30344410 -30343857
-30337374 -30336743
-30329679 -30329426
-30329355 -30329348
-30267852 -30267397
-30232226 -30231479
-30194262 -30193900
-30190368 -30189804
-30165024 -30164701
-30151121 -30150937
-30148708 -30148355
-30139497 -30139118
-30136743 -30136263
-30093132 -30092996
-30023364 -30022739
-30020694 -30020205
-30004811 -30004299
-29972930 -29972437
-29971482 -29970613
-29959402 -29958637
-29924010 -29923035
-29904125 -29903325
-29890289 -29889355
-29886466 -29885765
-29877170 -29876944
-29868506 -29868194
-29864141 -29864016
-29859866 -29859787
-29837435 -29837324
-29835926 -29835334
-29833527 -29833155
-29832094 -29830750
-29825234 -29824506
-29799138 -29798545
-29797592 -29797423
-29783259 -29782629
-29775523 -29774540
-29682248 -29681703
-29673626 -29673624
-29600296 -29600055
-29594512 -29594426
-29573938 -29573680
-29568289 -29567840
-29567695 -29567412
-29521259 -29520413
-29510900 -29510183
-29506081 -29505110
-29489720 -29489653
-29470178 -29469905
-29386683 -29385888
-29378810 -29378675
-29344610 -29343997
-29341911 -29341344
-29336910 -29336781
-29251468 -29250826
-29249287 -29248865
-29229143 -29229024
-29184215 -29183603
-29130910 -29130421
-29101523 -29101480
-29089654 -29088753
-29076353 -29075598
-29057614 -29056845
-29038215 -29037734
-28967932 -28966980
-28901878 -28901327
-28860494 -28859939
-28848575 -28847582
-28832326 -28832151
-28826661 -28826211
-28814009 -28813428
-28793727 -28792858
-28718191 -28717935
-28668036 -28667292
-28660716 -28660099
-28657094 -28656603
-28640950 -28640356
-28591685 -28591662
-28587985 -28587405
-28552863 -28552363
-28549759 -28549193
-28512579 -28511601
-28504284 -28503288
-28495525 -28494845
-28483273 -28483081
-28468397 -28467590
-28464153 -28463377
-28451845 -28450881
-28435276 -28434618
-28388044 -28387130
-28341263 -28340747
-28331109 -28331101
-28314464 -28313959
-28254138 -28253705
-28252048 -28251495
-28246264 -28245658
-28229008 -28228071
-28200302 -28199381
-28185646 -28185493
-28124223 -28123489
-28084032 -28083746
-28065621 -28065529
-28052309 -28052189
-28037897 -28037851
-28027720 -28027477
-28011804 -28011272
-28007815 -28007052
-27968527 -27968103
-27963846 -27963085
-27952480 -27951676
-27948969 -27948098
-27926431 -27925941
-27900889 -27899948
-27897309 -27896832
-27878469 -27878097
-27877344 -27877091
-27876718 -27876311
-27846899 -27846722
-27842141 -27841739
-27839831 -27839682
-27827564 -27826905
-27742869 -27742736
-27741691 -27741649
-27738843 -27738115
-27727360 -27726780
-27705915 -27705332
-27686854 -27686688
-27681817 -27681252
-27671211 -27670808
-27666232 -27666173
-27628546 -27628331
-27606867 -27605935
-27602585 -27602181
-27587833 -27587181
-27582401 -27581545
-27548317 -27548036
-27542469 -27541576
-27538164 -27537581
-27534469 -27533481
-27516013 -27516001
-27515727 -27514792
-27502802 -27502731
-27500681 -27500412
-27494008 -27493505
-27462822 -27462137
-27460869 -27460403
-27458216 -27458198
-27433464 -27433014
-27427787 -27427403
-27414000 -27413246
-27412845 -27412459
-27403868 -27402967
-27397767 -27397251
-27386510 -27385801
-27360978 -27360601
-27351935 -27351113
-27331061 -27330345
-27303254 -27302793
-27294972 -27294675
-27286413 -27285925
-27278589 -27278540
-27265144 -27264234
-27261996 -27261358
-27253963 -27253371
-27241642 -27241175
-27240022 -27239909
-27207572 -27206764
-27179022 -27178811
-27173800 -27172909
-27155445 -27154922
-27143354 -27142875
-27142061 -27141903
-27136451 -27135757
-27113075 -27112409
-27108769 -27108549
-27096819 -27096049
-27061545 -27061104
-27025031 -27024501
-27003917 -27003904
-27003518 -27003099
-26937195 -26936854
-26926502 -26926403
-26897454 -26897071
-26859653 -26858803
-26852376 -26851788
-26847826 -26847038
-26783223 -26782286
-26770438 -26770276
-26752122 -26751590
-26747242 -26746328
-26733729 -26733608
-26695898 -26695404
-26690028 -26689893
-26685533 -26684917
-26673379 -26672956
-26667217 -26666450
-26650335 -26649386
-26635307 -26635011
-26633988 -26633175
-26632163 -26631508
-26629313 -26629274
-26628296 -26628015
-26604672 -26604235
-26596763 -26595890
-26556232 -26555372
-26530342 -26530203
-26504990 -26504000
-26493706 -26493635
-26478418 -26477894
-26473616 -26472990
-26411432 -26410305
-26408205 -26407576
-26401601 -26401238
-26391678 -26390716
-26386607 -26386576
-26375577 -26374675
-26361611 -26360709
-26346425 -26345689
-26306952 -26306936
-26288032 -26287529
-26285897 -26285038
-26284925 -26284220
-26283914 -26283768
-26283290 -26282638
-26279518 -26279480
-26275067 -26274559
-26252254 -26251510
-26241400 -26240973
-26227428 -26226645
-26220879 -26220586
-26204645 -26204299
-26115526 -26114804
-26098410 -26098109
-26095286 -26094349
-26078984 -26078634
-26064201 -26063690
-26039871 -26039582
-26001643 -26001371
-25972305 -25972140
-25970580 -25970084
-25963449 -25963147
-25896902 -25896653
-25893424 -25892977
-25891916 -25891270
-25864596 -25864350
-25856634 -25856190
-25841520 -25840834
-25822004 -25821055
-25797127 -25796397
-25795671 -25794889
-25786663 -25786176
-25758370 -25757635
-25690699 -25690353
-25675518 -25675387
-25637281 -25636945
-25610872 -25610611
-25594035 -25593363
-25584964 -25584899
-25573330 -25573244
-25572035 -25571301
-25571131 -25570727
-25564154 -25564090
-25558195 -25557549
-25552786 -25552249
-25546985 -25546951
-25531699 -25531578
-25529761 -25529082
-25513411 -25513199
-25463888 -25463352
-25438921 -25438732
-25430607 -25430372
-25430363 -25430034
-25410195 -25410085
-25401713 -25401422
-25399371 -25398599
-25368785 -25368331
-25334120 -25333417
-25326881 -25326146
-25281617 -25281492
-25218864 -25218188
-25214537 -25214422
-25196267 -25195601
-25193894 -25193110
-25179535 -25179472
-25114143 -25113597
-25109473 -25108488
-25084503 -25084145
-25079559 -25078750
-25016182 -25015471
-24962328 -24961797
-24954824 -24954430
-24949329 -24948720
-24934702 -24933961
-24917083 -24916593
-24907702 -24906999
-24903859 -24903308
-24869416 -24868604
-24858216 -24858157
-24856855 -24856736
-24820079 -24819390
-24817995 -24817410
-24802161 -24801373
-24782768 -24782443
-24779492 -24778925
-24751936 -24751319
-24691283 -24690907
-24654706 -24654140
-24616908 -24616122
-24522400 -24521714
-24518223 -24517833
-24494049 -24493524
-24476688 -24475809
-24473603 -24472873
-24455492 -24455288
-24417003 -24416625
-24389420 -24388934
-24379089 -24378243
-24367956 -24366974
-24361398 -24360773
-24354740 -24354455
-24352208 -24352206
-24292741 -24291965
-24281611 -24281072
-24271944 -24271303
-24270235 -24269515
-24257853 -24257448
-24246476 -24246198
-24216627 -24216292
-24213797 -24213002
-24193682 -24193098
-24182283 -24181555
-24178304 -24177808
-24137317 -24136675
-24128141 -24127278
-24113593 -24112674
-24106892 -24105866
-24091486 -24091379
-24078354 -24077361
-24069353 -24069316
-24010081 -24009529
-23998045 -23997367
-23967399 -23966453
-23962068 -23961384
-23933643 -23932861
-23920920 -23920210
-23917796 -23916839
-23894814 -23894810
-23893301 -23892460
-23868409 -23867608
-23863208 -23862754
-23839639 -23839397
-23797845 -23797141
-23774867 -23774598
-23774431 -23773695
-23734547 -23733715
-23714506 -23714421
-23682178 -23682121
-23682073 -23681479
-23644977 -23644114
-23628124 -23627227
-23619179 -23618978
-23608184 -23607854
-23587412 -23586532
-23564438 -23563525
-23562634 -23561749
-23458790 -23458616
-23391535 -23391298
-23388912 -23388539
-23316452 -23315708
-23307196 -23307043
-23294413 -23294276
-23289802 -23289574
-23281137 -23280616
-23278150 -23277650
-23269794 -23269436
-23264757 -23263767
-23258721 -23258703
-23247115 -23247011
-23216520 -23216151
-23168998 -23168541
-23166161 -23165480
-23154658 -23153785
-23138950 -23138244
-23108966 -23107992
-23101625 -23101002
-23068669 -23067802
-23046945 -23046929
-23003432 -23002439
-22974049 -22973595
-22970394 -22969831
-22968592 -22967772
-22928895 -22928814
-22901631 -22900770
-22877588 -22877536
-22875032 -22874737
-22854951 -22854183
-22848764 -22848449
-22843543 -22843211
-22826653 -22826279
-22824696 -22824436
-22801694 -22801344
-22759603 -22759393
-22727101 -22726101
-22718590 -22717719
-22714761 -22713966
-22688869 -22688806
-22627206 -22627010
-22611065 -22610619
-22609332 -22608678
-22599593 -22599557
-22593632 -22592837
-22589740 -22589405
-22572530 -22571558
-22514868 -22514461
-22447470 -22446977
-22436314 -22436308
-22434022 -22433281
-22431500 -22431411
-22430980 -22430774
-22413227 -22412392
-22372823 -22372801
-22341821 -22340933
-22330462 -22329761
-22299074 -22299000
-22247841 -22247659
-22232753 -22232475
-22228165 -22227589
-22170896 -22170328
-22137068 -22136876
-22131498 -22130766
-22099774 -22099409
-22051847 -22051087
-22018381 -22017494
-22004771 -22004479
-21944165 -21943881
-21938540 -21937976
-21896827 -21896185
-21893550 -21892587
-21890614 -21890197
-21882093 -21881682
-21855084 -21854958
-21846881 -21846145
-21823736 -21823595
-21783588 -21782757
-21778401 -21777750
-21770741 -21770200
-21742953 -21742339
-21726745 -21725835
-21708816 -21708167
-21700648 -21699663
-21697076 -21696368
-21663974 -21663493
-21608646 -21608625
-21603626 -21603606
-21593762 -21593308
-21589276 -21588336
-21577344 -21576472
-21565909 -21565453
-21524053 -21523610
-21505164 -21505094
-21489070 -21488851
-21468494 -21468417
-21455826 -21454954
-21453293 -21453074
-21420369 -21419492
-21417172 -21417112
-21390978 -21390732
-21384157 -21383854
-21338650 -21338391
-21294402 -21293927
-21288365 -21288091
-21286962 -21286753
-21255592 -21255206
-21247152 -21246809
-21170301 -21169352
-21157619 -21156759
-21154225 -21153573
-21143391 -21142432
-21135288 -21135018
-21129835 -21128866
-21110467 -21110213
-21092247 -21091767
-21084867 -21084701
-21079022 -21078607
-21071589 -21071434
-21056117 -21055260
-21043696 -21042820
-21022968 -21022329
-21019912 -21019762
-20987090 -20986127
-20976664 -20976129
-20960075 -20960025
-20933253 -20933147
-20899679 -20899586
-20891306 -20890674
-20882158 -20881963
-20840659 -20840442
-20817668 -20817081
-20803011 -20802156
-20799181 -20798830
-20797206 -20797189
-20777179 -20777154
-20768294 -20767790
-20763614 -20763223
-20739685 -20739158
-20676675 -20676086
-20622422 -20622145
-20608056 -20607582
-20600562 -20599864
-20529207 -20528281
-20515624 -20515317
-20514277 -20514248
-20508123 -20507978
-20463281 -20462986
-20441016 -20441010
-20422853 -20422449
-20364319 -20363388
-20350490 -20350376
-20337172 -20336572
-20308209 -20308195
-20289041 -20288740
-20286076 -20285504
-20238732 -20238212
-20224817 -20224534
-20223431 -20223400
-20181705 -20180971
-20153182 -20152865
-20146590 -20146312
-20139353 -20138586
-20133094 -20132619
-20131098 -20130935
-20118838 -20118733
-20105963 -20105704
-20036905 -20036835
-20008488 -20008018
-19977215 -19976785
-19951319 -19950479
-19946129 -19945410
-19912878 -19912157
-19889835 -19889270
-19875550 -19874865
-19862289 -19861521
-19860824 -19860266
-19824470 -19824211
-19817410 -19816983
-19804491 -19803909
-19797938 -19796970
-19785425 -19785245
-19770742 -19769890
-19769576 -19768697
-19746300 -19745440
-19732134 -19731151
-19725936 -19725703
-19699060 -19698934
-19652148 -19652092
-19641591 -19641094
-19626887 -19626478
-19597547 -19597216
-19592658 -19592440
-19580359 -19579857
-19578874 -19578449
-19569801 -19568813
-19529091 -19528266
-19497062 -19496527
-19456168 -19455522
-19443820 -19442992
-19409516 -19409124
-19393700 -19393206
-19378985 -19378340
-19359569 -19359497
-19355657 -19355361
-19346813 -19345946
-19338758 -19337856
-19237916 -19237510
-19235600 -19234659
-19225945 -19225079
-19206239 -19205540
-19204260 -19204111
-19183205 -19182527
-19137546 -19137063
-19127245 -19126892
-19114704 -19114496
-19100181 -19099657
-19098804 -19098736
-19095681 -19095561
-19039495 -19038620
-19037743 -19037109
-18994349 -18993668
-18990806 -18990160
-18972907 -18972353
-18964906 -18964663
-18948732 -18947795
-18888332 -18887755
-18824098 -18824047
-18813654 -18813264
-18798575 -18798299
-18770434 -18769672
-18765814 -18765306
-18745426 -18744459
-18742680 -18742238
-18739648 -18738899
-18738133 -18737312
-18729692 -18729244
-18674578 -18674062
-18662633 -18662083
-18657746 -18657697
-18643009 -18642556
-18622022 -18621759
-18611440 -18610610
-18593642 -18593479
-18531399 -18531047
-18504062 -18503292
-18468700 -18467860
-18441941 -18441804
-18426632 -18425785
-18398526 -18398495
-18387626 -18387428
-18305912 -18305762
-18284976 -18284414
-18270247 -18269254
-18227617 -18227610
-18173671 -18172807
-18064808 -18064583
-18060969 -18060400
-18050556 -18050220
-17995940 -17995827
-17979415 -17978771
-17890914 -17890353
-17858395 -17858188
-17841101 -17840792
-17834981 -17834108
-17820909 -17820218
-17800354 -17799797
-17774598 -17774332
-17768311 -17768109
-17759259 -17758666
-17735426 -17735256
-17684591 -17684231
-17682227 -17681642
-17679954 -17679318
-17583190 -17582764
-17543924 -17543366
-17540417 -17540372
-17517199 -17517137
-17486755 -17486367
-17464438 -17464140
-17460737 -17459777
-17458212 -17457541
-17421781 -17421000
-17402500 -17401650
-17374689 -17373844
-17344891 -17344302
-17298466 -17297468
-17285944 -17285506
-17268259 -17268056
-17222758 -17221794
-17192513 -17191907
-17158319 -17157769
-17037437 -17037047
-17007620 -17007103
-16996541 -16996239
-16969661 -16968751
-16964451 -16963562
-16936416 -16935725
-16909143 -16908608
-16897351 -16896795
-16888969 -16888831
-16884866 -16884044
-16875155 -16874671
-16868982 -16868166
-16850932 -16850464
-16844893 -16844403
-16811264 -16810298
-16795161 -16794365
-16779811 -16779419
-16765833 -16765752
-16716662 -16715962
-16693569 -16692666
-16672777 -16672015
-16652964 -16652258
-16639561 -16639268
-16620193 -16619338
-16605659 -16604726
-16585120 -16584193
-16570263 -16569759
-16496439 -16495838
-16440433 -16439918
-16438605 -16438107
-16433763 -16432828
-16406190 -16406024
-16402739 -16401620
-16380731 -16380483
-16379613 -16379031
-16355514 -16355032
-16348917 -16347963
-16342770 -16341903
-16319857 -16319687
-16303998 -16303381
-16296571 -16296118
-16264465 -16263615
-16236673 -16236553
-16232087 -16231575
-16207879 -16207850
-16207258 -16206897
-16206446 -16206077
-16117020 -16116895
-16076755 -16075936
-16072365 -16071433
-16058666 -16057975
-16043308 -16043180
-16004903 -16003986
-15985068 -15984175
-15948149 -15948144
-15941941 -15941611
-15937869 -15937471
-15910001 -15909858
-15903506 -15903149
-15891096 -15890774
-15774832 -15773958
-15760646 -15759838
-15729750 -15729117
-15715602 -15714842
-15703604 -15703355
-15696400 -15695670
-15680759 -15679854
-15634398 -15633772
-15622912 -15622130
-15615628 -15615625
-15569711 -15569644
-15536460 -15535713
-15439813 -15439109
-15417291 -15416621
-15368259 -15368076
-15355622 -15354819
-15214009 -15213648
-15213279 -15212675
-15179862 -15178944
-15155047 -15154434
-15101484 -15101035
-15092535 -15091699
-15026128 -15025590
-15022757 -15022359
-15013626 -15013521
-15010155 -15009639
-14978835 -14978107
-14970693 -14969903
-14909823 -14909634
-14870431 -14870133
-14856374 -14855520
-14837626 -14837041
-14812931 -14811995
-14795386 -14794736
-14764211 -14763716
-14731937 -14731482
-14703917 -14703832
-14685119 -14684407
-14676842 -14676245
-14672074 -14671173
-14641559 -14641183
-14637652 -14636220
-14592394 -14591889
-14587034 -14586540
-14578784 -14578647
-14546319 -14545712
-14538019 -14537806
-14536110 -14535434
-14497476 -14496760
-14467458 -14467195
-14434359 -14433823
-14407778 -14407155
-14397624 -14397272
-14369212 -14368784
-14350751 -14349988
-14328937 -14328074
-14324033 -14323745
-14318629 -14317678
-14303834 -14303092
-14270414 -14270098
-14239948 -14239651
-14236414 -14235681
-14230079 -14229386
-14190334 -14189915
-14186306 -14185895
-14156276 -14156098
-14153567 -14152837
-14147948 -14147343
-14143411 -14143365
-14086153 -14086028
-14083499 -14082940
-14074895 -14074545
-14064416 -14064026
-14032034 -14031249
-14028437 -14028292
-14018031 -14017844
-14003045 -14002171
-13994471 -13993938
-13976895 -13976608
-13975654 -13975421
-13974188 -13974180
-13964255 -13964138
-13922157 -13921336
-13878965 -13878120
-13867773 -13867518
-13846848 -13846141
-13776859 -13776734
-13723948 -13723326
-13649955 -13649541
-13616728 -13616400
-13614071 -13613546
-13524705 -13524095
-13522902 -13522428
-13487065 -13486214
-13418650 -13418319
-13392635 -13392315
-13388377 -13388356
-13383923 -13383721
-13382228 -13382043
-13378105 -13377649
-13360637 -13359958
-13353655 -13353469
-13346447 -13346310
-13333336 -13333220
-13312170 -13312069
-13276888 -13276068
-13271538 -13270705
-13235112 -13234249
-13227334 -13226423
-13217600 -13216827
-13192082 -13191785
-13145978 -13145038
-13137501 -13136887
-13110162 -13110062
-13099944 -13098945
-13096215 -13095422
-13092403 -13091773
-13091503 -13091229
-13066681 -13066091
-13018258 -13018043
-12981196 -12980710
-12963383 -12963340
-12938641 -12938010
-12931490 -12931440
-12929924 -12929228
-12925820 -12925484
-12781582 -12780241
-12754156 -12753996
-12742757 -12741930
-12734232 -12733630
-12731778 -12731341
-12725911 -12724968
-12722836 -12722226
-12711016 -12710263
-12701667 -12700737
-12691588 -12691203
-12677745 -12677599
-12666344 -12665779
-12647590 -12646728
-12633999 -12633709
-12622554 -12622198
-12602060 -12601643
-12586996 -12586157
-12581617 -12581592
-12569041 -12569029
-12555193 -12554742
-12513928 -12513890
-12513853 -12513371
-12496734 -12495819
-12489195 -12488350
-12441740 -12440971
-12438496 -12438453
-12419041 -12418364
-12417330 -12417061
-12368258 -12367932
-12345769 -12345120
-12343440 -12342488
-12327576 -12327328
-12304558 -12304481
-12293873 -12292600
-12273310 -12272964
-12250900 -12250669
-12216812 -12216540
-12212478 -12211531
-12206531 -12206468
-12195419 -12195276
-12192503 -12190704
-12178677 -12177885
-12134258 -12133715
-12064090 -12063516
-12022643 -12022251
-12002244 -12002224
-11953988 -11953811
-11940170 -11939655
-11937358 -11936820
-11923177 -11922504
-11915657 -11915288
-11915140 -11914635
-11863839 -11863789
-11860248 -11859997
-11851659 -11850675
-11813963 -11812967
-11797871 -11797809
-11776384 -11775961
-11694446 -11694296
-11637023 -11636531
-11627788 -11627307
-11626049 -11625637
-11619495 -11619084
-11600367 -11600170
-11591448 -11591126
-11575559 -11574808
-11572035 -11571560
-11549276 -11549274
-11547668 -11547516
-11528429 -11528146
-11522297 -11521838
-11495087 -11494195
-11493300 -11492911
-11485295 -11484443
-11442477 -11441815
-11428005 -11427055
-11408436 -11407717
-11407238 -11406961
-11404291 -11403505
-11395461 -11394955
-11319881 -11319677
-11302217 -11302173
-11271207 -11270345
-11237584 -11237365
-11217294 -11217117
-11215264 -11215251
-11211127 -11210354
-11203560 -11202855
-11181065 -11180664
-11176334 -11175936
-11153232 -11152327
-11148868 -11148459
-11147159 -11146276
-11128194 -11127536
-11125785 -11124973
-11103119 -11102784
-11072374 -11072000
-11052780 -11052199
-11038256 -11037458
-11033191 -11033010
-11026542 -11025681
-11016042 -11015446
-10987970 -10987088
-10971250 -10970293
-10936494 -10935702
-10889766 -10889355
-10888716 -10888086
-10871879 -10871761
-10867745 -10867423
-10867345 -10866614
-10805295 -10805186
-10781255 -10780604
-10757477 -10756710
-10733848 -10732955
-10715548 -10715527
-10682707 -10681980
-10667793 -10666932
-10649341 -10648455
-10628485 -10628121
-10621755 -10621019
-10616136 -10616051
-10615564 -10615385
-10602965 -10602800
-10597279 -10596976
-10574506 -10574077
-10532501 -10531846
-10524233 -10523801
-10520932 -10520316
-10518906 -10518877
-10507390 -10507360
-10427574 -10426604
-10423531 -10423297
-10407406 -10407330
-10397635 -10397275
-10372423 -10371473
-10337406 -10336776
-10308004 -10307392
-10307261 -10307103
-10293597 -10293184
-10268804 -10268606
-10263335 -10262902
-10262355 -10262180
-10239474 -10239064
-10236551 -10235925
-10166157 -10165931
-10136820 -10136031
-10095096 -10094516
-10062418 -10061578
-10032132 -10031728
-10027031 -10026426
-10024274 -10023988
-9999987 -9999252
-9987762 -9987176
-9966146 -9966012
-9962352 -9962111
-9959541 -9958702
-9945599 -9945358
-9928278 -9927767
-9899976 -9899932
-9899805 -9899460
-9881018 -9880766
-9861386 -9860804
-9821798 -9821026
-9747843 -9747423
-9716666 -9716191
-9631666 -9631445
-9511295 -9510561
-9499534 -9499363
-9482689 -9482292
-9414780 -9414101
-9409640 -9408670
-9407821 -9407203
-9396501 -9395683
-9381860 -9381392
-9377649 -9377027
-9352288 -9351588
-9342794 -9342697
-9334628 -9334139
-9315688 -9315526
-9301425 -9301411
-9287036 -9286126
-9265515 -9264771
-9235460 -9235220
-9233837 -9233169
-9153950 -9153093
-9143252 -9142856
-9117222 -9116356
-9115454 -9114731
-9062197 -9061536
-9056865 -9056593
-9048465 -9048164
-9021756 -9020862
-8993208 -8992824
-8930703 -8930459
-8897791 -8897695
-8897262 -8896977
-8866858 -8866845
-8846917 -8846330
-8845147 -8844750
-8809177 -8808463
-8767115 -8766893
-8758176 -8757522
-8751686 -8750766
-8739434 -8739023
-8735398 -8734983
-8717837 -8717161
-8713386 -8712173
-8705695 -8705440
-8680130 -8679270
-8667262 -8666065
-8663012 -8662080
-8657108 -8656254
-8650588 -8650218
-8623510 -8622645
-8592722 -8592531
-8585369 -8584721
-8576140 -8576126
-8568878 -8568580
-8556089 -8555654
-8538335 -8537757
-8535264 -8534486
-8534354 -8534338
-8517809 -8517206
-8516204 -8516184
-8502996 -8502381
-8487065 -8486211
-8481806 -8481576
-8472386 -8471540
-8449775 -8449666
-8439051 -8438399
-8413300 -8412315
-8399794 -8399122
-8354758 -8354455
-8325016 -8324068
-8309833 -8308946
-8287780 -8286886
-8286053 -8285464
-8264061 -8263478
-8255087 -8254198
-8219447 -8218901
-8147638 -8147167
-8114416 -8114181
-8105347 -8104930
-8099476 -8098839
-8049174 -8048560
-8031989 -8031769
-8029959 -8029743
-8028934 -8028712
-7971905 -7971311
-7961768 -7961150
-7945867 -7945849
-7944205 -7944030
-7916941 -7916384
-7898611 -7897971
-7875876 -7875312
-7859527 -7858596
-7843655 -7842905
-7841928 -7841014
-7789594 -7789330
-7779911 -7779764
-7765810 -7765770
-7664359 -7663658
-7661481 -7661113
-7651224 -7650600
-7616402 -7615667
-7573782 -7573307
-7561516 -7560810
-7554966 -7554221
-7541200 -7541130
-7538157 -7537314
-7512910 -7512231
-7509483 -7508759
-7492649 -7492023
-7478408 -7477298
-7428032 -7427196
-7388550 -7387893
-7377811 -7377428
-7362629 -7361708
-7340365 -7339405
-7338860 -7338323
-7282172 -7281459
-7259780 -7259101
-7216332 -7216203
-7214909 -7213979
-7210002 -7209954
-7196376 -7196156
-7185810 -7185387
-7147669 -7147363
-7137430 -7137114
-7123872 -7122961
-7119748 -7119672
-7048626 -7047646
-7040493 -7039813
-7026021 -7025316
-6992239 -6991743
-6980404 -6979839
-6956122 -6955981
-6935717 -6934744
-6913881 -6913631
-6878993 -6878422
-6874713 -6874261
-6862026 -6861743
-6857261 -6856470
-6856148 -6855410
-6815559 -6815152
-6791149 -6790277
-6784038 -6783181
-6747184 -6747041
-6735227 -6735226
-6722336 -6721876
-6710623 -6709949
-6703106 -6702424
-6701154 -6700778
-6693541 -6692816
-6681685 -6680968
-6648745 -6648315
-6641109 -6640707
-6623687 -6623473
-6621238 -6620326
-6609698 -6609677
-6571203 -6570264
-6569171 -6569007
-6545988 -6545722
-6520430 -6520181
-6515632 -6514662
-6504852 -6504182
-6451010 -6450831
-6408795 -6408402
-6399884 -6399223
-6387211 -6386601
-6385325 -6384893
-6372406 -6372051
-6359843 -6358850
-6346512 -6346301
-6337501 -6337144
-6337035 -6336932
-6331142 -6330721
-6324375 -6323896
-6302776 -6302209
-6302117 -6302022
-6225277 -6224820
-6205839 -6205185
-6184718 -6183983
-6148447 -6147745
-6146712 -6146562
-6120631 -6120619
-6115640 -6115067
-6094564 -6094299
-6090307 -6089545
-6082758 -6082230
-6067346 -6066940
-6065369 -6064661
-6004660 -6003754
-5978045 -5977159
-5965139 -5964718
-5936477 -5936145
-5934567 -5933614
-5911390 -5911160
-5901497 -5901000
-5891359 -5890794
-5879135 -5878812
-5858876 -5858610
-5847703 -5847679
-5836567 -5835610
-5711259 -5710817
-5679063 -5678455
-5650928 -5650179
-5641498 -5641244
-5629941 -5629550
-5577114 -5576434
-5531410 -5531206
-5524462 -5524089
-5470628 -5470154
-5457132 -5456705
-5403240 -5403044
-5398162 -5397759
-5391691 -5390962
-5347227 -5346697
-5340914 -5340806
-5293762 -5293539
-5286592 -5286135
-5218053 -5217657
-5207457 -5207226
-5124936 -5124021
-5112750 -5112118
-5093839 -5092900
-5074915 -5073728
-5070247 -5069558
-5043684 -5043555
-5017044 -5016075
-5009216 -5009138
-5008919 -5008016
-4995240 -4994509
-4968669 -4968321
-4963783 -4963038
-4932552 -4932297
-4908997 -4908330
-4907996 -4907482
-4894980 -4894331
-4882647 -4882340
-4880749 -4880098
-4844118 -4843742
-4776783 -4775905
-4767612 -4767374
-4752020 -4751226
-4725802 -4725696
-4694777 -4694470
-4690469 -4689733
-4680988 -4680418
-4659886 -4659729
-4654164 -4653418
-4632771 -4632101
-4590887 -4590311
-4585209 -4584358
-4580805 -4579875
-4565790 -4565135
-4525883 -4525655
-4511755 -4511068
-4431484 -4430672
-4427306 -4426444
-4376543 -4375917
-4368358 -4367676
-4365184 -4364696
-4360082 -4359382
-4340821 -4339948
-4291704 -4291434
-4282447 -4282315
-4273431 -4273298
-4251094 -4250523
-4176143 -4175608
-4171934 -4171620
-4147709 -4147571
-4141295 -4141041
-4134655 -4134051
-4131685 -4131051
-4074621 -4074474
-4070996 -4070630
-4035908 -4034934
-4024837 -4024737
-4006574 -4005651
-3996981 -3996006
-3974517 -3973837
-3945064 -3944478
-3932383 -3932238
-3841459 -3841083
-3831526 -3830623
-3819414 -3818723
-3814520 -3813704
-3805915 -3805861
-3800493 -3799708
-3761988 -3761217
-3741414 -3740625
-3722068 -3721161
-3705161 -3704967
-3693933 -3693085
-3692171 -3691403
-3677963 -3677231
-3677173 -3676755
-3675726 -3675409
-3658272 -3657851
-3654007 -3653123
-3626703 -3625790
-3622056 -3621492
-3617226 -3617105
-3549458 -3549011
-3525827 -3525240
-3518193 -3517430
-3494238 -3494070
-3449150 -3448201
-3444891 -3443991
-3432246 -3431353
-3408054 -3407982
-3319301 -3319210
-3317350 -3316743
-3285695 -3284845
-3271478 -3271118
-3267655 -3266758
-3250472 -3249940
-3248865 -3248312
-3245560 -3245212
-3233073 -3232364
-3199864 -3199425
-3172425 -3171459
-3162845 -3162302
-3161988 -3161987
-3159107 -3158535
-3115595 -3115354
-3089999 -3089489
-3086860 -3086015
-3083516 -3083168
-3081705 -3081132
-3071720 -3071221
-3068438 -3068428
-3062143 -3061413
-3059370 -3058832
-3056579 -3055704
-3029123 -3029071
-3025654 -3025433
-3018839 -3018565
-2972819 -2971822
-2966035 -2965226
-2952255 -2951571
-2945067 -2944193
-2937701 -2937152
-2928817 -2928246
-2925426 -2924759
-2908835 -2908319
-2897448 -2896906
-2892830 -2892448
-2862120 -2861589
-2859973 -2859167
-2820719 -2820317
-2803338 -2803266
-2802989 -2802557
-2799226 -2799089
-2784784 -2784677
-2743567 -2742669
-2727778 -2727060
-2720393 -2719650
-2694635 -2694056
-2667702 -2667346
-2655000 -2654574
-2653823 -2653200
-2652787 -2651968
-2642743 -2642065
-2627235 -2626322
-2584136 -2583561
-2572581 -2571727
-2521661 -2520737
-2497799 -2497214
-2477762 -2477684
-2466538 -2465602
-2428665 -2427868
-2420102 -2419544
-2401177 -2400688
-2385728 -2384907
-2380447 -2379986
-2372966 -2372104
-2367424 -2367187
-2345756 -2345175
-2341155 -2340877
-2337346 -2336669
-2324406 -2323946
-2273463 -2273423
-2261109 -2260837
-2250566 -2249640
-2245909 -2245757
-2214366 -2214312
-2187606 -2187277
-2173350 -2173084
-2146985 -2146663
-2145213 -2144273
-2131097 -2130214
-2120879 -2120113
-2107891 -2107154
-2089335 -2088381
-2087114 -2087095
-2081829 -2081331
-2067745 -2066958
-2066678 -2066139
-2062308 -2061787
-2061263 -2060367
-2043158 -2042462
-2040046 -2039861
-2005895 -2005746
-1984793 -1984763
-1969728 -1968503
-1908851 -1908823
-1900304 -1900166
-1875623 -1874733
-1838353 -1837456
-1768379 -1767867
-1756921 -1756275
-1745743 -1745065
-1726214 -1725235
-1718701 -1718431
-1708031 -1707697
-1696656 -1696244
-1693240 -1692577
-1658880 -1658216
-1656364 -1655550
-1651292 -1650670
-1649706 -1648936
-1626791 -1625803
-1607638 -1607480
-1606009 -1605851
-1564126 -1563369
-1549894 -1549769
-1514542 -1513935
-1494126 -1493940
-1427006 -1426202
-1413443 -1412722
-1409536 -1409006
-1405652 -1405518
-1372351 -1371473
-1341063 -1340200
-1303389 -1302740
-1290794 -1289921
-1231203 -1230543
-1177419 -1177117
-1153607 -1152974
-1113898 -1113287
-1092720 -1092045
-1066675 -1066389
-1062884 -1062503
-1033850 -1033523
-1009055 -1008945
-984137 -983942
-974010 -973668
-963618 -962927
-957483 -957251
-942231 -941731
-930718 -930645
-915409 -914895
-903510 -903418
-834131 -833875
-797751 -796784
-755141 -755099
-749814 -749745
-707550 -706769
-706278 -705801
-688367 -687940
-659337 -658943
-655650 -654918
-634342 -633684
-617188 -616238
-609352 -608935
-596911 -596576
-596221 -596220
-555111 -555033
-553611 -552695
-548655 -548428
-494488 -493941
-480067 -479331
-477281 -477173
-475985 -475086
-469737 -469084
-462618 -461751
-457671 -457668
-420774 -420050
-419291 -419019
-391095 -390223
-355836 -355809
-322785 -322278
-315357 -315033
-308061 -307098
-284194 -284086
-251496 -250892
-244927 -244829
-235051 -234871
-233101 -232831
-226344 -225815
-201649 -200842
-120179 -120179
-112196 -111426
-94223 -93310
-78744 -78442
-50122 -49532
-44834 -44302
-41088 -40218
-35992 -35866
-11214 -10238
46017 46761
48777 49662
50407 50758
55892 56753
108302 108899
119717 120220
179210 179810
195503 195925
205284 205652
253312 253786
272797 273741
275221 275458
297694 298351
308021 308199
331556 331773
389108 389969
398838 398966
485950 486214
497302 497929
515357 515585
529410 530137
545286 545850
578353 578445
579767 580333
583364 583400
636376 637308
664499 665251
724944 725569
735658 736502
744403 744686
766552 766576
807882 808739
833117 833447
864801 865352
866248 867107
917824 918708
928690 929536
946747 947467
960553 961446
962514 963024
980452 981122
1002075 1002156
1009306 1010031
1046589 1046891
1058674 1058765
1127646 1127692
1128706 1129412
1165142 1165304
1202427 1202492
1202939 1203545
1232625 1233597
1253570 1254092
1293276 1293852
1325831 1326686
1328735 1328849
1380195 1380836
1421776 1422400
1436155 1436470
1462575 1463375
1464803 1465699
1470220 1470722
1471847 1471891
1476253 1476479
1485058 1485756
1486647 1487173
1488458 1488866
1574385 1574590
1611601 1612216
1614227 1614322
1625116 1625861
1626296 1626300
1627660 1628395
1722331 1722338
1739359 1739902
1861564 1861926
1873449 1873832
1877990 1878132
1883327 1884309
1908958 1909716
1914438 1914605
1934919 1935476
1940474 1940518
1991944 1992137
2009501 2010340
2045236 2045473
2110639 2111351
2124185 2124346
2152713 2153259
2165611 2166082
2212488 2212838
2223316 2223392
2259376 2259725
2275642 2276466
2277470 2277838
2298031 2298770
2304000 2304280
2308908 2309564
2313071 2313908
2361915 2362309
2370314 2371181
2398323 2398522
2428545 2428819
2429797 2430032
2433659 2434640
2461552 2461714
2467224 2467543
2468940 2469480
2496430 2496733
2497499 2497523
2505989 2506280
2511695 2511745
2516335 2517057
2528517 2529217
2559616 2559718
2563166 2563360
2604034 2604519
2633909 2634552
2649626 2649762
2680373 2681066
2690640 2691141
2703695 2704283
2713717 2714211
2759513 2760074
2791687 2791999
2792459 2793365
2812027 2812179
2834023 2834126
2846531 2847333
2873469 2873718
2886399 2886864
2909402 2909431
2916956 2917627
2919311 2919985
2928983 2929035
2948196 2948917
2980395 2980908
2983596 2984414
2984668 2984696
3005933 3006673
3009455 3010178
3042740 3043366
3050784 3050866
3064632 3065221
3090442 3090652
3091915 3092572
3105038 3105814
3107954 3108117
3126969 3127143
3135280 3135386
3144458 3144829
3147409 3147904
3161554 3162152
3185156 3185581
3238473 3239211
3262355 3262799
3303527 3304034
3308829 3309574
3334760 3335314
3350449 3351344
3363260 3363899
3369065 3369070
3370195 3371187
3402001 3402558
3408402 3409283
3433577 3433909
3457572 3458351
3478584 3478875
3545027 3545133
3547650 3548520
3568552 3568657
3605878 3606771
3613190 3614047
3616371 3617088
3674822 3675064
3677553 3678491
3683595 3684583
3702366 3702550
3709989 3710464
3737864 3738809
3740121 3740372
3782318 3783147
3791095 3792034
3798242 3798366
3805523 3806394
3807069 3807539
3829936 3830762
3886518 3887504
3889660 3889803
3898812 3899381
3910855 3911650
3922061 3922941
3946039 3946281
4006229 4006862
4015139 4016023
4069103 4069378
4071910 4072208
4080966 4081223
4155810 4156158
4198480 4198951
4205679 4206394
4218979 4219958
4228390 4228674
4253969 4254236
4256194 4256774
4276829 4277507
4284329 4284487
4291816 4292469
4305927 4306768
4330968 4331439
4340444 4341317
4341860 4342258
4353944 4354077
4358029 4358921
4359566 4359865
4365887 4366665
4377349 4377529
4392502 4393523
4461925 4461994
4466682 4466764
4482905 4483700
4488732 4489357
4529214 4529888
4540321 4541079
4559109 4559812
4573188 4574055
4600503 4601420
4605162 4606127
4610056 4610126
4611243 4612196
4631329 4631494
4645330 4646223
4668640 4669353
4679054 4679191
4683200 4683730
4709944 4710487
4733419 4734171
4734174 4734946
4786895 4787422
4809359 4809888
4820122 4820853
4847699 4848277
4871918 4872274
4893742 4894254
4971619 4972395
5004689 5005064
5027734 5028531
5031964 5032014
5056812 5057329
5074141 5074638
5121908 5122862
5126425 5126527
5131207 5131921
5165249 5166187
5169767 5169922
5186319 5186482
5199609 5200331
5260384 5260965
5266873 5267787
5294747 5294980
5349395 5350547
5380362 5381239
5382941 5383098
5405887 5406634
5407387 5407922
5417016 5417170
5440747 5441556
5479345 5479378
5482852 5483111
5489712 5490651
5511056 5511419
5512110 5512334
5524890 5525813
5528746 5529309
5584775 5585101
5607556 5608353
5715950 5716171
5720502 5720992
5763855 5764543
5765872 5766408
5779843 5780751
5808661 5809514
5811372 5812161
5848844 5849305
5896447 5896805
5913604 5913868
5993387 5993947
6008993 6009794
6010321 6010743
6040535 6041413
6079239 6079638
6080222 6081173
6097382 6098335
6122763 6123155
6158642 6159505
6171030 6171894
6193553 6193815
6195883 6196263
6203179 6203533
6212978 6213715
6213870 6214572
6237650 6238236
6246773 6247481
6279210 6279710
6309208 6309398
6330557 6330595
6337251 6337576
6373019 6373487
6375625 6376415
6377258 6377947
6392075 6392445
6425245 6426104
6430848 6431318
6442004 6442040
6456338 6457078
6472061 6472289
6479610 6480461
6485926 6486286
6535229 6535615
6605093 6605314
6608753 6609149
6612295 6612668
6618770 6619370
6624653 6625100
6635064 6635487
6638836 6639407
6652963 6653728
6653806 6654148
6667501 6667885
6673852 6673995
6699164 6700042
6743939 6744217
6750955 6751827
6772769 6773177
6783355 6783876
6787420 6788085
6838341 6839233
6848512 6848531
6857186 6857886
6881079 6881827
6887282 6887546
6926207 6926336
6970813 6971248
6986246 6986825
6990347 6990562
7005553 7006296
7011715 7011811
7028068 7028505
7037229 7037551
7046740 7047279
7050576 7050995
7081096 7081734
7104092 7104700
7120656 7120978
7131161 7131897
7171281 7171453
7248958 7249453
7280057 7281050
7283507 7284454
7321322 7321971
7350472 7350588
7357963 7358919
7373579 7374577
7397299 7397750
7404057 7404365
7419128 7419447
7423666 7424078
7438253 7438768
7447401 7448073
7449149 7449741
7454568 7455141
7458640 7459296
7460123 7461098
7588255 7588657
7652811 7653795
7655668 7655852
7661037 7661230
7676075 7676145
7676637 7677222
7689246 7689793
7690500 7691013
7709344 7710248
7711285 7711597
7806941 7807152
7836640 7837450
7841285 7841799
7849011 7849990
7887820 7888054
7897518 7898336
7910647 7910850
7978990 7979264
7989989 7990273
8028233 8028769
8030844 8031453
8051836 8052423
8061637 8062072
8068807 8069516
8095143 8095195
8103762 8103923
8130882 8131829
8177823 8178198
8191677 8192536
8198551 8198863
8227096 8227144
8242326 8242941
8246029 8246179
8259630 8260577
8260948 8261328
8282665 8283040
8292580 8292616
8319270 8319916
8327656 8328108
8339344 8339525
8394192 8394199
8433505 8434147
8448789 8448973
8468324 8468899
8477543 8477990
8573591 8574460
8595172 8595500
8645347 8645640
8686610 8687403
8705752 8705964
8742458 8742918
8768224 8768506
8771994 8772949
8783416 8784094
8892171 8892816
8904538 8905215
8912782 8913179
8924616 8925191
8927489 8928373
8933794 8934195
9040599 9040642
9045946 9046542
9071329 9072269
9100569 9100795
9105552 9106501
9107437 9107531
9118850 9119229
9123558 9124490
9127728 9128429
9215960 9216656
9235668 9236216
9237331 9237613
9244770 9245751
9247769 9248353
9253917 9254441
9274916 9274943
9294493 9294498
9303832 9303897
9324676 9324692
9329318 9329926
9342342 9342540
9352191 9352801
9362922 9363376
9377096 9377692
9383609 9383645
9423943 9424489
9426328 9427124
9457757 9458729
9463057 9463526
9477577 9478536
9488561 9489139
9502800 9502879
9517544 9518397
9597475 9597782
9648619 9649462
9677668 9678358
9687726 9688267
9696016 9696653
9701726 9702626
9719738 9720746
9772139 9772380
9776297 9776773
9808059 9808889
9810004 9810358
9817274 9817344
9827395 9827874
9842760 9842806
9894435 9895112
9936646 9936703
9937208 9938089
9965209 9966076
9966104 9966772
9978690 9979454
9992567 9993529
10000012 10000497
10009040 10009177
10011312 10012063
10046919 10047824
10112700 10113044
10180063 10180356
10186806 10187739
10195642 10196311
10229995 10230032
10274356 10274941
10337897 10339006
10346577 10346601
10364077 10364579
10366275 10366437
10367689 10367761
10418559 10418866
10524561 10524648
10531742 10532079
10572588 10573263
10619083 10619314
10631303 10632013
10680145 10680637
10719020 10719151
10768022 10768163
10816849 10817355
10823015 10823699
10824699 10825101
10853280 10853280
10859350 10859785
10865189 10866463
10904509 10904612
11007315 11008260
11009727 11010540
11016349 11017231
11029541 11030284
11031121 11031970
11036299 11036330
11045678 11046322
11072076 11072241
11075829 11076701
11108378 11109155
11157196 11157865
11166996 11167710
11174237 11174939
11188238 11188477
11194381 11194573
11209598 11209766
11234766 11235669
11262481 11263465
11306867 11306971
11314782 11315278
11329249 11330046
11337103 11337367
11402741 11402842
11436799 11437566
11470214 11470318
11497293 11498119
11555701 11556309
11568331 11568372
11575240 11575271
11578671 11579439
11647800 11647871
11740921 11741358
11765819 11766199
11785677 11786488
11805464 11805866
11840817 11841472
11843800 11844550
11854710 11855142
11857439 11857722
11865008 11865308
11872473 11873298
11914474 11914890
11969474 11970251
11981995 11982950
11984156 11984607
12000249 12000262
12007490 12007961
12059750 12059977
12069542 12069623
12074978 12075923
12097100 12097846
12183910 12184287
12184362 12185265
12194443 12195330
12203365 12204333
12223323 12223953
12239432 12240423
12270268 12270398
12291261 12291697
12291889 12291950
12328745 12328951
12336114 12336842
12341927 12342781
12376179 12376905
12378271 12378545
12444646 12445804
12546519 12547447
12566041 12566496
12570111 12571055
12571976 12572795
12581532 12581664
12609786 12610025
12642785 12643045
12646705 12646802
12647556 12647588
12654447 12655348
12664941 12665603
12667152 12667372
12670838 12671420
12683253 12684167
12699287 12700086
12707367 12707548
12717467 12717555
12725142 12725207
12745880 12746299
12764982 12765734
12804905 12805742
12874845 12875239
12905642 12906620
12919956 12920636
12965028 12965285
12983056 12983225
12984866 12985323
13008282 13009053
13010219 13010774
13011544 13012364
13043014 13043159
13089149 13089668
13109838 13110551
13124642 13125122
13160350 13161032
13183779 13184519
13187304 13187453
13222224 13222311
13236824 13237077
13260035 13260326
13273320 13274113
13294100 13294368
13308062 13308827
13313693 13313748
13319085 13319954
13331867 13332514
13384554 13384853
13390607 13391346
13400292 13400908
13420047 13420613
13433582 13434449
13466729 13467034
13480116 13480599
13504391 13504948
13514678 13515173
13516882 13516990
13612610 13612969
13701029 13701213
13712129 13712698
13718850 13719796
13730140 13730251
13739281 13740264
13745898 13746392
13768538 13768931
13772589 13773149
13778993 13779301
13784957 13785668
13787451 13787465
13821927 13821965
13859368 13859690
13878998 13879465
13883232 13884167
13913952 13914494
13922060 13923018
13926530 13926596
13930565 13931222
13971648 13972655
14034517 14034973
14085354 14086168
14101413 14102113
14108745 14109655
14119852 14120228
14127639 14127848
14145106 14145756
14169292 14169558
14182045 14182924
14190962 14191908
14199067 14199456
14221433 14221820
14224589 14225369
14230707 14230937
14240195 14240673
14252392 14252866
14257320 14257636
14347733 14348544
14382484 14383384
14398427 14398664
14413555 14413751
14414785 14415763
14434146 14435075
14450828 14451171
14471541 14472462
14472756 14473299
14478089 14478344
14499382 14499570
14507046 14507513
14508380 14509323
14526360 14526505
14527583 14528073
14559052 14559145
14568969 14569018
14599906 14600069
14662434 14662663
14676221 14676307
14696458 14697450
14719580 14719632
14731857 14731882
14815369 14815621
14844102 14844135
14850587 14850630
14897158 14897264
14906679 14907496
14909231 14909833
14918655 14919355
14937954 14938508
14984662 14985738
14990322 14990882
15070088 15070389
15082934 15083385
15084642 15085472
15114568 15114592
15132744 15133430
15141941 15142644
15146975 15147237
15160232 15161086
15206857 15207408
15235078 15235559
15271697 15272609
15272919 15273312
15296167 15296570
15303867 15304450
15307336 15308217
15318831 15319577
15335008 15335584
15361342 15362083
15384907 15384993
15391534 15391850
15421778 15422100
15437260 15437291
15444012 15444248
15455149 15455704
15478664 15478905
15501155 15502108
15530744 15531604
15550291 15550982
15551707 15552299
15552620 15552628
15553180 15553458
15604606 15604756
15633051 15633985
15644828 15645628
15647206 15647775
15675454 15675717
15697638 15698299
15715809 15716225
15722577 15723118
15753353 15753454
15782667 15783330
15794444 15794695
15807332 15807800
15810807 15811607
15847875 15848444
15850185 15850917
15932361 15933294
15949847 15950564
15982723 15982802
16019772 16020236
16044633 16045033
16063106 16063142
16076305 16076831
16077930 16078637
16113375 16114276
16155367 16155688
16157380 16157776
16204747 16205470
16214012 16214661
16269135 16269876
16311902 16311956
16344537 16345515
16351311 16351845
16354652 16354859
16384021 16384121
16403913 16404773
16459863 16460476
16473816 16473906
16489220 16489805
16492056 16492646
16510261 16510278
16525582 16526112
16540476 16540769
16542941 16543056
16599021 16599830
16640169 16640499
16642371 16642446
16659197 16659457
16669300 16669989
16689377 16689783
16693748 16694272
16706228 16706879
16707979 16708926
16735910 16737469
16741951 16741972
16804926 16805643
16855490 16855650
16861206 16862174
16902954 16903325
16909321 16910058
16925314 16926064
16932279 16932430
16936733 16937457
16946176 16946320
16951297 16951885
16973980 16974620
17070024 17070833
17072580 17072632
17073219 17074052
17118799 17118883
17121912 17122156
17132356 17132714
17133467 17134253
17163795 17164791
17184556 17185336
17198631 17199131
17249763 17250687
17258866 17259238
17262664 17263378
17267191 17267847
17278988 17279344
17282608 17282747
17297705 17298043
17345387 17345458
17359097 17359809
17366526 17366728
17370125 17370590
17423845 17424771
17429141 17429713
17456767 17457553
17463184 17463311
17484845 17485226
17494228 17494743
17499273 17499543
17506200 17506260
17546027 17546559
17547665 17548150
17585688 17586005
17598486 17599469
17643069 17643568
17677360 17677416
17684648 17685385
17740020 17740437
17744581 17744941
17746295 17746791
17776088 17776605
17795140 17795229
17820170 17821127
17821275 17821703
17877146 17877931
17887650 17888161
17914146 17915181
17927684 17928269
17973113 17973370
17980410 17980476
17986818 17987454
17994819 17994827
18017007 18017188
18041495 18042045
18045424 18045629
18052329 18052622
18061089 18061646
18062326 18062398
18064319 18064730
18079225 18080187
18080931 18081281
18121645 18121873
18143861 18144071
18144139 18144467
18152814 18153440
18170294 18170415
18179486 18179496
18222225 18223191
18276724 18276933
18281895 18282441
18302700 18303190
18318975 18320122
18331060 18331816
18343672 18344522
18403887 18403959
18448273 18448490
18469092 18469739
18479831 18480328
18507251 18507742
18528357 18528622
18536500 18536652
18540218 18540567
18557784 18558485
18561752 18561956
18574683 18575236
18585971 18586376
18594016 18594078
18613238 18613901
18617545 18617922
18649297 18649711
18665916 18666484
18673286 18673314
18673619 18673997
18677400 18677732
18679665 18679765
18705300 18706044
18723735 18724443
18753878 18754269
18770137 18770402
18778891 18778919
18829071 18829360
18862213 18862897
18875384 18875630
18878578 18878670
18895966 18896688
18944556 18944887
18945662 18946356
18953463 18953763
18968657 18969358
19013121 19013689
19042792 19042923
19054611 19055458
19066963 19067632
19068052 19068546
19124308 19125265
19148784 19149479
19176559 19177305
19177314 19177671
19203677 19203853
19266434 19267238
19285105 19285533
19312149 19312157
19313578 19314299
19327240 19327558
19364810 19365560
19393174 19393835
19451750 19452093
19455603 19456405
19468325 19468719
19474408 19475022
19502238 19502548
19532003 19532533
19543732 19544156
19553297 19553415
19577021 19577380
19615810 19616802
19632661 19632827
19653378 19654299
19749177 19750075
19775877 19776819
19787858 19788467
19813090 19813114
19850568 19850714
19906662 19907434
19923982 19925128
19974300 19974918
20006441 20006566
20022871 20023484
20048367 20049776
20055364 20055406
20103881 20103896
20117716 20117736
20144038 20144857
20156295 20157285
20158350 20158409
20186810 20187758
20217655 20217655
20222210 20222364
20227077 20227839
20246250 20246548
20311781 20312078
20314245 20315228
20376330 20377330
20411627 20412025
20451113 20451794
20471273 20471969
20533546 20533654
20538875 20539730
20565254 20565788
20575859 20575967
20597008 20597148
20607978 20608931
20640870 20641032
20648979 20649199
20650585 20651342
20657018 20657883
20667960 20668215
20707589 20707990
20735398 20735523
20776905 20776913
20837440 20838306
20851121 20851483
20862249 20862402
20942111 20942751
20950982 20951116
20951948 20952088
20976558 20976889
21043557 21043796
21043842 21044271
21064380 21064393
21130724 21131476
21149353 21150363
21179180 21179554
21185679 21186255
21195177 21195829
21219709 21220570
21225230 21225653
21231076 21231982
21239771 21240334
21249676 21250011
21251886 21252242
21269542 21269741
21304431 21304486
21327347 21327719
21357118 21357490
21387542 21388152
21396945 21397293
21449269 21450260
21539707 21539911
21540335 21540864
21542143 21542739
21558304 21558861
21584643 21585172
21595121 21595803
21627341 21628107
21636877 21636986
21664063 21664463
21666663 21667130
21689379 21689878
21718314 21718653
21720094 21721030
21721817 21722212
21724394 21724815
21728734 21728998
21772634 21773419
21799410 21799751
21812043 21812835
21824665 21825463
21834514 21834515
21883795 21884619
21887227 21887737
21924472 21924625
21952338 21952455
22006539 22006603
22006751 22007530
22013189 22013205
22014982 22015114
22036339 22036455
22039674 22039699
22112962 22113738
22114179 22114430
22124910 22125823
22139541 22140432
22164783 22165259
22176198 22177080
22184482 22184600
22188659 22189057
22204755 22205353
22228128 22228753
22274814 22274981
22285345 22285995
22286094 22287042
22316903 22317374
22321365 22322267
22346198 22346989
22353202 22353853
22424699 22425452
22440131 22440293
22451803 22452672
22453300 22454206
22454310 22454539
22458725 22459323
22494692 22494732
22505827 22506401
22506915 22507284
22589524 22590126
22599999 22600459
22606587 22607262
22631745 22632066
22679842 22680143
22686640 22687276
22714132 22714255
22744816 22744929
22755008 22756005
22798231 22798761
22813156 22813422
22848771 22848988
22849844 22850466
22905543 22906420
22916848 22916916
22937429 22938064
22944880 22945626
22950897 22950983
22983840 22984606
22987548 22987604
22993265 22993789
23002694 23003475
23011597 23012027
23021106 23022106
23033245 23033849
23056340 23056646
23066859 23067488
23074228 23074844
23099838 23100313
23102177 23102344
23124186 23124724
23178059 23178183
23227510 23227580
23241733 23241913
23255921 23256285
23316471 23316636
23318933 23319530
23324612 23325291
23353078 23353118
23355505 23356064
23363888 23363904
23378218 23378415
23380382 23381146
23430337 23430373
23473604 23473913
23475839 23476701
23479129 23479257
23516949 23517763
23539483 23539908
23543345 23544211
23598547 23598771
23616014 23616256
23619831 23620722
23642001 23642838
23645870 23646197
23656802 23656815
23733354 23733711
23738028 23738717
23739704 23740339
23745947 23746779
23755487 23756038
23756503 23757416
23761350 23761686
23779974 23780429
23793927 23794694
23812581 23813572
23838738 23838971
23839528 23840154
23851916 23852632
23853044 23853925
23877608 23877665
23903804 23903993
23904209 23904614
23923797 23923968
23937423 23938341
23953040 23953236
23996481 23996861
24005095 24006076
24044648 24044903
24047810 24047935
24098109 24098270
24099057 24099335
24111873 24112376
24122686 24122955
24151312 24151491
24155799 24156562
24217178 24218109
24240470 24240996
24279469 24279721
24289453 24290416
24294139 24295035
24314445 24314977
24361032 24361867
24367523 24368192
24400499 24401253
24432755 24433181
24452933 24453566
24489743 24490062
24490105 24490909
24506134 24506365
24541829 24542582
24543141 24543736
24548983 24549694
24582124 24582282
24585397 24586391
24593042 24593441
24616002 24616579
24629377 24629492
24631780 24631979
24654278 24654344
24658753 24659404
24660714 24660985
24665761 24666569
24675929 24676834
24724209 24724967
24759013 24759183
24837181 24837333
24872136 24872890
24951505 24951796
24974564 24975052
25007701 25007905
25025792 25026660
25033266 25034129
25050437 25051008
25055788 25055909
25078918 25079695
25086422 25087213
25094069 25094677
25105050 25105079
25133363 25133416
25220104 25220527
25223777 25224158
25238913 25239285
25257998 25258505
25284687 25285590
25295270 25295282
25351248 25351304
25362273 25362491
25384602 25385298
25405441 25405743
25413100 25413914
25423484 25423653
25424480 25425096
25425486 25426125
25519510 25519640
25524408 25525024
25527097 25527899
25545351 25545605
25552209 25552395
25559444 25559892
25560316 25561277
25598267 25599072
25602538 25602831
25607087 25608018
25613637 25613805
25619796 25620744
25634665 25635143
25642869 25644036
25651610 25652199
25664070 25664228
25665829 25666431
25698625 25698680
25830149 25830595
25834239 25834883
25855116 25855173
25855824 25856476
25874749 25875635
25885953 25886195
25887456 25888253
25907106 25907935
25908166 25908405
25924036 25924514
25960983 25961903
25998452 25998695
26016853 26017203
26020548 26021248
26021629 26022210
26051048 26051976
26081342 26082288
26090670 26090853
26096254 26096704
26100805 26101799
26110489 26110802
26113299 26113866
26132936 26133397
26133823 26134660
26147866 26148748
26163676 26164177
26212448 26212623
26250583 26250705
26254183 26254493
26265915 26266640
26269603 26270063
26273931 26274096
26292252 26293161
26311197 26311650
26375141 26375716
26379762 26380720
26398835 26398836
26403366 26403845
26424412 26424783
26434599 26434983
26443272 26444130
26448258 26449242
26479572 26480444
26484494 26484780
26491996 26492643
26531859 26532820
26545545 26546071
26565885 26566011
26590885 26591268
26612085 26612391
26612428 26614046
26622479 26623030
26638133 26638959
26642957 26643236
26650924 26651262
26654752 26655280
26704603 26705272
26733463 26734185
26755781 26756222
26759279 26759301
26802324 26802881
26806061 26806373
26838191 26838455
26851053 26851204
26862527 26863331
26883807 26884769
26895450 26895716
26912643 26912684
26918982 26919553
26927152 26927929
26929830 26929930
26947675 26947710
26962873 26963082
26975087 26975351
26982493 26982681
26986832 26987538
26996995 26997834
27006686 27007484
27018351 27018820
27019412 27020409
27044329 27044538
27051690 27051879
27090592 27090679
27095725 27096334
27107880 27107998
27109483 27110117
27116375 27116375
27153158 27153269
27153667 27154162
27156921 27157630
27180979 27181774
27195185 27195305
27198469 27199393
27213781 27214083
27215788 27216281
27238730 27239586
27257906 27258436
27277961 27278439
27282068 27282342
27287365 27287561
27288825 27289793
27341479 27342356
27342827 27343609
27354037 27354113
27368529 27368836
27370672 27371305
27377029 27377051
27383176 27383328
27389211 27390161
27402766 27402792
27434448 27435403
27486771 27487591
27515926 27516598
27522252 27522477
27552670 27553093
27577356 27578115
27603563 27604346
27626657 27627640
27647345 27648280
27672055 27672386
27683708 27684309
27713470 27714305
27755750 27756173
27759041 27759431
27775875 27776154
27828589 27829586
27837836 27838685
27839283 27839486
27860081 27860689
27879919 27880151
27894706 27895409
27897239 27897787
27918018 27919288
27934995 27935798
27942687 27942860
27975501 27975646
28005375 28005639
28020040 28020630
28051580 28052078
28121475 28121926
28154070 28154840
28158627 28159310
28160549 28161014
28219741 28220339
28248955 28249395
28253387 28254369
28331077 28331255
28344247 28344923
28393923 28394515
28407271 28407735
28421618 28422125
28457597 28458001
28462822 28463212
28469650 28469756
28471881 28472766
28530748 28531313
28539433 28540133
28541649 28541671
28559717 28560646
28598250 28598581
28608083 28608716
28627927 28628036
28634877 28635195
28662267 28663112
28723992 28724123
28742617 28742646
28749824 28750026
28781990 28782764
28795307 28796302
28851573 28852374
28855956 28856363
28906797 28907437
28919547 28919892
28938558 28939274
28980246 28980591
29018618 29019351
29019433 29019991
29022942 29023807
29030604 29031063
29060347 29060465
29064288 29064407
29111909 29112499
29122013 29122295
29127227 29128063
29162000 29162969
29175154 29175321
29202998 29203400
29264729 29265048
29274328 29275090
29288147 29288955
29292267 29292372
29320933 29321157
29329880 29330238
29352867 29353786
29356506 29356724
29368843 29368905
29422511 29422589
29432288 29432536
29438139 29438734
29448574 29449542
29490027 29490328
29565598 29566483
29576180 29576340
29602403 29602558
29602842 29603630
29613209 29614310
29633014 29633829
29653766 29654355
29663665 29664638
29674054 29674335
29706509 29706848
29738379 29738855
29762317 29763254
29770101 29770232
29772423 29772712
29777375 29778117
29831854 29832202
29856528 29856893
29879319 29880112
29903830 29904724
29924380 29925218
29944183 29944642
29970998 29971739
30006017 30006328
30027090 30027552
30035072 30035945
30044798 30045170
30047753 30047941
30064480 30064871
30161238 30161796
30176135 30176792
30186046 30186453
30203266 30204072
30236681 30237579
30294130 30294450
30310843 30311066
30315183 30315611
30325997 30326952
30327778 30328402
30404928 30405157
30438828 30439456
30440396 30440784
30455314 30456284
30480543 30481010
30493038 30493216
30505872 30506787
30559596 30560485
30571315 30571537
30578059 30578594
30598449 30598899
30601266 30601785
30625977 30626349
30649425 30649617
30722131 30722727
30729115 30730006
30745873 30746694
30748180 30749024
30786762 30787501
30799036 30799609
30911705 30911964
30947076 30947975
30959238 30959675
30979431 30980244
30987891 30988353
31005284 31005646
31037903 31038481
31048801 31049725
31075582 31076298
31080990 31081523
31112171 31113079
31115616 31116401
31122267 31123161
31136672 31137407
31142289 31142596
31146345 31146695
31147407 31148003
31171458 31171507
31179760 31180663
31186987 31187078
31216825 31217412
31260113 31260459
31269421 31269680
31306317 31306970
31318226 31318624
31329325 31330189
31341531 31341932
31349512 31350221
31368422 31369330
31370407 31370604
31404515 31404857
31450271 31450365
31455223 31455584
31467663 31467697
31565942 31565972
31570173 31570263
31573098 31573900
31609239 31609350
31613797 31614468
31618460 31618737
31650063 31650886
31652206 31653144
31654614 31654693
31670139 31670775
31738577 31739314
31774713 31775680
31783053 31783139
31813346 31814216
31844896 31845299
31870054 31870872
31873473 31873913
31874834 31875502
31895666 31896579
31899886 31900553
31920912 31921412
31934036 31934282
31959520 31960518
31983088 31983981
31986348 31987076
31987336 31987375
31988802 31989465
32001905 32002425
32030731 32031388
32035022 32035758
32117162 32117909
32131186 32131927
32132179 32132629
32135868 32136605
32137160 32137907
32169437 32169715
32180439 32180599
32187652 32188546
32191699 32192230
32207030 32207510
32238644 32239583
32261590 32262083
32262293 32262817
32268283 32268621
32288961 32289950
32303713 32304336
32314719 32315301
32372988 32373823
32375288 32376067
32393661 32394428
32401986 32402041
32423937 32423960
32492911 32493856
32562921 32563619
32569460 32570124
32591671 32591688
32595278 32596193
32603142 32603777
32632888 32633450
32652294 32652308
32702244 32702418
32733570 32733953
32740884 32741496
32746286 32746976
32774407 32775247
32777212 32777707
32832744 32833535
32851265 32851963
32864368 32864638
32890331 32890991
32900119 32900469
32926224 32927079
32938074 32938987
32948854 32949482
32955561 32955626
32957005 32957045
32962289 32962496
32963383 32963853
32982377 32982762
33001539 33002261
33028027 33028201
33054294 33055232
33074301 33075221
33109633 33109990
33117428 33117961
33142861 33142902
33143074 33143897
33195197 33195995
33215786 33215975
33220838 33221166
33235183 33235590
33311396 33311943
33314093 33314511
33347184 33347381
33350718 33351670
33374764 33374921
33386476 33386823
33400971 33401261
33412691 33412889
33418855 33419780
33425051 33425071
33435953 33436918
33466204 33466534
33513836 33514648
33524867 33525488
33538898 33539045
33594351 33594657
33647147 33647843
33672633 33673143
33708003 33708081
33734975 33735479
33743980 33744206
33746316 33746920
33749362 33749751
33837036 33837747
33875621 33875995
33889750 33890465
33899405 33899786
33929820 33929847
33943100 33943913
33980214 33980215
34003188 34004019
34040512 34040519
34091718 34092066
34160414 34160589
34162953 34163469
34170342 34170538
34171977 34172200
34183903 34184386
34191275 34192130
34194398 34194439
34200605 34200887
34210167 34211049
34228462 34229131
34262760 34262777
34285901 34286217
34326652 34327254
34333686 34333803
34358664 34359505
34387175 34387456
34409344 34410230
34414850 34414865
34442843 34442855
34455960 34456712
34463917 34463979
34482803 34483774
34495478 34495813
34496885 34497787
34498834 34499489
34505537 34506070
34585795 34586347
34654153 34655069
34683115 34683173
34713410 34714313
34722111 34723097
34730394 34730622
34744697 34744925
34847815 34848034
34862324 34863098
34868017 34868519
34875587 34876479
34879535 34879786
34920524 34920536
34933347 34934255
34965397 34965398
34992670 34992750
35005329 35005862
35026717 35027332
35110117 35110393
35113332 35113875
35135252 35135347
35152308 35152777
35177990 35178723
35193318 35193715
35230065 35230979
35244748 35245195
35258064 35258143
35259752 35260395
35270190 35271120
35279559 35279927
35286880 35287665
35301330 35302012
35309686 35309968
35321736 35322125
35333602 35334550
35418758 35418794
35421374 35422293
35444592 35445554
35455794 35456338
35468536 35469503
35471481 35471718
35505719 35506176
35511081 35511745
35528087 35528905
35532106 35532796
35539967 35540038
35554658 35554845
35587602 35587974
35602732 35603541
35617721 35617899
35619347 35619825
35692315 35693211
35695066 35695546
35721910 35722593
35746128 35746382
35772446 35773220
35788722 35788773
35831280 35831883
35832481 35832786
35868131 35868675
36017516 36018013
36027059 36027955
36072549 36073211
36074215 36075096
36078988 36079619
36112399 36112433
36119936 36120738
36135823 36136160
36153872 36154353
36160929 36161765
36174273 36174610
36181776 36181789
36207250 36207406
36244279 36244389
36250265 36250977
36288827 36289368
36306048 36306932
36345599 36345971
36346675 36347098
36350661 36351245
36363617 36363726
36389776 36390685
36401998 36402223
36412745 36412993
36486207 36486309
36498982 36499763
36510166 36510567
36510741 36511689
36513840 36514361
36564129 36565027
36569147 36569335
36578186 36579045
36594947 36595827
36596100 36597057
36602997 36603494
36612579 36613323
36641535 36642114
36650578 36650787
36662931 36663898
36685009 36685129
36713557 36714103
36719620 36720295
36736038 36736751
36757959 36758747
36833710 36834111
36839206 36839208
36854006 36854462
36864980 36865905
36877737 36878671
36974593 36975056
37004871 37004876
37065497 37066208
37109491 37110149
37110370 37110562
37114764 37115732
37117051 37117947
37123426 37124361
37136725 37137090
37166648 37166999
37219834 37220204
37258667 37259540
37262863 37263616
37271031 37271495
37285115 37285680
37312646 37312898
37326057 37326404
37333350 37333639
37349064 37349160
37418144 37418963
37432412 37433096
37447105 37447846
37552919 37553387
37555876 37556569
37606345 37607187
37653584 37654179
37654715 37654824
37716185 37716960
37776177 37776271
37796129 37796206
37808921 37809160
37839599 37840018
37850593 37850811
37887986 37888601
37965766 37966664
37966989 37967237
38017638 38018608
38055687 38056326
38057251 38057780
38068175 38068832
38093756 38094362
38101822 38102624
38112969 38113841
38125943 38126668
38155842 38156470
38206452 38206900
38266673 38267220
38273517 38274129
38277339 38277914
38287426 38288301
38305024 38305779
38347939 38347998
38359902 38360599
38377078 38378067
38382843 38383766
38392305 38393219
38401207 38401328
38412820 38413165
38426287 38426911
38442125 38442586
38446865 38447657
38449852 38450170
38456134 38456997
38479746 38480549
38486776 38487379
38503654 38504245
38576700 38577207
38592992 38593215
38616228 38616352
38643020 38643124
38648451 38648637
38697124 38697327
38721819 38722583
38728395 38728534
38746287 38746929
38758903 38759219
38824253 38825025
38827257 38827381
38838145 38838862
38894581 38894957
38900079 38900150
38928509 38928646
38943403 38943621
38954841 38954941
38963708 38964379
39035725 39036370
39038820 39039068
39059330 39060037
39064895 39065026
39092423 39093337
39112311 39112518
39130360 39131252
39219508 39220255
39234651 39234700
39241120 39241705
39247196 39248032
39251659 39252154
39254115 39254892
39264895 39265052
39319749 39320057
39391576 39392301
39396690 39396722
39431343 39432341
39451555 39451939
39524452 39525011
39550941 39551144
39577834 39578420
39582065 39582095
39584500 39585299
39596956 39597632
39602153 39603065
39702503 39702606
39716862 39716907
39751101 39751775
39780218 39780720
39821414 39821749
39828191 39828643
39829959 39830281
39847213 39847969
39859507 39860200
39898649 39898926
39903610 39904481
39915349 39916026
39932173 39933133
39959350 39960240
39982532 39983030
39984169 39985161
40008770 40009226
40014852 40015375
40043003 40043849
40060853 40061539
40099036 40099561
40114168 40115057
40121685 40122374
40131214 40131225
40209328 40209676
40213177 40213355
40219846 40220004
40259178 40259963
40272851 40273462
40282818 40283679
40324578 40325111
40327310 40327952
40371735 40372681
40430804 40431391
40475268 40475402
40481522 40481726
40490601 40491062
40511399 40511843
40512984 40513210
40561644 40561821
40637175 40637253
40658820 40659075
40715768 40716487
40716497 40716727
40755372 40755931
40780884 40781214
40818007 40818309
40837038 40837936
40844780 40845611
40876482 40876870
40876953 40877420
40915613 40916002
40975818 40976003
40993246 40993919
41016362 41016616
41033061 41033680
41062654 41063400
41087280 41088186
41137169 41137613
41174014 41174359
41181176 41182117
41199471 41200235
41204187 41205050
41221870 41222316
41223593 41224516
41265729 41266264
41275921 41276674
41278170 41279156
41302364 41302704
41317924 41317967
41320983 41321868
41333247 41333599
41384033 41384605
41385569 41386135
41387655 41388135
41391505 41392086
41403250 41403275
41408105 41408806
41413740 41414006
41429426 41429698
41432902 41433363
41449948 41450085
41458536 41458552
41473862 41474047
41481061 41481161
41500570 41501462
41505900 41506697
41516407 41517296
41531668 41531958
41538486 41538629
41552729 41553101
41554385 41555108
41555448 41555923
41562562 41562617
41570793 41571001
41604273 41604877
41634821 41634864
41694726 41694954
41736923 41737326
41738898 41739750
41749389 41749702
41754929 41755462
41788320 41788830
41798891 41799839
41809025 41809899
41829480 41830187
41837580 41837689
41838400 41839397
41848967 41849206
41858986 41859977
41883955 41884872
41895847 41896040
41962848 41963192
41983900 41984780
42010111 42010492
42012080 42012930
42065718 42065950
42073748 42074126
42105468 42105662
42157366 42157714
42177093 42177890
42192769 42193121
42206616 42206648
42209700 42210378
42215499 42216385
42291657 42292444
42312232 42312409
42324224 42325106
42375864 42376759
42409140 42409822
42411650 42412613
42436183 42436826
42455383 42455755
42456440 42456983
42457634 42458070
42476815 42477407
42524622 42525058
42533692 42533960
42547742 42548149
42585974 42586616
42588625 42589226
42666930 42667563
42689978 42690841
42692221 42692804
42693908 42694715
42744556 42745406
42750266 42750687
42755559 42756169
42776597 42776879
42839038 42839239
42841079 42841865
42857780 42857989
42871967 42872687
42912729 42913694
42932631 42932824
42938839 42939558
42950997 42951309
42965800 42965860
42988958 42989808
42994651 42994999
43025092 43025516
43038542 43039214
43072509 43072564
43123121 43123810
43129004 43129201
43129866 43130338
43158963 43159007
43159974 43160654
43168681 43169496
43173037 43173731
43181756 43181897
43185038 43185101
43211488 43211577
43246421 43247133
43252412 43252859
43262979 43263845
43264964 43265652
43270117 43270754
43273743 43274650
43331705 43332203
43359331 43359761
43373526 43373930
43389374 43389678
43390707 43390879
43397691 43397806
43404075 43404720
43434109 43434889
43456711 43456903
43506359 43506843
43509084 43509783
43534899 43535774
43546976 43547642
43556587 43556908
43567314 43567753
43593766 43594424
43610734 43610918
43612970 43613118
43650827 43651108
43655864 43656223
43715686 43716058
43738526 43739317
43750170 43750289
43756293 43756699
43783704 43784686
43792137 43792426
43814385 43814665
43835290 43835935
43837235 43838086
43847177 43847190
43884489 43885290
43890398 43891343
43919865 43920348
43927425 43927767
43974948 43975322
43976563 43977054
43997802 43997938
44000141 44000321
44060479 44061082
44093548 44094151
44104195 44105178
44144758 44144758
44156611 44157198
44162010 44162676
44221102 44221747
44233139 44233755
44243075 44243856
44244129 44245111
44262753 44263255
44334030 44334656
44407138 44408119
44415221 44416128
44416702 44417525
44440044 44440657
44444665 44445609
44460947 44461570
44507809 44508144
44510398 44511201
44580466 44581252
44588701 44588780
44598153 44598956
44601009 44601923
44639987 44640167
44640330 44641426
44654426 44654902
44679691 44680393
44691997 44692215
44754481 44755005
44756420 44757181
44765496 44766055
44798267 44798352
44803621 44803814
44820589 44820777
44826293 44826439
44858501 44859405
44903252 44904219
44908953 44909843
44915685 44916342
44917171 44917822
44930578 44931032
44982053 44983037
45029497 45030220
45037803 45038408
45063812 45064465
45067998 45068535
45081591 45082485
45083542 45084418
45093969 45094110
45108840 45109496
45138365 45138909
45148992 45149197
45159564 45159672
45193117 45193378
45197378 45197385
45202373 45203345
45210371 45210629
45234220 45234483
45281751 45282458
45287435 45288249
45288305 45289091
45324348 45324955
45329485 45329575
45369877 45370426
45421559 45421793
45439726 45440077
45449305 45449954
45484850 45485427
45497247 45497768
45515985 45516916
45538607 45539246
45578668 45579498
45633808 45634770
45688346 45689006
45692294 45692940
45696963 45697890
45702526 45703216
45707018 45707989
45762811 45763658
45779172 45779962
45811437 45811797
45811808 45812431
45826167 45826230
45826912 45827658
45835960 45836912
45842836 45843262
45894987 45895952
45897808 45898253
45903376 45904034
45905903 45905984
45908281 45908340
45909246 45910009
45944082 45944720
45946543 45947172
45954801 45955708
45961978 45962837
45969404 45969706
46024101 46025065
46052901 46053543
46117639 46117736
46118776 46119023
46161650 46161811
46165902 46166779
46224047 46224876
46234265 46234953
46248672 46249075
46255409 46256329
46267611 46268583
46346915 46347882
46348170 46348892
46364580 46364904
46369903 46369906
46395059 46395890
46432252 46433242
46439150 46439177
46461096 46461114
46468049 46468403
46493801 46494556
46509604 46509785
46516860 46516889
46526653 46527493
46597408 46597575
46599200 46599993
46610280 46610543
46644514 46645466
46655700 46656249
46656760 46657024
46667836 46668698
46674103 46674840
46745795 46746628
46770693 46771377
46797128 46797308
46805414 46806126
46878855 46878916
46880345 46880474
46891290 46891613
46930570 46930600
46949344 46950163
46964400 46965110
46971175 46971699
46981804 46982602
47032543 47032624
47056871 47057459
47064283 47065119
47077775 47078442
47078693 47079582
47094336 47095057
47096576 47096614
47152698 47153380
47169714 47170467
47170641 47171060
47182052 47182705
47184678 47185390
47194998 47195518
47208114 47208716
47223229 47224206
47234067 47234088
47241849 47242819
47281681 47282319
47296852 47297535
47297733 47297878
47334899 47335562
47453389 47453988
47468883 47469026
47470377 47471896
47536625 47537197
47568575 47568798
47573140 47573280
47584643 47584920
47585529 47585708
47632294 47632964
47633306 47633607
47638634 47638979
47653028 47653875
47671540 47671810
47721825 47722900
47738305 47738350
47755724 47756190
47759715 47760595
47766829 47767446
47790003 47790823
47802991 47803183
47850725 47850818
47865403 47865681
47894083 47894374
47897028 47897931
47935015 47935954
47993935 47994903
48006960 48007445
48042995 48043114
48063442 48064208
48071113 48071703
48130979 48131519
48143947 48144481
48196627 48197537
48234687 48235227
48258222 48258584
48273134 48273593
48314101 48314558
48329168 48329781
48373554 48373664
48435832 48436525
48441584 48441884
48453704 48454640
48455092 48456080
48535793 48536368
48544134 48544331
48544875 48545135
48582045 48582297
48588218 48588594
48595492 48595576
48600102 48600697
48608694 48609555
48618511 48618628
48662354 48662846
48697143 48698037
48709636 48710505
48751790 48752655
48760633 48760790
48785192 48785533
48811530 48812210
48889184 48890052
48894273 48894816
48908828 48909715
48937776 48937944
48941643 48942567
48991134 48991444
49002403 49003013
49015704 49016595
49030565 49030779
49034175 49034695
49034842 49035128
49077994 49078857
49088510 49088660
49115569 49116153
49124868 49124944
49128933 49129659
49136309 49136498
49145737 49145995
49164566 49165033
49183072 49183191
49202383 49203017
49209165 49210120
49247198 49247339
49262165 49262698
49311536 49312457
49344526 49344949
49348072 49348654
49375122 49375821
49416584 49416699
49437687 49438456
49460244 49460424
49470826 49470980
49531265 49531766
49532629 49533448
49535079 49535802
49612166 49613054
49663478 49664406
49713470 49714383
49766741 49767016
49799693 49800386
49820527 49820769
49823220 49823456
49841615 49842792
49859303 49859949
49865385 49865936
49871060 49871243
49904068 49905052
49917144 49917281
49922489 49922506
49926609 49926667
49949191 49950077
49952028 49952734
49965965 49966059
49978955 49979144
50012089 50012507
50044945 50045682
50048622 50049475
50136786 50137105
50145568 50145935
50169422 50170298
50191201 50191698
50195961 50196873
50208769 50209118
50211659 50212237
50240369 50241226
50250537 50250940
50251685 50252575
50275611 50276056
50280151 50280695
50310795 50311626
50342754 50343396
50343753 50344542
50348044 50348428
50366145 50366602
50387972 50387989
50398588 50398969
50450633 50451605
50465533 50466305
50466607 50467366
50500787 50501106
50509965 50510087
50547855 50548569
50557365 50557866
50557902 50558513
50561380 50562314
50569949 50570716
50583785 50584365
50595619 50596344
50597980 50598821
50631344 50631873
50660925 50661456
50678600 50679417
50701746 50702056
50707333 50708240
50728304 50729059
50733021 50733734
50751271 50751586
50762479 50763418
50767032 50767064
50779555 50779926
50834083 50834793
50849577 50850257
50860705 50860777
50882854 50883516
50890856 50891357
50914706 50915195
50923745 50923827
50941420 50941634
50955212 50955667
50959636 50960591
50974741 50975261
51002846 51002849
51024402 51025384
51088694 51089182
51106575 51107093
51114587 51115093
51154710 51155658
51165984 51166196
51189047 51189648
51226075 51226651
51228476 51229245
51294125 51294453
51301339 51301469
51306101 51306155
51309535 51309897
51310520 51311409
51338481 51339082
51355834 51356431
51357571 51358358
51385262 51385708
51385958 51386740
51408885 51409165
51421872 51422714
51457086 51457819
51464211 51464334
51464547 51465121
51475394 51476340
51496928 51497367
51507747 51508426
51531138 51531408
51597819 51598050
51648079 51648397
51659048 51659717
51660349 51660987
51664135 51664435
51701591 51702230
51729321 51729686
51731853 51732843
51771144 51771810
51780715 51780851
51781384 51782306
51852941 51853496
51854787 51854844
51863977 51864870
51892808 51893784
51919341 51919508
51939910 51940450
51973145 51973736
52011834 52012249
52048510 52048888
52086211 52087110
52103317 52103711
52126188 52126928
52131969 52132905
52156210 52156672
52191070 52191734
52192215 52192647
52225930 52226658
52242606 52242828
52253179 52254092
52260407 52261307
52262235 52262475
52284391 52285032
52289422 52289875
52308985 52309185
52313966 52314786
52320188 52320737
52325143 52325268
52333990 52334180
52344828 52345002
52419946 52420211
52436068 52436957
52449916 52450573
52456650 52456909
52508172 52509203
52528428 52529209
52550980 52551965
52572746 52572883
52647227 52647730
52661460 52662148
52687568 52687761
52725263 52725700
52745122 52745508
52780360 52781322
52800860 52801818
52818086 52818884
52845304 52845819
52848692 52849327
52857620 52858428
52860798 52860859
52864956 52864993
52865058 52865876
52897125 52897179
52908590 52908868
52913604 52914261
52956527 52957109
52959800 52960587
52994999 52995228
52998254 52998449
53051771 53051862
53078632 53079535
53090212 53090302
53110702 53111162
53122682 53123188
53141858 53142607
53149397 53149601
53170351 53171187
53226605 53227188
53252402 53253388
53278928 53279845
53307510 53307680
53314365 53314946
53324816 53325522
53360798 53361083
53373651 53374072
53381395 53382054
53400328 53400688
53415287 53416266
53418396 53418910
53424510 53424890
53442502 53442790
53483961 53484608
53511724 53511915
53513525 53513983
53522784 53523239
53525850 53526321
53591163 53592098
53599611 53599612
53632257 53632642
53653467 53653674
53671378 53672101
53684783 53685599
53701267 53701330
53707081 53707173
53708532 53708697
53726403 53726812
53765415 53766310
53830872 53831599
53838109 53839072
53864353 53864494
53910322 53910470
53935023 53935761
53966475 53967248
53991704 53992544
54002249 54002890
54013261 54013312
54023667 54023819
54026756 54027616
54033737 54033917
54056025 54056980
54076627 54077541
54089799 54090008
54128073 54128863
54146257 54147074
54163913 54164020
54170926 54170929
54175322 54175629
54210956 54211565
54217016 54217112
54217523 54218340
54235417 54235922
54239651 54240412
54265166 54266089
54278975 54279950
54291248 54291607
54307318 54307354
54308911 54308975
54343481 54344324
54365660 54366540
54367501 54367765
54370887 54371582
54403271 54403638
54408105 54408223
54418009 54418316
54421408 54421842
54423595 54423991
54427760 54428445
54432651 54433502
54493452 54493779
54529351 54529357
54538727 54539446
54541685 54541987
54549483 54550471
54552199 54552250
54564839 54564896
54625312 54625506
54667511 54667577
54703941 54704829
54741423 54741637
54779838 54780137
54785137 54786118
54795543 54796278
54809866 54810279
54824865 54825255
54826601 54827393
54830113 54830164
54865893 54866367
54872864 54873727
54877614 54877738
54880451 54880519
54938336 54938462
54952590 54953531
54965906 54966511
54989673 54990474
54996310 54997213
55003300 55003497
55032174 55032465
55109944 55110072
55145374 55145894
55160557 55161001
55197219 55197963
55213935 55214095
55281353 55281513
55285905 55286720
55309590 55309946
55316297 55316338
55329801 55330337
55334471 55335034
55416246 55416263
55428385 55429163
55463448 55464262
55467381 55467409
55488288 55488496
55496153 55496339
55499746 55500628
55520869 55521517
55559439 55560417
55575524 55576468
55602452 55602576
55604223 55604531
55607294 55608201
55658204 55658710
55665451 55666175
55689425 55690185
55722972 55723448
55779839 55780804
55806581 55807429
55815572 55815907
55819449 55819678
55851466 55852126
55875022 55875403
55933544 55934325
55941842 55942406
55982811 55983014
55993536 55993588
56013809 56014609
56022195 56022991
56025354 56025924
56066219 56066480
56102791 56103699
56110357 56110577
56115361 56116086
56129675 56130607
56140903 56141844
56148205 56148378
56149959 56150053
56173347 56173859
56184526 56185456
56189119 56189366
56199774 56200494
56218184 56219082
56232358 56233095
56239462 56239913
56247291 56247592
56258413 56258585
56271225 56271685
56272477 56272761
56278863 56279856
56299335 56299849
56334506 56334508
56344110 56345058
56371206 56372102
56393722 56394632
56406415 56406760
56408460 56408681
56439973 56440552
56460640 56460658
56500801 56501423
56544282 56544684
56550964 56551557
56554943 56555042
56621879 56622178
56658586 56659023
56666165 56666711
56688288 56688857
56697199 56697245
56705811 56705832
56779389 56779994
56805952 56806556
56811221 56811309
56813605 56813932
56837445 56837809
56864870 56865095
56865442 56865704
56880712 56880912
56894652 56894982
56940715 56941568
56957410 56958023
56963309 56964135
57003821 57004430
57012383 57012879
57014348 57014584
57047507 57047869
57070598 57071093
57077530 57077963
57081033 57081710
57092754 57093047
57102401 57102814
57106244 57106798
57160971 57161363
57197821 57198354
57255383 57255745
57267031 57267910
57273020 57273038
57283311 57284276
57290050 57290802
57336728 57337335
57338147 57338774
57348157 57348494
57391801 57391909
57430627 57430900
57451934 57452733
57467710 57468191
57500816 57501662
57501761 57501825
57512206 57513011
57561246 57562076
57568136 57568366
57613302 57613465
57631039 57631613
57674678 57675527
57720793 57721365
57735274 57735440
57749117 57749245
57758727 57758975
57781270 57781752
57785469 57785939
57803371 57804016
57822974 57823809
57827446 57827882
57866848 57867330
57867625 57868562
57879030 57879230
57882560 57883407
57901607 57902521
57920579 57921488
57927110 57927588
57934485 57935257
57962063 57962895
58002062 58002416
58013863 58014646
58029360 58030040
58039318 58039807
58058748 58059258
58091075 58091852
58099131 58099784
58146361 58146685
58282616 58282945
58312041 58312720
58321881 58321894
58333286 58333942
58357744 58358501
58385599 58386074
58386204 58386590
58387355 58388173
58403123 58403926
58416706 58417308
58433759 58434875
58479951 58480555
58518460 58519053
58528991 58529579
58574338 58575046
58598708 58598875
58603605 58604054
58649953 58650457
58654829 58655791
58699180 58699975
58754299 58754883
58770694 58770925
58780931 58781094
58781489 58781624
58797207 58797837
58798035 58798549
58810905 58811306
58849152 58849682
58857390 58857588
58865449 58866267
58885877 58886620
58898617 58899330
58919898 58920198
58920672 58920893
58925406 58926200
58937059 58938051
58982615 58983295
58986618 58986750
59028543 59028712
59047192 59047217
59054460 59054879
59076235 59076987
59086590 59086996
59136615 59137571
59152599 59153036
59157575 59158571
59180953 59181596
59194056 59194519
59194553 59195447
59225584 59226306
59238517 59239150
59256482 59257148
59312081 59312658
59323149 59323170
59349171 59349804
59398497 59399249
59415489 59416068
59445453 59445561
59453659 59454818
59465602 59465654
59472340 59473112
59499011 59499081
59509975 59510757
59524654 59525541
59528072 59529008
59567790 59568137
59589358 59590217
59632908 59633585
59667973 59668116
59685143 59685638
59685834 59685858
59690884 59691141
59703747 59704427
59710578 59710908
59755597 59756351
59776393 59777392
59798049 59798911
59816406 59817035
59836318 59837262
59856714 59857664
59890818 59891320
59896036 59896825
59953318 59953859
59993358 59993781
60003462 60003634
60046818 60047749
60050445 60050724
60071286 60071287
60107789 60108441
60146502 60147044
60166771 60166958
60175937 60175950
60221825 60222732
60228380 60228458
60256325 60256776
60274005 60274424
60332488 60333094
60352921 60353269
60372495 60373221
60385499 60386283
60390355 60390643
60420896 60421422
60426914 60427482
60438552 60438857
60461823 60462609
60507648 60508234
60508878 60509751
60543017 60543120
60548411 60548994
60554096 60554345
60581558 60582243
60587342 60587840
60593225 60594123
60608890 60609677
60656529 60657089
60657929 60658083
60679085 60679812
60696090 60697110
60734150 60734750
60759832 60760284
60777243 60777642
60777868 60778805
60804284 60805350
60809238 60809524
60858764 60859554
60912975 60913761
60925717 60926132
60981971 60982217
60993874 60994304
61021593 61022353
61051696 61052368
61078674 61079491
61099655 61100455
61110346 61111061
61111233 61111337
61170590 61170857
61200191 61200722
61227557 61228333
61233938 61234282
61235967 61236325
61242891 61243178
61247030 61247451
61249601 61250245
61264799 61265391
61288056 61288360
61290317 61290518
61308899 61309382
61322847 61323279
61333099 61334057
61349274 61350030
61367047 61367156
61369430 61370295
61424934 61425121
61449759 61450049
61456390 61456877
61476831 61477655
61494128 61495025
61502091 61502370
61510187 61510879
61542836 61543256
61557266 61557430
61572518 61573428
61609669 61610667
61648409 61649301
61705953 61706310
61711327 61711690
61728872 61729307
61804978 61805210
61807934 61808345
61903784 61904256
61915142 61915409
61923849 61924665
61925062 61925936
61931102 61931138
61940041 61940992
61943566 61944069
61959226 61960018
61960048 61960169
61975947 61976389
62007744 62007947
62053845 62054490
62070364 62070875
62106464 62107258
62121453 62121893
62128623 62128706
62137538 62137753
62146842 62147512
62157551 62158253
62195917 62196329
62248701 62248928
62255321 62255700
62263124 62263175
62268882 62269741
62273311 62274024
62274703 62274839
62279141 62279444
62296639 62296865
62306056 62306875
62308189 62308196
62325964 62326180
62409952 62410034
62537073 62537102
62571501 62571824
62585700 62585704
62620811 62621506
62635062 62636056
62678351 62678815
62725053 62726022
62741662 62742242
62768899 62769347
62790235 62791170
62796615 62797309
62801108 62801627
62806718 62806795
62810969 62811401
62814052 62814546
62819666 62820440
62822781 62823231
62876721 62876766
62882413 62882521
62893500 62894202
62932474 62932557
62943726 62944099
62952180 62952862
62956061 62956836
62961526 62962084
62964929 62965446
62994633 62995619
63013406 63014255
63018937 63019214
63026921 63027135
63051640 63052209
63076333 63077324
63083255 63083910
63158451 63158666
63162929 63163376
63165923 63166866
63179836 63180719
63233469 63234013
63250154 63250688
63264642 63264779
63265463 63266141
63292731 63293411
63314197 63314993
63323603 63323688
63328158 63328407
63342105 63342432
63351435 63351823
63357872 63358445
63394439 63394912
63410267 63410396
63416048 63416391
63416641 63417177
63433203 63433497
63434414 63434985
63438125 63438732
63477924 63478553
63490835 63491176
63564751 63564839
63612802 63613327
63711228 63711681
63764468 63765404
63780526 63780742
63807500 63808362
63821917 63822037
63843935 63844091
63845926 63846317
63858479 63858693
63862524 63863355
63878365 63878491
63890887 63891708
63892139 63892218
63913959 63914801
63923129 63923459
63926337 63927154
63933777 63934382
63964429 63965391
63978815 63979060
63981612 63981697
64009052 64009704
64019291 64019415
64027671 64028682
64071916 64071999
64089542 64090257
64091083 64091256
64108409 64109081
64149039 64149756
64151908 64151969
64182097 64182712
64229203 64229299
64251633 64251929
64262190 64262288
64306382 64306939
64352777 64353057
64360247 64360407
64366223 64366822
64377259 64377900
64380339 64380815
64397295 64397963
64424153 64424479
64430916 64431293
64450518 64451244
64466238 64466933
64500763 64501583
64515708 64515907
64528636 64529141
64543614 64543975
64557718 64557959
64591107 64591677
64656347 64657276
64668469 64669215
64701939 64702134
64722111 64722837
64723672 64723820
64732699 64732718
64750616 64750711
64763965 64764744
64789990 64790615
64809559 64810049
64812174 64812929
64819038 64819459
64835220 64835904
64871688 64872642
64882888 64882935
64908511 64909350
64939969 64940182
64988164 64988181
64994764 64995516
65000074 65000453
65015294 65015466
65056329 65057241
65057514 65057928
65058952 65059474
65076571 65077423
65078477 65079052
65083038 65083408
65170546 65170828
65192056 65192174
65207487 65208159
65227931 65228592
65228920 65229133
65300045 65301039
65302225 65302642
65311032 65311266
65325970 65326085
65333288 65333407
65340047 65340629
65356586 65357081
65357348 65358205
65399563 65400537
65410609 65411350
65444359 65444752
65449911 65449955
65453008 65453524
65464133 65464396
65599265 65599467
65614774 65614918
65627094 65627477
65636469 65636642
65642727 65643454
65671494 65671845
65686643 65687129
65701243 65702086
65710803 65711429
65746701 65746895
65770578 65771074
65780619 65781022
65795931 65796148
65804034 65804079
65817980 65818621
65843438 65844094
65855563 65856302
65890581 65890745
65893151 65893655
65935676 65935885
65956768 65957754
65968593 65968730
65986563 65987022
66003878 66004100
66005722 66005902
66013912 66013964
66043133 66043522
66049914 66049937
66055863 66056737
66077368 66077739
66094664 66095108
66115297 66115495
66126801 66127724
66183259 66183769
66245637 66245879
66251024 66251837
66257570 66258495
66273419 66274118
66274181 66274501
66319787 66320185
66328093 66328130
66343017 66343738
66350645 66351371
66361208 66361380
66369072 66369848
66379998 66380972
66391763 66391884
66424297 66425294
66454201 66455146
66459447 66460388
66511337 66511824
66513011 66513761
66585024 66585555
66594211 66595123
66609079 66609079
66624366 66625187
66636041 66636122
66645590 66646017
66646673 66647650
66649106 66649376
66664369 66664682
66684201 66684766
66697098 66698694
66754223 66754913
66772299 66772588
66940695 66940757
66950124 66950667
66956380 66956535
66962034 66962610
66996265 66996442
67014235 67015186
67022402 67023350
67038620 67038756
67040263 67040389
67043407 67044104
67064877 67065063
67068193 67069029
67097810 67098449
67147003 67147680
67180174 67181132
67234054 67234868
67271528 67272341
67390056 67390356
67443671 67444024
67453849 67454125
67479469 67479477
67492982 67493465
67570355 67570743
67596554 67596833
67632996 67633561
67657495 67657522
67676380 67677132
67680341 67680795
67767473 67767728
67878157 67878642
67882836 67883467
67887879 67888869
67995937 67996514
68028874 68029688
68072703 68073003
68075463 68076297
68085368 68085519
68087506 68088366
68094527 68095282
68101809 68102507
68161703 68162249
68164542 68165453
68169467 68170268
68182674 68183109
68189305 68189601
68214024 68215091
68262012 68262521
68275747 68275936
68283961 68284083
68374814 68375627
68408680 68409106
68427888 68428713
68458701 68458786
68461131 68461739
68491379 68492267
68547574 68548242
68552274 68552855
68610641 68610646
68641887 68642095
68644168 68645099
68746650 68747504
68763941 68764434
68767869 68768661
68814696 68815635
68836525 68837525
68864589 68864863
68878843 68879835
68881182 68882115
68888719 68888738
68971473 68971822
68972684 68973353
68999183 68999805
69037341 69037750
69063508 69064270
69067300 69067342
69071709 69071952
69080205 69080324
69107070 69107553
69110352 69110918
69132585 69133118
69147282 69147347
69154386 69154810
69169058 69169898
69178178 69179002
69192651 69193072
69203458 69204021
69208327 69208578
69214281 69214978
69277719 69278602
69284052 69284413
69288250 69288262
69296421 69297247
69300356 69301273
69302811 69303568
69318617 69318954
69324140 69324239
69378826 69378953
69401842 69402675
69403143 69403196
69426363 69427050
69441377 69441762
69449378 69449526
69498813 69499745
69508369 69508486
69541527 69542293
69550868 69551766
69553503 69554056
69571458 69572026
69582020 69582777
69618245 69619097
69623652 69624124
69627773 69628058
69633777 69633965
69645531 69646330
69662064 69662488
69683885 69684879
69697270 69697472
69698574 69698759
69721441 69721696
69734840 69735065
69787256 69788083
69794055 69794393
69854825 69854891
69871387 69871691
69883804 69884662
69920190 69920703
69932895 69933696
69959558 69959876
70027896 70027901
70049761 70050257
70055225 70055512
70092248 70093107
70115303 70116241
70116557 70116693
70118567 70119097
70152516 70153065
70167773 70168370
70173693 70173790
70175731 70176428
70218849 70219094
70224182 70224883
70280339 70280821
70345984 70346336
70366892 70367162
70379435 70379612
70413025 70413382
70428157 70428571
70448532 70449343
70456131 70457057
70479142 70479989
70484552 70485186
70508359 70508994
70510555 70511300
70543635 70544621
70548364 70548613
70566391 70566435
70573636 70573905
70586006 70586605
70599066 70599894
70606233 70606817
70613761 70614292
70631145 70631650
70637695 70638570
70707992 70708507
70728733 70728967
70730355 70730769
70800035 70800274
70802805 70802896
70806473 70807339
70824818 70824998
70829338 70830089
70851764 70852613
70894506 70895415
70952436 70952708
70973267 70974166
71040639 71040775
71066939 71066993
71069964 71070668
71110670 71111485
71120596 71121146
71129670 71130540
71146892 71147650
71179401 71179801
71195855 71196398
71213592 71214141
71241100 71241632
71244794 71245441
71245457 71245603
71253649 71254457
71258375 71258701
71263776 71263973
71281098 71281644
71282922 71284285
71327947 71328285
71329811 71329977
71360074 71360337
71407662 71408011
71421383 71421855
71460754 71461181
71462609 71463018
71485597 71485677
71512396 71513249
71569514 71569849
71576289 71577144
71584475 71585215
71618606 71618670
71643944 71644806
71651171 71651576
71674750 71675369
71678743 71678873
71685449 71685811
71706426 71706771
71722733 71723395
71739161 71739613
71752949 71752951
71777342 71777831
71792944 71793388
71834940 71835312
71846299 71846741
71871175 71872067
71875313 71876054
71891315 71891618
71901749 71902448
71905216 71905364
71910764 71911588
71918896 71919045
71922143 71922551
71924964 71925578
71949282 71950136
71953138 71953682
71956021 71956871
71979998 71980803
71986673 71987037
71995832 71996556
72016408 72016706
72017620 72017989
72056493 72056662
72072385 72073216
72079332 72079997
72101110 72101329
72109341 72110106
72122972 72123169
72139684 72140383
72155757 72156367
72156794 72157282
72229625 72230527
72250276 72251119
72254917 72255469
72258379 72258964
72282947 72283847
72300180 72300617
72300662 72300966
72307995 72308727
72337453 72338344
72357879 72358852
72359994 72360436
72364082 72364448
72413898 72414072
72459865 72460299
72467002 72467389
72473293 72473952
72500109 72500714
72501078 72501359
72523780 72523880
72543972 72544435
72554712 72555105
72572904 72573789
72602666 72603285
72624155 72624494
72649952 72650584
72707190 72707260
72718857 72719048
72722014 72722610
72734968 72735031
72761213 72761511
72784333 72784694
72786003 72786569
72799464 72799515
72854240 72854555
72888956 72889795
72905939 72906203
72950990 72951270
72977982 72978378
72992990 72993134
73000194 73000275
73010857 73011819
73022444 73022913
73058431 73059375
73115705 73115962
73148680 73149242
73167211 73167704
73192080 73192201
73227691 73228583
73257407 73258923
73269403 73270388
73274231 73275133
73281022 73281605
73332333 73332396
73352176 73352349
73352668 73353160
73373848 73374439
73423342 73423635
73427246 73427322
73440292 73440553
73458201 73458501
73459005 73459735
73467603 73467725
73475625 73476560
73501679 73501876
73524404 73524634
73530989 73532242
73538390 73538469
73577639 73578605
73600635 73600651
73658154 73658630
73679634 73680009
73716863 73717762
73723361 73724304
73767192 73767405
73768243 73768419
73832931 73833796
73850793 73851623
73876181 73877108
73884459 73885412
73890531 73891477
73953169 73953589
73954421 73955114
74009630 74010436
74018311 74019080
74063138 74063458
74068912 74069169
74069322 74069968
74080293 74081106
74083822 74083872
74102490 74103122
74145225 74145760
74158192 74158205
74194711 74195042
74203110 74203783
74205793 74205949
74207304 74207792
74231710 74232122
74240552 74241406
74250390 74251296
74301136 74302031
74350914 74351216
74359007 74359957
74381171 74382034
74402588 74403188
74424059 74424733
74426549 74426704
74470176 74470877
74473387 74474230
74487879 74488579
74595524 74595930
74668292 74668375
74682118 74682333
74686912 74687906
74742172 74743052
74754409 74755269
74761312 74762075
74776838 74776969
74785735 74786682
74813256 74814049
74835630 74835779
74859562 74859566
74909449 74909726
74915640 74916303
74942819 74943576
74978478 74979359
75010884 75010972
75015458 75016266
75029183 75029711
75048708 75048937
75069155 75069198
75088224 75088634
75103735 75104220
75107979 75108226
75129133 75130018
75138189 75138386
75141127 75141881
75184370 75184634
75186521 75187097
75191930 75192070
75209628 75210304
75234385 75234978
75240812 75241188
75250008 75250035
75279231 75279570
75298338 75298421
75300705 75300836
75348208 75348359
75359626 75360456
75376563 75377451
75389087 75389298
75405191 75405556
75410354 75410920
75412998 75413391
75418687 75419045
75420134 75420482
75466152 75466984
75473294 75473524
75480023 75480673
75541101 75541470
75542920 75543658
75558381 75558537
75592863 75593236
75601137 75602008
75656128 75657075
75659875 75659991
75675808 75676594
75695865 75696823
75715629 75716513
75719550 75720403
75731150 75731888
75765633 75766209
75775505 75775865
75778038 75778577
75784091 75784510
75806804 75807708
75845399 75845929
75901433 75901980
75934175 75934615
75943613 75943868
75979537 75980188
75999388 75999784
76012156 76012738
76017897 76018170
76035499 76036048
76040386 76040725
76087272 76087582
76100837 76101827
76146679 76147155
76161625 76162044
76173338 76173897
76180008 76180612
76181701 76182601
76216782 76217092
76232485 76232867
76233598 76233621
76287548 76287554
76287770 76288122
76288769 76289750
76294198 76294267
76306335 76307278
76331482 76331752
76363055 76363447
76402459 76402685
76422989 76423348
76452085 76452153
76462591 76463119
76470507 76471269
76479972 76480160
76489259 76489625
76555752 76556576
76593455 76593723
76605631 76606310
76645088 76645768
76673446 76673844
76688176 76688420
76699028 76699772
76739083 76739561
76745472 76746145
76780250 76780784
76786665 76787244
76815180 76815433
76823877 76824829
76841981 76842895
76860091 76860989
76912506 76912710
76917206 76918516
76921056 76921577
76964490 76965188
76966917 76967618
76986743 76986799
76994732 76995223
77065915 77066654
77110651 77110896
77141944 77142574
77159982 77160391
77170798 77171397
77173957 77174601
77178755 77179294
77184953 77185932
77202651 77202877
77255855 77256052
77286815 77287526
77425711 77426332
77455731 77456151
77564845 77565324
77589724 77589771
77600402 77600982
77621809 77622191
77623977 77624439
77630775 77631314
77669064 77669759
77672220 77672996
77700976 77701714
77764797 77765146
77774173 77774884
77793235 77794032
77833093 77833482
77892465 77892665
77899722 77900417
77935179 77936029
77980876 77981164
77986309 77986466
78023209 78023214
78042215 78042302
78057090 78057439
78062107 78063029
78131315 78131742
78147602 78147795
78169776 78170555
78177986 78178697
78256037 78256832
78268802 78269507
78278392 78279215
78281783 78282644
78302719 78303579
78317826 78317869
78357820 78358547
78358729 78359219
78362426 78362851
78382930 78383418
78396417 78397376
78402821 78403519
78448818 78449106
78456923 78457241
78487830 78488707
78505695 78505750
78532060 78532699
78581304 78581540
78594308 78594570
78603644 78603715
78682802 78683586
78736529 78736659
78764163 78764482
78835411 78835905
78847067 78847811
78867498 78867947
78888130 78889119
78894507 78894703
78909301 78909779
78937275 78938205
78939125 78940049
78949771 78950679
78958338 78959120
78984863 78985698
78996572 78997339
79012606 79013276
79035535 79035831
79057643 79058046
79124625 79125448
79137437 79137539
79166787 79167156
79171139 79171183
79185038 79185928
79193443 79193760
79235141 79235422
79243394 79243698
79250978 79251366
79252110 79253080
79268394 79268396
79272310 79272879
79279905 79280507
79291503 79291924
79300521 79301136
79315058 79315228
79332156 79332409
79351960 79352750
79365717 79366686
79369038 79369873
79421411 79421782
79445189 79445519
79490713 79491637
79514190 79514614
79530504 79530744
79537450 79537557
79547876 79548487
79555748 79556365
79577955 79578013
79618632 79619382
79727793 79728581
79750896 79751516
79757640 79758411
79779096 79779417
79788876 79789870
79804755 79805180
79871115 79871271
79919696 79920366
79943522 79943855
79944338 79945194
79945790 79946121
79957501 79958050
79980962 79981136
79986574 79987246
80020121 80020971
80024836 80025488
80034256 80034607
80044993 80045335
80073864 80073941
80134950 80135333
80153791 80153940
80176652 80176702
80194760 80195560
80226626 80227236
80231747 80232187
80255837 80256492
80280074 80280718
80283264 80283489
80286802 80287060
80302826 80303630
80311982 80312602
80314601 80315419
80329278 80330182
80400499 80401052
80403508 80404109
80409067 80409122
80409659 80410345
80439889 80439938
80500795 80501770
80548690 80549546
80573630 80574331
80590802 80591032
80617004 80617950
80623314 80623480
80633800 80634508
80646515 80646949
80690832 80691626
80703299 80704037
80711293 80711930
80714734 80715361
80730039 80730903
80738715 80738811
80748367 80748986
80755053 80755195
80759083 80759954
80784000 80784344
80787946 80788813
80813587 80814392
80819484 80819615
80848458 80849211
80883149 80883958
80909195 80910007
80923340 80923412
80924826 80925070
80933865 80934102
80946504 80947066
80951120 80951494
80957536 80958047
80971755 80971977
80987256 80987526
81032846 81033057
81081407 81082397
81116484 81117250
81133354 81133631
81152011 81152837
81174731 81175724
81216000 81216528
81247448 81247668
81272886 81273856
81279862 81280427
81292242 81292714
81303413 81303858
81308725 81308875
81351833 81352221
81356064 81356850
81374991 81375075
81378145 81379002
81379223 81380137
81388755 81389472
81396455 81397141
81411941 81412892
81441097 81441868
81470699 81471298
81480015 81480617
81481396 81481940
81487164 81487493
81489064 81489884
81509319 81509906
81515173 81516067
81531440 81532369
81553460 81554185
81584662 81584766
81600490 81601480
81639908 81640294
81652593 81652994
81692340 81693893
81695332 81695938
81778417 81778861
81842152 81842519
81856791 81857147
81880528 81881382
81888600 81888814
81893811 81894566
81898887 81899871
81915321 81916178
81925029 81925477
81935713 81936240
81940957 81942440
81955858 81955967
82023866 82024617
82041289 82042264
82070222 82070759
82121575 82121594
82149287 82149968
82159524 82160368
82167816 82168526
82175145 82175783
82187777 82187813
82201932 82202003
82231859 82232357
82370193 82370317
82397083 82397999
82415993 82416459
82417532 82417729
82420390 82421020
82422841 82423880
82466123 82466942
82469092 82469296
82511816 82512363
82570370 82570810
82573042 82573189
82614378 82614535
82620559 82620844
82623994 82624857
82628481 82628580
82656790 82656922
82702296 82702306
82736114 82736262
82740670 82742188
82748967 82749215
82755499 82755924
82773187 82773751
82774353 82775280
82779100 82779346
82782330 82782784
82786610 82786687
82788488 82789429
82795706 82795736
82807588 82808152
82866677 82866921
82875285 82875313
82886944 82887410
82890163 82890663
82958429 82959021
82964448 82964499
82968161 82968619
82976917 82977053
82981188 82981534
82989462 82989905
83010273 83010309
83014657 83015023
83029586 83030472
83030993 83031145
83031545 83032466
83036632 83037464
83050749 83051742
83065813 83065956
83089275 83089548
83150555 83151079
83185429 83186029
83189625 83189802
83204505 83204532
83232840 83233747
83241291 83241449
83251965 83252800
83264285 83265025
83332195 83332335
83381305 83382084
83404310 83404624
83416602 83416949
83472047 83472332
83478048 83478312
83490799 83491006
83501428 83501988
83541438 83541966
83679509 83680374
83717617 83718192
83733036 83733372
83735055 83735642
83776127 83776612
83800235 83801124
83802750 83803280
83823994 83824768
83844325 83844486
83868353 83869031
83886335 83886837
83891157 83891846
83895599 83895876
83909879 83910050
83937233 83937612
83939922 83940133
83948071 83948511
83959563 83960035
83999069 83999697
84029144 84029384
84060809 84060856
84139039 84139448
84142435 84143116
84174957 84175161
84184634 84185350
84276408 84277114
84277579 84277628
84288654 84289368
84315099 84315874
84331784 84332701
84355134 84355345
84391407 84391714
84405047 84405180
84409800 84410765
84411946 84412496
84452468 84453357
84490200 84490235
84545983 84546358
84582339 84582524
84589369 84590348
84597537 84597546
84616990 84617340
84623835 84624615
84625104 84625651
84629097 84629339
84633283 84634088
84637306 84637648
84639168 84639700
84649942 84650212
84659331 84660072
84687738 84687937
84690453 84691282
84727905 84728599
84746356 84747060
84794443 84795015
84796294 84796433
84813547 84813782
84821961 84822059
84841305 84842129
84864215 84864379
84892800 84892873
84913233 84914084
84962574 84963167
85036297 85036345
85086706 85087000
85102017 85102353
85108113 85108915
85110232 85110713
85149065 85149177
85178856 85179145
85215856 85216087
85231149 85231710
85253797 85254535
85256988 85257707
85275508 85276308
85329574 85330034
85367043 85367087
85409992 85410798
85417065 85417263
85422891 85423399
85463880 85464815
85476913 85477012
85477526 85478407
85482005 85482683
85524101 85524209
85525652 85526149
85538628 85539241
85558462 85558763
85575784 85575989
85582108 85582153
85596100 85596217
85606353 85606742
85607877 85608173
85609816 85609917
85625507 85626168
85629801 85629906
85668577 85669397
85673927 85674147
85677264 85677977
85703726 85704405
85736875 85737832
85747271 85747847
85747965 85748727
85759817 85760261
85797978 85798880
85831002 85831110
85844954 85844990
85847078 85847097
85855350 85856141
85864088 85864549
85878555 85878642
85878743 85879622
85911735 85912547
85920777 85921255
85938015 85938704
85946386 85947161
85947528 85948174
85990197 85990259
85994982 85995112
86000528 86001213
86059210 86060203
86096737 86097220
86097445 86097748
86124982 86125541
86128468 86129220
86150578 86151293
86158609 86158708
86282869 86283079
86289631 86290052
86326094 86326529
86361798 86362090
86393222 86393299
86407063 86407197
86415897 86416649
86437919 86438139
86439087 86439576
86444750 86445469
86453314 86453771
86501139 86501228
86515937 86516520
86524984 86525445
86533614 86534053
86556540 86556976
86558933 86559001
86578121 86578430
86595840 86595930
86610343 86610454
86648590 86649285
86665593 86665882
86677272 86677712
86684055 86684338
86689752 86690506
86713594 86713641
86733429 86733591
86768710 86769560
86787599 86787842
86794737 86794811
86795038 86795575
86807283 86807875
86812786 86813209
86833643 86834191
86861888 86862014
86934707 86934738
86937209 86938077
86939879 86940465
86941170 86941981
86966025 86966154
87010907 87011535
87035863 87036586
87058263 87058589
87072619 87073384
87091568 87091941
87116750 87117042
87126951 87127350
87132536 87132950
87144498 87144810
87176262 87177522
87179668 87180502
87195166 87195771
87207270 87207677
87229425 87229863
87233188 87233380
87239162 87239355
87250883 87251149
87257774 87258308
87272401 87273236
87290689 87290946
87316584 87317455
87367057 87367120
87387422 87388194
87408351 87408600
87454524 87455329
87484929 87485692
87491739 87492539
87493677 87493809
87496207 87497137
87554863 87555205
87562112 87562227
87571959 87572299
87588799 87589356
87600275 87600411
87631423 87631713
87646149 87646165
87654188 87654248
87683476 87683751
87699146 87700097
87746119 87746628
87759745 87759977
87763054 87763327
87785003 87785994
87789043 87789396
87817696 87818433
87823440 87824093
87824619 87825549
87853152 87853531
87859548 87860009
87876692 87876937
87886275 87886871
87897726 87898455
87944531 87944920
87951156 87951970
87954284 87954332
87966614 87967370
88027359 88027515
88030156 88030922
88033124 88033806
88046880 88047409
88072354 88073353
88110258 88110965
88112768 88113133
88148614 88148932
88157129 88157943
88173288 88174154
88175640 88176598
88318663 88319178
88323269 88324185
88324328 88325213
88340408 88341112
88341115 88341623
88346646 88347627
88359810 88360769
88393973 88394053
88414652 88414808
88436965 88437050
88438823 88439512
88499860 88500679
88526408 88527015
88542521 88543217
88572539 88572920
88584695 88585645
88608544 88609333
88629678 88630571
88645847 88646528
88659646 88660396
88664371 88665206
88699174 88699458
88702173 88702751
88724223 88724227
88734890 88735530
88740225 88740465
88761288 88761419
88775637 88775799
88793512 88794021
88891925 88892168
88925427 88926138
88959880 88960874
88969456 88970372
88975654 88976543
88980551 88981124
88992984 88993114
89005963 89006852
89029148 89029287
89035876 89036333
89046660 89046840
89080818 89080831
89115155 89115907
89123947 89124802
89129352 89129559
89163772 89164111
89180326 89180804
89183232 89184148
89184531 89185000
89206627 89207573
89213323 89214119
89244813 89244997
89250651 89251496
89266160 89266425
89272550 89273180
89366258 89366848
89385278 89385368
89396778 89397630
89398457 89399461
89430922 89431049
89456664 89456830
89489790 89490687
89537108 89537744
89545787 89545949
89610833 89611789
89641678 89641994
89650416 89650843
89656383 89656544
89677553 89678443
89695062 89695265
89706165 89706390
89753322 89753568
89759626 89759999
89777512 89777849
89786696 89787300
89790229 89790351
89823191 89823278
89837212 89837688
89874042 89874778
89917751 89917764
89961933 89962641
89964406 89964613
89976158 89976790
90028715 90028726
90032994 90033517
90079815 90080713
90081259 90081386
90102939 90103871
90123318 90123387
90124428 90124769
90126437 90126515
90133217 90134176
90141217 90142094
90160768 90160958
90161789 90162550
90164607 90164686
90204793 90205537
90283600 90284578
90293697 90294532
90305538 90306104
90328591 90328880
90334428 90334630
90340692 90341241
90344176 90344477
90347969 90348229
90425516 90425579
90426666 90426912
90428239 90429133
90451425 90451524
90509379 90509541
90553567 90553787
90555581 90556337
90570101 90570279
90570856 90570940
90584924 90585828
90600870 90601333
90604990 90605422
90622581 90623075
90624133 90624913
90644922 90645725
90654563 90655494
90669530 90670504
90686916 90687241
90697949 90698915
90712725 90713561
90767904 90768435
90788774 90789635
90815810 90816517
90939182 90940107
90954935 90955447
90985180 90986064
91007880 91008222
91009371 91009805
91029929 91030554
91117157 91117451
91159320 91160252
91163846 91164500
91176820 91176913
91186452 91187438
91200066 91200545
91259200 91260176
91275724 91276517
91284756 91284986
91303522 91303779
91311718 91312410
91329580 91329958
91330080 91331017
91341827 91342208
91352173 91352299
91377116 91377746
91395826 91395890
91435284 91435997
91459762 91460903
91469716 91470359
91486435 91486556
91521263 91521872
91535738 91535914
91537123 91537655
91553688 91553986
91557397 91558246
91571541 91571985
91586329 91587178
91592359 91592424
91594451 91594489
91658465 91658934
91670420 91670778
91680579 91680696
91743552 91743718
91746820 91747756
91790172 91790547
91797395 91797630
91804873 91805830
91833247 91834039
91836050 91836439
91865705 91866370
91866848 91867032
91892464 91893087
91901008 91901842
91924442 91924603
91928338 91928386
91929003 91929392
91994390 91995347
92036882 92037813
92038620 92038908
92067371 92068309
92102543 92103522
92174707 92174901
92201855 92202033
92208036 92208987
92231645 92231778
92247918 92248900
92248965 92249599
92275716 92276244
92284100 92284440
92308741 92309086
92333062 92333103
92336226 92337067
92342071 92342175
92352916 92353094
92360745 92361505
92365735 92366043
92407535 92408162
92412584 92413001
92419685 92420579
92422623 92422722
92452767 92453571
92485220 92485775
92491927 92492045
92515356 92516072
92529469 92530182
92550545 92550790
92566663 92567479
92616202 92616836
92629535 92630283
92631861 92632141
92672474 92673093
92764445 92765010
92794964 92795705
92877418 92877639
92904665 92904983
92915073 92915873
92934507 92935363
92940076 92940545
92988132 92988917
92993128 92993154
93006654 93007369
93015836 93017059
93068243 93068842
93083748 93084069
93144606 93144785
93150003 93150612
93165154 93165878
93218097 93218638
93259878 93260041
93261284 93261956
93282063 93282910
93313376 93313975
93333538 93333595
93344577 93345279
93381993 93382904
93391090 93391410
93394404 93395183
93410378 93411362
93421359 93422299
93449521 93449526
93465219 93465469
93530757 93530952
93549489 93549516
93552244 93553215
93564456 93565381
93587613 93587830
93610700 93611094
93615390 93616275
93657731 93657812
93731672 93732303
93777661 93778535
93801245 93801460
93805946 93806843
93833191 93833469
93908932 93909311
93909854 93910262
93915178 93915211
93963714 93964047
93973457 93973745
94015801 94015994
94026162 94026845
94030072 94030925
94126672 94127160
94145411 94145497
94147586 94148156
94149878 94150270
94176374 94176588
94214892 94215226
94237720 94237872
94242844 94243124
94255632 94256369
94287425 94288191
94322794 94323745
94327394 94327732
94332663 94333487
94334838 94335399
94339819 94340093
94375576 94376505
94387249 94388003
94389814 94390805
94496934 94497638
94503750 94504033
94521742 94521822
94530315 94531056
94533860 94534791
94540594 94540974
94548526 94548660
94565445 94566030
94574121 94574604
94593321 94593501
94596697 94597683
94598590 94599416
94602723 94602776
94612445 94613403
94630387 94630500
94640481 94641351
94648249 94648480
94651928 94652404
94669975 94670747
94691854 94692832
94703371 94703955
94705945 94706807
94753966 94754099
94770304 94770526
94782153 94782414
94874782 94874784
94876263 94877185
94937795 94938670
94964150 94964405
94994182 94995152
95036474 95037157
95052835 95053603
95058504 95058595
95079491 95079956
95095363 95095750
95122667 95123415
95167395 95167426
95168255 95168703
95208124 95208720
95232938 95233649
95241214 95241235
95248263 95249147
95253326 95254276
95320812 95321324
95355418 95356416
95387629 95388162
95416157 95416245
95425227 95425305
95426147 95427076
95427119 95427787
95434277 95435250
95455265 95455835
95458995 95459209
95459234 95460090
95479839 95480236
95484333 95485195
95503363 95504087
95526812 95526864
95528041 95528318
95551258 95551324
95555054 95555330
95583315 95584041
95621006 95621276
95622916 95623566
95643982 95644817
95647022 95647334
95656238 95657154
95666690 95666978
95674427 95674600
95704304 95704335
95736357 95737251
95742530 95742958
95757352 95757630
95778444 95778894
95779496 95779650
95809815 95810163
95811011 95811937
95815500 95816063
95844690 95845037
95895038 95895692
95925714 95925905
95991369 95992784
95998233 95998559
96004315 96004798
96007434 96007644
96042909 96043416
96045494 96046413
96049198 96049947
96078437 96079296
96098897 96098955
96102013 96102275
96122976 96123130
96123153 96124020
96145562 96145784
96162060 96162217
96178093 96178145
96206383 96206648
96243857 96243971
96259930 96260352
96293762 96293840
96327666 96328575
96384179 96385044
96400173 96400725
96419672 96419987
96443436 96443590
96449202 96449353
96451808 96452667
96483553 96483966
96486610 96486832
96502423 96503330
96525965 96526731
96572580 96572667
96594957 96595237
96643054 96643111
96733608 96734272
96742595 96742902
96780084 96780503
96859748 96860063
96871447 96871466
96872757 96873624
96888749 96888772
96920818 96921001
96922160 96923124
96932600 96932697
96948965 96949356
96957447 96957843
96977208 96977265
96992862 96993033
97024854 97024869
97042061 97043002
97044360 97044601
97055340 97055501
97055512 97055906
97067732 97068434
97087794 97087849
97114294 97115021
97123347 97123903
97199906 97200812
97201994 97202104
97231140 97231496
97241801 97241975
97245059 97245112
97260148 97261074
97274733 97275477
97316311 97316915
97328616 97328745
97341320 97342246
97343052 97344029
97348425 97349020
97352117 97352234
97358442 97358996
97379925 97380272
97388029 97388901
97430043 97430910
97444018 97444553
97480867 97481679
97501957 97502783
97517922 97517961
97519408 97519463
97527980 97528378
97553985 97554543
97558967 97559843
97573998 97574105
97605994 97606358
97640867 97640877
97660137 97660586
97665066 97665559
97691218 97691293
97702743 97703552
97704976 97705496
97725913 97726122
97783283 97783301
97859643 97860545
97867647 97868205
97872012 97872620
97938918 97939425
97968724 97969305
97971679 97972626
97984468 97984596
98088005 98088790
98119426 98119498
98123781 98124117
98129958 98130084
98147335 98147838
98186862 98187606
98194406 98194731
98250965 98251402
98282705 98283635
98289284 98289665
98317879 98318467
98387618 98388002
98391893 98392475
98396955 98397059
98400424 98400813
98411185 98412126
98417474 98417920
98423195 98423890
98433103 98433462
98490494 98490900
98589598 98589855
98589914 98590677
98598545 98598620
98605926 98606661
98607833 98608749
98612636 98612800
98632897 98633529
98651905 98652306
98654184 98654636
98662436 98663098
98666292 98667149
98704847 98705503
98707502 98708202
98748477 98749465
98766264 98767064
98798175 98798685
98819894 98820335
98853399 98853823
98882504 98882742
98889799 98890563
98897854 98897949
98924419 98925027
98941581 98941946
98958779 98959359
99077816 99078066
99081812 99082043
99090337 99091041
99104421 99105023
99106855 99106948
99108094 99109094
99113262 99113289
99119640 99119929
99157587 99158298
99166468 99166920
99169013 99169541
99169555 99170216
99177230 99177380
99179520 99179557
99185873 99186373
99198636 99199133
99214425 99214652
99225105 99225174
99231447 99232360
99278322 99279029
99290341 99290590
99317375 99318075
99353943 99354573
99359206 99359263
99394094 99394613
99413250 99413843
99434573 99434664
99456082 99456202
99461317 99461957
99466236 99466334
99469501 99470013
99520069 99520745
99558126 99558233
99565736 99565876
99567772 99567788
99612099 99612279
99632802 99633273
99640389 99640406
99648633 99648703
99661244 99661789
99667969 99668826
99671697 99671840
99678855 99679375
99705364 99705962
99712302 99712322
99728279 99729272
99816756 99817035
99853554 99853721
99918937 99919462
99974071 99974440
