100 100
161106439 521976131 256088289 -247766797 -86028984 -118469104 -362984026 -712054257 -515731260 421625960 132975648 -469710766 -682666881 688626356 166982869 -359967059 429379833 -874117605 411278409 765731379 223770838 -58988373 -276979237 60893402 599717012 485631870 377513221 375067074 272901482 721417993 -316210093 -261389048 825970441 -641203327 -770021869 -630592411 797253419 59585979 393165136 -30043757 256977306 -533622248 -566219308 -834169297 246481502 926820867 757104967 306770075 -908702360 359331935 -190210022 843758748 20567221 695054732 662308605 753456980 -406111692 344122900 -314420627 701063168 -11060319 218464436 155462931 -27012619 452331758 454214941 -371303645 -18306285 110936610 541385480 528101575 -586084494 969160308 853268920 653867352 -716718189 327680657 -435928428 132970399 290264965 -521925754 614546789 221591745 -337619331 -431423590 -766656201 -515585013 -183315252 665669622 -476614261 -346891212 317899999 554857685 185637832 -713500377 -767972757 576335800 -653097474 610984167 675734776
721408169 -87324974 845268028 -738613824 -411713266 -563141794 -454492018 -288570809 127816987 667567753 -749367199 117635766 193016044 215143601 -639960826 -862758886 621105017 319692427 872981893 -440158809 173823503 261830716 177334476 465585583 419447163 -860625720 794021740 569117051 -910196031 -328544865 389962923 782901402 -502721438 -499077176 -120836417 600673021 695129329 678332706 155767858 -228737462 989519661 -678411579 214655242 -199917848 327406640 338486702 820895243 582411879 537256204 -582205387 -628178473 -644182389 -927254147 -194333253 291799391 -580537206 -56764335 -139984240 -166655944 726021632 645808221 -38049981 -519926675 542296720 -429873016 741431084 -172014797 -303709628 -651188308 851420096 247056535 -416215196 -395675183 592619763 878701213 674862813 -848798058 -253067805 -276654711 897303503 -825527712 -972014120 164841310 -591096856 -267134443 -624706814 345943494 305234379 -647163209 -54164271 -514223614 -2588868 -847863379 450477581 442464464 -44083706 -882854179 868331327 428266604 54473311
-666404046 880668094 -375584089 -606116557 21716840 148263484 432859691 -563595872 -960121682 -598466512 -456140315 -657369079 -418441883 -945241084 -220111420 -61159272 -859434496 158914261 -957932939 -591422884 -604228278 326009264 -32077730 14869918 107963749 848383326 458693634 -259231188 -734197670 -539036908 656121614 410774475 -379615237 -915830813 -646580852 -737147390 -31875618 -538204492 207647294 -268594528 -394253767 685904789 -560863863 581769292 494864660 100096876 913541740 244931267 453989813 892331432 494689781 471990326 479733571 984776963 -829361122 569200323 -343409936 -485303795 545760653 167839732 -537756899 -92168610 391146931 379658092 -632795623 67463377 532492031 682861208 334844760 464046705 -705916910 -567284427 536979710 -292441400 -18042631 -341337511 778388934 301991693 228252670 399420344 -145575010 -691993250 -569479177 -720582660 925680723 -279835860 -408116995 676574746 208228538 -185178331 556043619 182534079 684836389 -305829741 -876062887 -876731246 588814040 142713356 320597434 -122104695
-92245098 545589801 37435837 -37251315 957947697 -635125067 261844890 513900096 -949594133 -835508050 502832406 -209768463 -901738343 -251478275 -190512668 -92509160 -563891940 -942067428 335875103 293286580 -448925741 -880806107 716959576 869413106 -996446907 -873469844 -960842472 -340455654 -650084121 922449862 -706117802 627526796 -553905470 -266620830 248603302 -566440741 333290367 461280879 -139091779 -864297767 -664766613 -849714580 399109402 217973176 -975243192 -669835546 -411946216 603065331 -904010084 974538876 110404288 448401939 193454200 382049509 669505823 604527327 393148917 -588324602 -904766379 551860215 -710448188 475157892 -367091219 563192367 -41141388 482359521 866775744 595449988 -413991689 -885836123 -716585627 622357454 48542380 118645360 -626882310 -862091103 163585432 786143440 -867839790 -533189104 -106490527 -907045398 -314424954 520790006 519812014 18572228 544108136 679118845 -897469629 124539484 -572372724 -5808514 774355957 -459169655 426618635 -306268734 500054518 911516233 738966728 963610640
-137169841 -929588435 -754714655 144695493 409883212 -905525491 -663095330 -119730051 -834498640 -33017728 -603974947 -45664700 -572343803 -15944401 286899045 136280903 556245967 865743111 -119786213 -590717197 416813563 240596809 -748739742 177085671 -900643307 -660136965 -739821883 -986529624 -492705184 91541143 17242621 147274313 58301609 465843897 41728792 -880011152 -735519149 709811233 -419863080 -896910374 625736907 -16234860 -156649529 362240330 -985948335 -465874447 834173385 -979620937 973302609 -919551769 -499838707 -322355306 231940892 -933132006 697459716 755961182 -278831728 82306140 738295575 923527400 -752361531 86891886 735966174 -344505287 362942783 -750285004 1915647 -217345278 629646159 -628703532 725402740 797480727 618573933 992174782 -677223003 -393007954 -504021872 -952446781 -220090263 920874042 -776765186 -728285000 839688263 -711623310 734246209 418042572 -924446741 90387032 666920286 960048226 -512551751 907201183 452591517 -971911012 303236707 757390770 932088820 -573914684 -127735899 -291201586
885763779 886774102 -283359168 -492488037 -464223384 929328524 684412843 948064178 846000213 388118226 686600832 -616484307 241209357 -491209919 29403724 312886006 -381191729 -484758503 748574873 353394689 -701079495 278357141 -119166628 50133897 886130377 183308009 563112852 453317079 245209505 -506334964 841176884 145760728 675581573 370072517 -502280995 6628411 -974960792 804900892 -804204634 109970949 -320362657 813748318 -540291259 -542271992 470331185 41903872 999924863 -610728603 -438009995 314355577 550647791 -654610782 -124275676 665386952 -515327581 720294188 688280682 -69734030 -128284379 -50857172 424153413 -582219107 200985251 151747847 -162471932 -469610944 -34201651 681242002 -686345858 673331131 -698427552 807027297 -373481167 -827727464 -190433653 648129114 530484632 -951653528 -688484226 -930999934 -414881178 425201306 231027827 -582791159 752913211 366981162 660277951 602301292 957828195 -985164639 139932905 -835126685 -868894844 961282022 -69736024 654693022 745938939 682696780 -304601936 -937999924
-577166680 -735653253 -32646505 -530484041 681394036 -679582748 906709760 -139664143 132664493 -69516445 -596667344 230262374 -240734085 -909820664 -966627662 -8256733 -166754724 -674976702 324450797 762819094 667530258 490582748 -142264737 -873729156 -791598760 -590049018 -603423300 136742402 667521026 623763787 143701392 -539818650 -832576398 -476789280 -701455340 -292905220 481132116 628260603 653926621 350990660 -130535568 408103764 -211187897 244669608 611685283 671171501 -339837129 -641686367 478805635 -234047565 217054128 -304937659 -327935680 340154537 724029107 328629458 263590100 -925239079 -4616334 179665631 -348505730 -679224387 919176508 -704929382 942265993 32702597 436507151 439068091 29796322 -331102445 -673695627 405282139 -165244273 -634726481 866215568 317388976 -483211169 651587930 479388050 919901612 -400636300 -967212732 -166810452 -675481132 624281300 803587561 -777302517 701215559 -617484473 713932407 226073859 551494908 -581242355 -293742236 17807614 940385818 -75362233 149399164 693300701 602283167
-450578848 838337207 -480240155 960425825 -930137421 811077557 -283771116 175673157 389054844 357975573 -206090324 -19237933 -559090977 -701728986 -386969911 578126320 188016082 337657727 -411550007 749986509 -137415462 461949448 292761780 399548231 637650778 36745056 -217401565 885007529 24592647 -358572801 113129546 -403469112 913037761 -886906662 -178000452 919171150 -693001558 -789986470 51031124 -737731955 175412147 424113753 -449821358 -322078184 14811150 -919399788 -965508811 151996678 -272501990 645376409 -7434034 635491425 213411213 313913028 849363510 496229250 -315758144 66411347 366757517 830121273 837036298 536360924 508055878 -859692476 755636596 37242666 337198518 -726239592 -957144419 -905372667 -990300994 -907851484 -355879215 238571675 449753763 -457432909 802201884 657637058 -717928271 143875590 -860274354 606210411 -308614315 -5912721 471545534 -664381096 924351098 949893025 879337438 541152974 859331347 -377037747 15889120 542159378 -37438678 216330561 -980386030 817170027 -947673885 -756349963
494773173 258678500 785770247 -443606070 -93376247 10116892 558925988 -732570569 402879686 -681626882 958638579 48510973 -975266803 -605243361 -22582473 52467336 -167564908 -223142535 445535285 -855584482 -775196326 -421844279 865166689 -655091135 -822306222 196214732 -259207655 383168730 -568803553 969540567 44359580 286091363 -620698710 664693641 345528950 -240012848 -930172028 -550685963 159119573 774967864 53027219 396239512 -712448037 -291304022 511182582 42963887 -74452668 -743161098 734964215 -341258659 -634208191 -440373311 828413037 -736596631 797768652 47097437 -222439433 28361441 702856421 766984829 -193931659 -512032424 -957206568 944451254 -291218235 323319830 -151585817 820883710 -891520772 221824369 -336360490 378201147 -46892740 -6685490 -49840428 684767489 361727098 222360779 883280870 800269423 -436208816 789515696 -535994744 -532045846 -636643803 -738533309 -410687133 405312035 -190058730 -709485504 -873872532 -215005397 -683092016 613849037 187945927 776524333 -642819874 156308487 -324297055 -356834016
147132676 -726959063 644427139 -565823201 -902567457 -224956032 -684408894 920728349 649661154 -724759927 -983342777 942230922 842549776 -338958999 574943695 -191336378 892196527 -999448202 -126994295 140420339 -415538662 -54200314 672236292 -643925296 161985210 611847355 -688550943 883698625 -352700425 172520641 580412359 -667376974 109433791 978681536 574995133 468390813 148961539 -127113864 -546091677 64611615 -213528192 -16576163 -460513269 871140513 -102620557 -492483490 -529699271 -142164193 -668877972 -139602032 -519275205 -211513247 -671877072 219515653 775235427 28068091 -541098320 650437630 806796309 971487180 -505530357 -63149394 987089857 530633081 901746333 516690162 409406869 438063550 -869357748 -905550522 780100334 617250545 948801433 160385139 854199980 859854063 -256032532 -689144790 -418747675 443243585 151355133 -16567490 -464980653 901891014 870061736 -348912733 964379396 -804818902 701081912 -234568579 -111525295 -639296601 897275280 810534645 -654654112 266800381 216996720 -87101451 -685755799 440481290
-966439726 -133092372 74513521 437139779 -964241595 686705271 -906694548 695961877 -110149210 413653369 -529111443 492964757 492871940 -610927436 -222624582 511881487 -947065143 -332349318 -29981415 937414958 -747925654 186055667 -668928880 520973329 -860375533 -625181684 -772039919 584028802 298150877 -542655392 -528404386 220542664 -871970918 320184465 -77773514 -525886726 473490380 -670233804 -119620351 -411640726 -426562095 -503012362 116787010 -674997935 518374314 -436154272 -690921736 -742598101 183947590 729067748 487443924 199379933 993081475 -941966068 937341574 -527890324 656136616 587667415 374022663 41528520 997850635 688438259 256198482 -683493876 721307843 268125488 -428139982 435914475 93215391 756178353 346375472 -708328748 420854198 -263710113 145145176 -299541277 437447197 -788756566 762108102 -40478553 420847705 653275195 -723415849 -915636638 494303496 138355257 957228063 584343890 888476801 -842905348 740446162 468627810 -4206930 -874616085 306773885 -901114901 -611565015 -999889233 905666002 -257863170
780852984 324046283 -638486061 250134978 141196242 -924399160 -608742664 47124964 -240451325 -63762446 -834759434 4908052 -717810090 -611954685 -759760874 -748497043 -752375938 407208051 -252730824 743445722 372412111 -379283453 236874120 -793279887 563881652 358125660 -801728317 -384574394 -281068930 -234196953 -413493237 -9812693 987503490 -300079385 -810757128 782081010 -998203136 547235392 -210105105 886200285 -218428026 239561314 -856343408 -69285869 308408886 -378986162 369836960 -65597038 52063807 -105316194 41788604 -704551576 733072874 -718644420 208244813 -252965232 456338018 956964038 182722905 -356917006 880357878 769807655 894560703 -313633217 -101847557 877852396 -915317296 -417901904 -263286450 790029325 -324057016 -558062892 -637467992 407194893 -892696593 185078814 93458821 -707321832 -997905067 833579575 460230127 -991379559 -661420863 -293236825 -608158943 -823045084 130439399 -606575808 229545774 41685104 637590432 -998598255 -760553199 -752418661 -167280661 68342657 -844056380 457581814 867150657 575187387
503124185 496090175 17926894 453827939 -270084472 301352868 297825410 -946568183 -117354110 288535503 -568979009 -50223829 -336321596 -748628246 353536092 -773483050 112954436 428077503 -523580851 450804715 -779655907 -124806797 62461052 163258806 -72073937 -71734145 -43425478 133425662 739521268 706797186 -31425032 -688517488 268298411 -913309529 775549456 680882798 -370404062 -69644349 96003179 -370648754 45834496 261536469 131800645 60405550 828107133 -2984866 -420900898 17330318 804699561 -141642499 9308512 -23084349 -540353705 92073588 119353171 -41526852 -674368333 533181010 159921744 762763128 99274080 -196947664 439758554 -646213725 56545667 -691900983 -892614382 -893784949 840252151 -745610989 -504431486 -476798224 -649865136 -816172282 -494987273 88220962 -634198670 -83881351 -673275074 492690415 -240072220 -944564128 -637194582 675067079 -239475387 122497991 38566566 17912675 -191145169 290779692 -11209957 900834623 -115115471 -270368685 -102849620 -964025619 932681797 -859759544 -118817817 -908465815
509396174 -934913370 -313267734 -125047971 -685954637 -138839898 -323162579 622736203 580032845 395542938 -32900564 78042011 -37954620 233665163 125744201 -708197021 -468648645 -385623197 693983422 -785003127 -788711376 -246240535 -286660373 68814902 -19398522 100926494 -585801352 -148369282 -820570950 -746778021 -973809643 -375083473 -480622693 667805948 996095990 -167248557 991765400 169723014 -620792779 670761416 588349581 673217231 -271540034 153506213 414371572 -906641525 724683283 9175436 -207063457 474714044 156800409 739252872 911497840 515890329 -1505446 -419937843 -143389760 586616254 -11977225 -659146376 684966467 -450063881 -672334182 37241713 -942566621 340886058 -254947629 505097065 174523857 -90698176 330533055 865685961 46513583 -356760362 555469493 134411264 -319335443 -247164156 978729696 -243473156 -373722051 -121779587 799045657 641878612 -958338619 -552723624 388418872 274682215 896727331 -615807905 -901133424 -776563654 223708765 -136564929 -968990408 195774893 -731353365 687352258 -61063290 -950704675
918642252 -305156671 69420900 429762002 375297509 -991245149 -793600405 552363858 106468256 -402402267 544547984 391369904 -716404944 648179135 64005018 -173790163 -139799532 -158367784 938856875 -787853300 152522899 642909790 -50469911 396848880 -744033017 100873018 -310660382 -647387210 -414051087 44687390 -227537047 -897541481 611251080 825845405 265145372 393324369 -229218130 418403532 67340599 389221764 794291576 966771187 653986265 322014604 -188963632 144092464 -35184624 -545416982 -147589045 168168456 -929859114 -790660662 -719211396 -582552620 -692223626 -193822690 -116786544 504897034 -611592617 -811862351 -122420813 281862290 -682164116 552579892 221824320 -295053297 -609345039 923795552 -896237718 596399337 -570507790 -570125380 -159841813 -506725142 841784445 -343810073 457556764 174092222 416888022 226706028 -821025394 207382952 814936108 -954959956 966522869 -153493860 963056110 -26518878 684903947 427774084 28841357 -220405996 -976512609 101366212 -890761417 -485567070 668299129 383695252 -903017800 721014765
-557946863 -227924043 -275949381 -640255408 -288828907 342214789 804349005 -392804319 412147182 271597203 -311058692 -118774992 -802646718 357914660 466395260 -788201112 -770758586 -595474607 -664197799 -553794136 -839681427 975282007 763132588 -898268462 564568937 -426536291 -316111612 -538158189 411463755 158456463 -969320226 -730835702 -663780187 982339977 -495092225 -573094802 -169560018 -82902883 998957622 -854140407 -175951183 402599720 642253581 -234172784 508706969 450954904 -622108891 -816043241 17379271 542123186 718890892 999732060 357880706 881741335 480320682 -20386902 601271436 -350304433 -632470508 995206700 853820797 -489102479 -593277095 930471808 169766729 182150587 729575268 -376253876 150593066 -171716814 627895074 597456994 -804257616 140941820 -354983006 104495156 703799817 -64764331 -710794306 74578913 500942568 -885465566 -254643741 -527631849 -768515372 486038543 -585858482 -667656260 494981439 -998626846 506606469 848699436 885033722 -633755570 374238356 -39369191 -284102090 -895649392 142520268 850435597
277724019 455060143 359352526 435654860 -297593302 -509231518 -592488404 943080840 -858560070 216287681 778663902 -448680637 990726381 880081895 842770774 -111253897 838383490 -38180832 208852863 750518491 -452492618 303600190 343658781 -136246159 -845307691 -242778352 -454118328 -660777537 -297052230 -832843190 -79711683 -457484744 -739106947 -188521887 -883394154 368319961 -580054052 809014451 -496980490 -516433419 -615785722 -170644569 462764420 -592567138 2795801 986747768 261844013 -432774720 66764745 -856086604 950202035 556717279 -670983190 -455270201 -243777350 -969417184 -905211556 869175876 -340160349 -239238524 -118325569 787275004 -993851260 660411330 879596389 145925467 -173163560 -395963173 725282621 445951034 854480285 630510421 -960769783 164839105 -531911216 115878549 381446496 625575817 -119472464 -643093893 53466842 -326081312 98851676 -93812391 -587973795 527065561 -379550766 -886225739 896824528 -665012385 -791359430 128900898 28624737 485331069 -448657009 248330544 -300727431 -92342810 900974193 -600294734
-864161449 599656596 -425231941 -885831753 -79325568 983683692 -308432848 793476237 343609396 -266357911 958328829 138726400 78741241 568236649 -919594140 929972761 466075336 941538838 -308507174 -541660334 -700354214 -729407216 917095990 -945500965 -686670054 -869493350 -5211550 575408374 -983166682 261791970 964252428 -627940878 -982965551 75407169 -310178914 -60349196 -23567335 246245335 -465145428 -911697822 76742634 116333912 190683461 638665639 -889259523 -395891366 -26495846 415783075 -783563671 -654629288 -754387980 380317251 210860196 618380437 -661827372 192670393 -364800622 -993106656 -582216731 -819511415 -307747953 -351073822 565660857 33934857 809160656 -328745145 -990396376 265765376 820830795 -783543034 425662052 -6887423 737153244 87586123 829354514 -665240311 -799821993 629046507 -41044663 -250020627 -337920309 289007964 625413566 -94103723 833912921 947052700 -747425638 -634223746 792560602 -334582768 974070721 -310298520 582992797 -342089054 302505307 -16350259 -425053245 -239578347 716674124 -375119081
-514599182 913954866 945193519 -67303684 -721475191 -543450940 145906027 545641264 -914662929 -629292490 -351891408 -167809913 402403761 987150105 707116569 474980204 211612224 47192832 698775803 -521658745 903693383 20506650 790289583 40838566 -286398563 125157539 -351237287 620058283 -586799836 -824537541 -58182453 -18350880 -944277145 787817473 941861237 345511737 -438859565 288959364 -192524045 633673252 -774787702 231211064 -114677064 560486260 224586622 455536534 -871221392 -650079321 533691792 319578327 297049482 669889451 -138076272 -913797120 303937028 -662547717 -84526780 435488187 -183922500 -917002711 -938130027 -846723965 -202222943 -608170110 276215859 -69457852 -469948476 -29971215 -147683628 673365145 -561927925 -710198297 420542151 -433679731 824605576 302367183 -404036921 555806137 550146247 661543271 982309040 -980229574 545861650 54183196 -131095444 -920767459 43930082 680070246 -463433099 946991288 90209724 -995627248 884212852 -439311411 -398309780 966457794 -852143735 -849992600 -588878418 -127095773
225735132 -437659913 758952503 -900294223 580312338 -76074179 -548913052 -405942838 -403359167 -142169259 571208768 -948205470 -519043999 -992551612 -898855392 -450915129 887738922 -196779260 -154594730 369354564 -616975306 -935881382 -11165135 913070015 -641282245 929803428 -483134094 -615809098 855401607 14677608 76611370 -913272229 -660833584 254442287 -281431663 -644905576 885496383 650215529 -8198634 84421604 893559464 109851218 747449345 685367661 528333113 -480567587 898815520 382171236 427127442 386460564 97379148 174929320 851471919 926947012 165638633 454734448 816262068 -831996387 873071909 712355773 -865786689 -262626231 128305217 -42068567 -40038085 -492857640 195652535 69874323 965799810 -857039339 -515833821 860558484 695112470 683343671 766413964 -23573471 140307248 188667303 -102610581 356070444 905289466 360519343 993080815 -102107982 -834266479 -330551625 246259217 -157208797 697348918 -896705000 -849913066 -207711230 703818736 406844913 -259431642 -509894654 831072222 132220989 668586446 -927105410
-721929450 744935561 -481337344 10671288 -443575871 401267548 162844382 75220437 411367568 -791933819 835486371 -595758164 435498680 -378630081 -400092436 -763068610 -363863212 467850319 904503657 351048588 -158422964 117258743 -152579992 -391837907 619095837 -515970598 -164042678 -74604236 -186472321 691861434 -491405808 -336365230 -939401413 462178475 -320760420 -862729153 -359956395 -784397927 -695025726 289593130 743423644 -261407749 557418595 185642012 11524973 -956892173 -38539345 746833819 15036874 17409213 166570017 -600646068 -969182032 -197641408 -660628822 577176413 -587502487 -649397684 271487006 -639023881 -471854404 768265514 -447338477 -330602412 852681476 -318692721 -588572547 869674020 -662978595 -867137931 677319417 -110572092 -828883879 986973693 -729494353 398279349 465223053 -84624588 -705972705 705975036 822731047 -755388062 -922292756 921859381 844939924 842323369 -692035276 -127544353 -447982407 -198923555 540440005 403058625 543223981 -41492345 -689631942 958080363 -259000853 181901179 246752940 735629346
-626094913 203393111 -373508302 383497628 142823328 -311090632 821371264 792847879 336444093 -293962441 -791512273 650164777 -817139097 -289970592 766866247 -845667067 44891800 541906245 687077159 545529898 -22472494 -500695450 458079786 543173569 -917632546 -416029370 159114768 407469735 495251607 -528007786 514204559 -91869380 733719155 871636559 -131233484 870596030 -888931291 -558425539 913146385 41996573 -122015577 751878544 -981534844 -223706234 -729258090 -725705446 -382828258 578964780 790122716 780061398 -485593533 245572810 74939151 652444355 853054769 890875999 644957208 76842710 775376597 -93996293 -519550973 -806328339 -377284925 201701899 948097588 -291317255 626978484 -757335181 273163401 492335635 -16088344 -121476796 -622299389 -594308159 41538714 -461054045 566823795 -745853732 343815812 -262414337 581265039 -217905545 -972081310 841097645 814437108 -347454752 -631731713 -749368172 -318924759 588232360 -731167654 1567897 219972488 898286804 891399 -95489027 32026477 430802823 -288261657 827346694
835865665 163052345 -811156787 -38580673 978725628 807733616 -840874223 656212489 -113298947 484680964 -440239242 -158060544 -173044647 -728547803 670942724 -402566801 30007021 74636440 433117906 -504673844 98738300 34814923 439183054 42470545 658475534 -747728064 700790151 534497865 -555805868 344976933 -996220458 252742716 855141356 258773823 122889685 922528194 -680666564 386453072 -436467214 487291926 -393758835 794662084 999546545 521621611 698788319 -527732000 416007265 308214905 517907554 217120459 -576594285 799706266 696785910 127733283 -819414659 159397174 -312437725 -338150835 -876290369 865923545 -637093289 -695396511 -523311282 453414056 77130233 687167804 639926667 -619737035 -636910928 -220659418 -634204282 24844206 117523201 -38697605 -643556494 616726789 70235188 -260361146 -263726432 289847629 -777546600 174561850 752179412 381308645 -517753192 371639485 463748014 68592599 -36136395 439875544 -238427331 -75481171 -769040772 -745127038 693723334 -869469779 -280511267 -463370775 902937262 974017093
-748922514 454054898 725262988 219576414 -242266351 328755863 445875703 596001127 598403979 -888424771 380194218 -407763345 -220421264 -493042365 -398744645 -317607796 510923048 250081673 107174555 42926297 509998845 508041318 467181517 -266464426 -807678546 -441084332 855666400 -360805261 -680661109 926425061 108908546 233435845 -306220249 -482729812 -103259041 871369258 -913653066 603210401 3814433 190747086 660192487 984844752 571444134 -838976554 184582702 -875793172 282938725 203752909 530345659 65629087 354395695 383314815 -619044511 312927756 670074922 206846441 -635943720 -467816581 -567973303 879240416 681575444 186838885 925718214 370377744 673168855 -954824266 833475983 985334931 901887721 260167706 411367009 -636064645 667005045 963281119 275613592 902325943 943126065 485863824 944406803 -169454876 209902624 -872057964 699793494 -187188639 -275190749 -368807817 -304356303 -833684795 706827003 -852571848 64045016 44778893 -976506969 869511826 -457854978 443778870 254369123 -409952072 -483667342 487270294
-487955042 -324271451 751560459 111715855 -303951420 -102451787 432750377 714177208 -185471643 -214395890 805275772 -225742969 502229521 435388396 333943952 253357289 -132947950 -2505506 -663970023 -500686684 873641945 -572742022 887640263 20838753 -698755584 824715763 107355439 -932558684 -292374594 636461357 -629900002 -544608634 -425222252 -71285177 829285862 359050309 818082132 -586364306 825864617 -148533987 -377631541 -567689170 -605521938 -418773559 -710859700 795834723 -338311954 287675514 512176709 -221979700 519020386 -862058058 674255108 230669658 -957645516 269396518 -82903884 -385354448 -114285417 548165572 305144771 692289318 226734988 -984037070 173478947 195642246 996408601 -260497202 -740058420 -109836511 819911165 49140991 -381245817 -924537828 -214734008 580247229 848389953 -194406909 275854251 820527472 -548760338 -404425951 -948091309 -545581022 3828518 73607938 159116961 107086491 808988057 181905685 311010962 -349829943 768900357 924614560 -650570012 82890409 -467264081 714621104 -652269817 321148878
83702625 216400079 -193975391 845262882 914188966 -229505459 -721581807 -346836108 -319841225 -232777434 -587471319 -982935556 -93524510 134811740 561630853 -598388339 210731878 -681419683 -172405870 381724059 -8960774 952160227 -479235082 -603665523 -912408056 -391559752 -797754424 199309640 -553925409 -296966117 728790913 457898480 -452416497 -997605734 649267687 -194470654 -937948721 -485036163 730367971 -211141518 480692883 -855831623 -61013502 921313519 39387167 537682634 -308162751 461062051 -657636809 466306368 -895414091 -866615817 218715638 501560251 528543887 30190398 196707888 14864773 -453493767 -173804951 -733721579 -125925214 569424882 31023401 7019543 -945087030 405371934 -518117455 -96530815 -39306643 -972532304 503710061 500918983 628177533 705492891 168192264 248698220 -17957895 377280055 -378257131 -404457307 -142187495 489374184 233770324 -414681009 972219440 194758020 -772186382 -544730569 -787083251 -980873225 40723831 -507970157 -245867202 836274931 -245153966 -763964585 -67472079 -797435727 -729153225
741212678 641348313 -72077393 641765468 -671717782 43364738 -18757594 548846865 -575722920 -22666701 -266982777 -60748198 -161061555 -360436961 -612702738 -570583330 -813334758 846917519 851061056 -903867932 -937674622 -451974129 -887564478 -895844016 515263425 144160370 -473784185 -466543665 -751396674 286210314 -579892631 -212745052 690874660 -89776531 879970773 -742921615 668253187 -381850924 926235059 892416515 390815256 393813475 919939914 347903780 -778893952 650853789 -678059907 679314638 771852335 376037575 -521294252 -130766974 -49114361 -691179697 -835046330 -659236930 -355234628 559892094 84560646 28356563 443740573 522104498 668945104 127307908 184354028 580162568 381407143 -592104868 977866144 320950195 -328442773 703425191 -992231359 878105624 894737915 921441387 366550554 -1267990 691764163 -80381389 -96725403 510924759 5051833 340279345 576595058 648869386 557915086 -897723733 41257869 337233264 -440611256 -907673559 173313340 -278235797 401359114 233025938 542733137 -400775787 576251256 -100430208
171310639 511027631 -246608626 -538633921 692390702 -906325439 -536020126 -674186244 -939148266 460408144 85260282 -931997394 -306102676 732209366 -285172677 -239831868 -418142080 -157848622 686370552 -354829283 -957845265 -642705784 -49332112 119050917 -786948600 818747604 138067629 -63199900 -546597818 -649798603 485557975 470702233 -748884158 154629169 155946722 -764074666 612494575 887844080 110604124 -931923831 398344299 798889827 785891663 -945454287 767458116 -191389599 12981946 -3051387 864269540 -650978263 865791501 393353459 228710064 927341027 112209799 -860360615 -819836449 -546505397 13896821 297033799 -660779976 -377726339 640982106 -918833483 778536251 490510851 -6968030 -892833143 -126670331 619031521 64356946 884156107 958463583 873619181 -447358620 -768043490 95409540 -472342827 521377664 -537046380 480322949 -635836725 963158584 304880097 444673482 -367434898 -796016593 898009203 309237666 152683577 -344035295 282257062 -359541614 656998240 648399125 476278423 314691585 149533890 229581228 386701389
-530981039 -181012976 -587128027 -316942480 393710443 -240612705 -734330582 574826275 -256647504 131548406 643805091 -625473322 972492145 -413220952 743453745 -959625145 -370944835 -882781747 -93186010 598424608 383695146 -809345205 436730519 -140151867 50853567 -240835809 843589990 -872328660 341892396 -196739851 947351263 -609630004 320694576 -787433471 -868752614 419768765 -517578388 889294198 -555450808 -557874497 -825875777 44515272 66944659 417659485 -554783955 -144536010 625455525 381671578 -800033659 910026961 336024675 893974289 -689595275 686731260 441302627 -349187708 -786216299 -591504622 746665784 282378563 -468775470 -602217706 163988718 763024876 -894682703 864633364 -854833406 367274632 834564486 -28034376 456487568 527870295 -769994505 566092490 -201439986 -872608110 277758642 500378910 -421221312 436466837 562283443 623661949 447443975 166051804 -485321151 -660325395 -13580511 -158539932 -563180444 -263223232 137746114 236937713 -577007481 -974300472 -228651331 247309535 690063948 -786381317 580496844 997239852
-591453220 882922148 460794222 500207730 -254749561 674483298 756607307 -116548161 662029190 -304572612 -748857574 -375143530 311404653 870801212 903553228 104445606 -375867324 881042586 -440367175 297003275 631404460 622742046 -4583295 898526164 554947875 56647658 299180860 362056652 926669857 188442189 -151691179 -783191444 -53704921 537121889 727732451 414443593 602326724 779657921 334697853 971206503 409558853 310455272 -339104432 827315403 631830843 571073632 -159977766 903117350 329954544 804037133 777442007 237071089 321992439 944877703 545084673 -967302424 340466767 941978290 933551001 -63593377 -270629922 923051561 -244793687 489866443 -581851645 746217645 347718420 240486071 400769283 830474953 92541734 189415636 -362549087 -870755108 950086543 86677369 45003023 -208255213 836956980 373434679 28430904 142640983 432287979 67622575 -982127827 173357225 844825133 -561003006 254343991 -593802075 -868267023 -535925708 134506802 303665227 628179483 -837348511 412668157 391300256 692427962 -268971151
-428665871 -424454687 856820804 -38124530 -350184729 -628770841 796564903 -295914884 -282463096 -581330845 -792525029 -583396917 153468906 -523131919 -499349669 -655926245 489386350 333006512 986745659 -326732547 -749334724 510678949 -778035671 -938733208 -875084247 33055417 81223098 336765046 787538487 -24689588 317149636 466927380 -178856744 363938985 -624090498 -842119080 -699813225 -544989170 -395976321 -642381945 -966828291 -830502758 -291583782 -608129354 -357218892 -779696513 -192650178 940155391 110405438 -219486238 -584753227 965622962 -711344008 32780916 89208835 308801783 -154538548 542624613 -796621988 -362177008 28999217 -107193045 458564056 453392692 -24327119 -335624874 932225589 966619929 -480040237 295396085 -69942681 920904424 -395666487 -869552603 -349098351 752117885 618975555 602139087 49994281 512930787 218606974 -4739299 -515517884 154129123 249822616 247207336 18765889 -997100473 569154617 -900523361 747545443 -346026182 -609631134 -624951280 -900147080 846040073 -462828685 692334923 -333442778 163704724
-115954962 49580310 988504307 37229222 119416824 -371143209 929025661 -596476475 -283160412 30884582 549643026 -541874613 7940577 -249355693 -880935957 -791414082 106814762 -499658289 932784520 -214268728 -869515853 940729237 72276774 -811498608 715003013 -994381164 -934642709 -422524139 -2897731 -990931134 353808486 -306128057 -701096851 -981687642 -706930705 175130500 967352109 -831528648 -84115569 -272054125 -289166374 285102643 -256473874 -714662800 -882616657 885777800 361822227 -238432241 -311090687 381898673 532400826 355746119 850048864 879616660 -746073866 607012796 708961924 501383540 281880786 -738203213 -397853270 -539926298 506931365 627796750 831340281 676070971 -255628081 -419271184 -953760375 799059769 -124519883 91983865 -155285265 231112241 445843437 922493541 -56840104 348544250 255140095 321044924 -334459787 27411207 -345913470 -629639818 776804070 812029772 -949234467 684715093 -558771951 708938578 -832456959 966366519 842579782 343928761 199055873 272737756 141537106 860769147 700362763 273956270
871659593 468379918 644858637 -756478579 198207761 -491686322 383096607 463271261 -864768149 -646077546 222514129 -161578974 -402423716 -478973430 -505034589 523509686 -822963217 -580990879 533096683 -850755341 835762796 -94610531 921288002 -901647045 583848587 -985961430 -179260738 230203763 2456648 -45144305 865770364 -801800878 -171564300 695707679 -300363057 921579079 673798380 223760429 616846286 -729334647 676460637 -206562501 -965286656 -340623739 450108533 522498629 -441106221 118245240 -682563093 -415973543 215040513 188051179 443987704 924824999 -175763757 -653392162 -429572993 -321247271 200188528 -438091557 739254719 985172937 -529036563 993589760 -113416596 -256154998 97134872 717274190 875079490 -323458234 841813456 -159820825 724371945 -839252433 -210628859 172328895 19967240 -497546423 685697142 342713867 -227853678 694794275 493166025 -470870118 399621487 -663951048 211737195 498603985 913854740 -481005701 455914371 85330199 -318396535 -327221979 -382381530 364307836 -550821619 160367781 254451518 -302667218
-50607906 656928468 881805873 -621473469 -244567063 693430618 -50926853 -750834726 782753737 -304223405 907704970 -331829765 154198619 -589782745 673365424 -713295348 177585288 676396118 -684457211 594538191 572476913 926084734 -115782598 895839288 -713458970 33374438 -325375626 -20714356 -826367363 -877582202 540933697 -129234346 -232180877 -573223970 265367650 -868799281 -576049216 585932401 623477586 195300355 -84556553 -56026900 77619680 -413127576 696104056 -858470439 670820502 -809897149 -85635636 -142069569 963663434 323765791 407516518 887843940 921682602 567331134 -516725530 230416565 230485144 397919333 -613955538 837950223 395264798 -322143857 169070869 444571744 843074075 106575526 -88058570 79514503 372541169 555348105 665053243 155170104 499079180 -507222364 -102252651 -846817299 759856217 181205374 500615912 59163619 852389694 323827215 -366619183 777221915 798376476 855819705 182968947 -759097846 -311145726 201523406 -365643010 3923304 12738242 -78582870 439598842 -734699730 -174826185 -506619911
71686295 309621842 84848593 -591208181 -166102909 -54638860 -749443294 -712868209 553006143 165900616 -759402373 723901524 80120764 -482239696 143201038 528727593 -694694850 469572139 614137160 -537499174 -48236250 143468474 466103698 -129737635 -94459819 541892221 680051932 841162892 471109238 -55133682 515322122 -459978934 -863595577 689116857 70777537 -848562329 -909992273 -944794787 482209186 651800188 -757014602 823021005 -995731065 687531673 339052620 160035030 -410800371 -451146280 793791107 258510431 -64686499 -422210132 -401606996 -806265849 765906763 -701433762 700244684 671651484 -929770893 129509475 124317558 -53129174 -363897213 -382894730 446550306 -373809847 738865570 201237929 -79256474 79085155 269710496 904084089 490442075 161901407 288894174 -322058126 559268086 476885600 -358753759 201867218 588352610 -60583241 -312101077 908676695 314391940 248037032 149966835 236444755 -254562729 -298158701 -763534955 -339745616 969166241 -213497952 -745525376 178811444 411990958 326908535 -607109148 153867965
-807371727 146749757 -59757159 -311714611 -954450277 -230160256 -765369092 -628700297 678708704 -171243497 715194206 276469573 692762655 253429023 -626881545 790612872 -89574167 -996648374 197175198 -676352582 350603391 376094430 423452651 801924589 822607229 747419951 -34635359 709628113 -135274036 -563123618 -659586711 34687652 -105310365 38334623 -664148977 -596351691 246601948 32062236 910793208 173748565 965800532 362388517 -327190488 -127435720 -740940963 -224919699 229045127 334060257 -168614588 987633912 -910799918 353073245 457620916 622389812 -189391575 -695611157 636192131 208164792 -649635077 -842210309 550076337 -19331985 196336256 186886164 504029606 125592785 959654344 714074726 -575995432 -986712160 791786556 507125865 -183175454 950647391 479740963 644552150 -669532403 614307893 207967931 -718520017 509960525 -586593502 655388388 782455430 209009094 -542311968 218957172 -201713398 688150214 -210137330 113028723 -998273581 -469428895 -980402250 748047658 -323667910 957227623 446751090 68590977 748704856
-225872941 -49933307 466239946 -783364676 -294408497 -337013618 -191764620 166499892 330912615 -163062158 -883135795 -217885649 727393925 481211303 -775816932 626436736 -697590713 -206212891 -180703210 -350550025 -110865628 434505112 -524724707 -710575380 -829818970 198761164 662689392 879860107 -147888964 -200275604 -349823897 306673317 637423758 59565403 -983689219 53254674 -295303754 927841501 -787956966 -497003735 -953108400 11883506 136856841 -9499674 12330421 409619308 354552179 -310733886 619771849 -216471342 541998154 230982728 -957327505 -686177866 29090219 300299116 471935230 -302405621 -696211383 890803901 -403775938 -628037946 829808807 856229096 -957951800 459506294 903661345 -606713693 -510997468 641588969 -933996050 -887262659 676664564 -734929520 608317011 -565265197 415421922 -370067327 468840820 472893738 -594005333 326732008 66840399 940045051 816431543 -61810775 617867438 -411722104 -228385044 -861808134 -265885656 692540555 -53950441 -261073806 -618213959 -848547888 -247710056 -885528458 94698548 296815375
-897989542 -885698667 -314126476 -186135462 -503334064 618284369 174120328 174934046 812408695 -907788368 182065801 -716355828 -57511787 808063344 745333537 693873920 585089316 -848064167 -330365778 527483948 496236957 -706530913 838522640 -34571063 -569686753 113290850 749785090 -432082286 -746190282 286987264 -799723269 -266968725 256368349 -373980512 -378981452 343535859 232064521 83996072 610240728 -739262456 47704760 -545977534 -127839512 -392146581 201541681 -499694552 -216315603 703080092 975210232 -994284575 -704345565 -808351478 706194565 625819286 -283271956 -487950503 -434842056 886864716 64375023 -74317689 -894128206 -133040334 -472377111 9706497 -513164074 742956214 -745980025 817668117 -37278948 -697394585 984217954 85217479 761828871 -432964309 -47805061 971130471 2519400 110304357 974143106 526033943 518728718 -17777947 261866852 -685455078 455068461 111298758 -851238627 -527210609 755744193 -505942754 -994949880 362902303 -268852185 -803177359 206766859 437265923 542182321 385247770 404978187 291726480
305264672 -807125849 815576635 734177513 -545314740 318242436 719893607 -978668999 -5455532 131561191 822817380 -806259813 83071018 -938856786 582994202 784258226 914390835 78788273 606158291 312846629 -587123236 812664311 -25200674 -628432446 -664098582 638739315 -676224529 -653321252 575135134 -525249179 -449746932 -759976871 -481923805 602276679 713348845 -431923427 -195087376 -503343726 627899033 -723512295 176168909 473616686 657550336 169012811 -513521746 459865486 -915395366 -962325539 80037253 -779321084 -35059883 648254105 157415387 164757410 676346477 -985948135 274366447 663038256 -133511068 766610773 -711617073 436746832 716420850 358542181 -941102449 815938112 -698774862 612250820 -818389687 -597820028 -408223259 60810566 722201382 -972320140 965894879 484992135 -900756547 -690367650 -507431693 755913145 -873677640 909248315 -12685020 25784410 -561801976 462740206 256629034 957717712 -767909571 -235847249 488138277 -841719714 -840925491 268846923 207433790 862568519 685948938 -19849078 480619013 -107856563
586394662 -425656306 904289059 -759746436 504859292 677142952 888366616 345096152 -947683642 167658840 632757479 -457077053 -200515614 558001167 -733250938 960065155 -364668322 -609105814 -16984570 72186605 930218997 100805276 -521984581 -608472556 -694042404 397178464 -487673123 623051921 -585619470 350500901 -728301192 -858139963 -504069535 359594331 680550038 -186858490 -219707889 175902358 -858330992 -543741108 712502463 562340628 -98365750 813989639 614862770 959754297 74583861 896681574 -516435899 747120426 92907606 -65390919 846683922 304192766 -274243623 116274127 812926898 -902762395 711396200 658361950 -47294206 -902791738 -43836542 428408981 940611556 -985739668 28194139 -994431635 425241948 -951178289 -7445357 -439074268 86637354 575395991 793106256 -228364265 -272560302 -649338891 -752717619 -10549622 -124056906 490379590 -93359130 -935826235 -956430993 694847958 977293918 -98391456 415276664 884308107 -619469502 -937093392 872468091 513344741 614822642 -749102024 945796588 -181630599 -927068134 -84761467
-229742738 908355092 533734799 288694557 -552104156 878480087 62952076 -299954779 652811476 -187530552 -868278376 -401363123 766609719 -695012484 490443073 167889217 76724493 722203555 736390978 -607903236 430287053 891593883 -318435601 44779089 -420654845 145191914 515647575 325557473 163953741 815801198 372471305 -935497957 80444446 -181714757 177395597 97838362 -717820134 196593269 685418487 415148786 330416314 92487930 -363471474 253613175 816210565 86457409 -857588058 843883342 -689905646 311231060 -322242847 -783333400 916138451 -925537097 -813563230 -781712925 443463779 731789484 -882180394 -981554950 -903926116 -894353890 729550202 -633025587 -834278144 245800241 -492488149 -998576300 -849467636 -612948444 821415973 -355936660 -241204009 344196550 707410373 -466652744 85165458 -738532047 442947767 491077746 -887447212 638469158 -831331458 737754297 631320898 -528599878 80751322 64929398 58800375 667645766 -167066440 -637459392 744153972 540617018 -770839129 -749332577 -502685676 637197441 461537994 -816879745
-124237666 -709946524 -835060365 605994522 -508976905 -423229324 -770529061 -6160753 280023183 738657850 465647133 -810435646 887566098 -389913411 -955443427 -972829261 -574885751 -949125603 12930513 142898608 -540054387 72489550 397254599 -122013566 243726219 87455144 -828551339 -19346819 -242334370 -302742590 -469612796 -680156170 -842377541 -948179446 -998907993 -698028930 440786317 -581760303 423020012 -825611045 850952617 294207851 -841646917 609661712 -775074166 -349446236 -899667629 629205884 529648588 921709719 740015174 827006121 -764945413 -939736028 -471657073 -967030082 -923226756 915877649 437286243 -685708410 27057562 -157449188 -918891293 -75489888 182474564 13972151 -250869903 339865329 -115632592 -813327840 500250169 88252568 -826673145 272244068 -520649341 -646590230 87743246 97702411 -162762667 -320458078 -46228797 125712080 -954238099 -471637425 176077758 154733110 -782973997 -143770531 129555742 -896061741 292827073 587451196 561548903 93061265 310035020 880633974 -43919060 -424517821 -928425528 -418234103
-724822839 -12320767 773846481 788378641 -327661716 768638287 -782563573 -868589837 -486463580 530374460 287747031 774199894 -390762014 -463545977 420035063 -581494664 20397857 -96240186 -844070196 -572663427 -65455098 600046245 -769788324 383145469 -918982232 989491419 -609890869 776340890 -409920548 612397894 984253506 998672318 497892062 -835852843 104181104 -510701142 490584920 112198495 -407985457 -9288938 -77083724 -154145328 -228130880 306579540 -963106523 -307064382 589100854 -768848004 -947174809 -964241969 -695785646 153733728 -747532079 343587774 918636824 -128708750 -653981412 485605930 641205516 -297590940 -467402698 -389921296 -214449224 887686376 867331986 -308983014 -903845835 -223146954 -70193425 -117019583 -390290780 259607870 940336479 -833465707 605409548 35495688 737113662 5974053 614998962 243486643 -992029123 -602561147 -535188885 685277531 286787976 591835351 -680453182 773578955 -758749535 154642401 353431192 -908030574 -72312929 956749913 -597355091 780876264 -475928186 -185283451 255110996 500807561
-50929743 118382806 384469561 880646131 650355484 -127423301 -526784298 955215427 -256768986 818199553 272679688 802592221 977083021 805832692 -457128885 498956695 788022967 -55207865 998354959 725919059 382560340 -251407893 171744940 -685266314 -915669158 -397180371 -817845239 804635209 -20151506 -952396024 -552842582 642068226 665629000 -552159733 96075869 -736199786 -403247720 615961548 -823771116 73308616 62147457 264974838 -383945359 -875589141 -85534758 485833037 301996701 -751440910 59566166 334536534 992061045 794952997 137101926 -485176302 -631107817 -863562966 -877786435 -297998441 815356530 910620890 -191896956 -191820196 229754304 -999178032 391591520 99633253 -356251329 -666608453 766077975 269197625 590826546 -644063862 -887663077 575347325 -313358206 840598624 -353968923 -670886305 970501723 844019480 733134730 568957412 628570012 94528624 -76976176 -141033863 -823991897 764028392 -568197458 -572456193 -749344035 228830118 534169619 -871168597 -299910342 -769324496 -674768011 -554121827 47478059 -120369350
327941421 -5468724 -54971445 -882740231 368840689 -464923213 828620160 621388348 310349143 -343844389 -273175157 382877747 872521684 -21949982 -598921374 537604220 359826640 875066388 -410311891 57829311 440679273 -580807259 312817423 -834286191 -696590551 -884114063 270499281 -679584784 -96582652 -963974361 252470988 -946309166 -304428192 216781866 -271115600 -507093838 268848483 -405396977 -965280902 -249838412 -427702334 -801289547 551341107 502377971 565642176 550601072 -294276479 -326480958 793054515 666825267 857072114 785564364 -643994855 834360108 -493009362 718293965 538284867 50446500 905000144 -582703621 -649962255 -797685660 -995890526 -188860887 -400679054 -321167988 -905256796 378927355 -174022031 805604908 -133634480 917419879 555837403 84413306 -63765282 -231997058 -247380968 465711753 76303384 -495123069 -411704461 63314897 -522712525 -99152090 -309945912 -801817367 -473848004 -350574031 -19129862 243587740 152652883 -642655083 955654097 -351771915 -673964405 -569304515 914802745 102965542 -530136580 -42850361
98860156 -769799844 -966145989 -498475267 870606998 532362712 -946826636 -752942715 -457013762 -803691882 462593925 782371414 -698411129 136482079 225538524 415288040 550235173 -448343046 174175906 744594372 789195957 -342807754 844462840 476403454 -744045440 520710896 -225091957 140322902 -893758925 838415398 -134057140 876320889 39655126 -994770297 11820190 254950620 356054578 -788720568 -251583900 -615804774 701406442 -733126966 798926985 -455359788 744491351 873482003 991393736 179144835 -840711340 172536888 636857574 555219644 518963659 -266899838 -156439622 -112776833 -272762558 -802597476 531819900 974151053 261160286 -319630602 -721613075 558790457 53051627 -374516574 -953077337 998367619 -251492169 -626036034 -297614252 594857682 -376958410 171961870 -739749665 17929417 84481079 -292007498 -217203649 719482012 -494714587 -667789186 758858889 402754447 958446849 -600774398 -279890339 723507282 626618719 490713348 -211907809 -128670624 -670568287 861266051 857151181 -688739162 427745211 895877366 -886690411 -5337102
-426523106 -191210956 -538676901 295586664 -28448872 -59586682 -503690021 419327801 536529424 340047308 -696305941 -224825524 -176490473 -958335594 320198968 374738297 28235249 -559073178 684484202 -309416517 962736453 255985108 246512111 595655902 582334821 -809840772 88663121 -408890586 -835793543 -925510808 -566292366 823417294 266774959 465358703 843819221 -738382273 478373828 863151575 -263642127 -785837918 308828964 733175172 325119027 -560048467 765697013 16109251 320324709 -459940021 -12659607 -49281824 -800463796 103658649 -613884428 -962758769 550137536 -40080107 -893338885 -313370174 105071916 315157524 130295981 -983221584 630532640 950207119 222185490 -43045806 956251536 693790358 865826317 -240571962 656984771 -202747864 -198608213 395855615 19114799 -115496425 -931824777 770791939 315742579 -137175235 35855469 57390147 948277922 -264773415 -903082124 -160638653 114194337 -19604506 -303308194 -719345560 785150570 -44029792 -42826362 -738424032 413102248 37956471 370544846 -452629727 -767708311 394666596
722963572 965373344 -499993787 -772226048 -201453568 -312738799 -343844869 475845378 -36623029 931966734 409572665 309089413 138289799 -379099199 286208034 450504061 -997420397 -148506678 736793159 903396559 -157827069 93985540 886723685 -444061972 775871195 -495785971 187663250 -525352439 615989792 -733518591 -115459326 277168636 198660584 870135735 239372251 643343678 -425415971 523906176 688206454 -518581988 631867606 -694990518 -287903910 521425104 298947166 -281322590 310386938 487600737 -947460505 -317532335 410860851 613560273 -5341202 976608594 51416200 559571355 -482556595 250783023 148810497 -39519237 193117980 -685250309 -326161047 380494701 506911320 -104788299 -877259643 58131698 743635012 -465405962 -480192719 450303175 -614647709 -652864587 -297700157 -195387150 -771834935 -334105616 228748705 -829495211 746459375 829060545 -764164507 -136026722 -501111861 129582305 -252900029 -599728835 -369340461 366573629 34650324 -955592707 845688504 399361061 -966107331 132264838 674956260 -413848212 -305343813 111430230
-272168819 843192222 -978196706 442021318 435595920 -698845590 -866816550 535151209 -437367529 250989112 -465959345 660887311 21933307 -823018197 -53670973 -214225512 84307407 607160933 -315037949 -145215919 136792807 -195698184 -962309885 568615760 845774885 48122912 -34091755 -686073957 64312915 871407491 -406535393 -197335451 663889808 901139413 976904479 305525228 -535055597 862466216 -400566473 -746468320 -975349025 -119223997 186132193 -64153327 -511365214 315487169 480473700 -229428533 381508864 789997889 991444863 -251691977 701909010 -603490289 -785370866 521239912 -749820313 -944320943 -543338415 -919561010 479948724 -192219194 680431901 -111325420 952548284 608197599 693589285 -820079461 -935791632 -856257126 -189374500 815786625 -475799989 -176980775 113508632 191383397 -183515556 540138895 563973620 258779618 298602149 855104494 -149141593 322029593 -756034216 289238567 764975399 59913384 889067764 937597583 550165070 -697686330 -217430701 -594843387 992392976 -43004686 -200797280 -875531338 -727069769 556786645
-863883193 401698182 -150055398 -748269640 869946978 119934087 -437130847 783455271 -584036767 161309380 -697398024 271106107 662992989 685940397 303919219 672921598 17145725 -540755438 178240042 -101425368 352225227 557315614 164653648 -929376769 -932962596 -550980798 -388916487 -160938996 -424427689 -767757752 -3322149 -753911150 -184743414 -512640084 -446794374 360087411 -725000360 -788423506 -361936995 404206128 -333564059 515610596 442593421 617629377 922717925 -435936265 901982282 268196625 -272866121 283787286 -332105069 -919683491 -426480384 189319830 -462003055 -85889907 -146310190 -314967261 913339581 -857148633 728288608 -698714882 -108157428 614387244 -235995946 444548459 -136142280 -323098957 551430087 -668704729 600462591 -82726095 -919788025 -621636240 -233430790 -793093959 883076631 -48807756 -338356757 -227057583 -664791558 992198778 -45567205 -628405795 900446034 535608733 -770720294 840888168 202578830 478816075 555525849 -163925678 -83964409 -218703569 530108749 611195135 -367801262 -145173531 483109191 828151537
-411244949 -431547583 -770135044 -43406248 -345335603 100657165 -688775180 -175345518 711431848 -147072372 276533251 490429371 779700431 -593488197 209573293 84423762 -977717985 -449333213 -687542024 394700974 75150438 -247729231 -483427656 393679646 429135125 451579898 36621425 -103165744 391483006 441950323 698592446 380826898 -622789800 -186221060 470088076 156377935 -160241407 -254174080 -83295422 997896955 -487031519 -36685295 848590607 -894693504 -233368898 -553380673 -486032709 -63238172 -251651248 139254027 231416851 483120289 -38286963 848117915 989804540 297666793 350543049 -425697931 827394454 -447687815 -358586221 623438997 542219435 567641330 -904540734 -336288753 306680684 372685517 600963320 261335928 707195860 -95532238 -129363348 -425621843 226780363 -697487320 297257392 -471443400 63342073 631812514 343183274 315651962 -386755481 870760782 -585324809 840093906 -445392124 -898452666 -77357809 -973871168 981686728 203956071 -15205303 -860834081 -860693871 -872555436 -348383725 -199713162 230919438 950189980
534782116 -188142826 -911033574 538799822 -753113731 -392507394 505515623 -426597421 -58749139 327865492 412195285 -145772374 971143781 -793764557 -649766395 -907716071 228966258 -744831263 380129830 -633912880 804099019 976060495 -612601218 -52602759 -231282767 78378682 658345984 -541255148 232984271 436584479 749121519 662331096 79739264 437601703 837707792 218674154 -89716978 137945058 288213001 -689370831 -907120360 -411247990 115030355 138733775 139428642 710889588 -892170494 -24626391 813599566 -255238241 -745119189 -430859799 717674165 -112467965 128271517 -278800507 -197164013 659953101 814324727 96595494 43315248 234635643 -617359501 -891511286 -238451386 -44953876 809902947 532328165 978600250 962210785 -449781242 15388369 -501074889 708033197 -758601249 91736531 -226682797 -882408587 632087605 -509877099 466178386 -173320305 -980248802 129548920 -135184763 437103872 -119101054 -791584516 849601741 -796024341 82542475 -939851004 -479965064 126182954 -389036225 540119380 942381098 -488079684 306196211 -647598525
553131536 -65573221 844449057 -116597366 493570830 -247789476 -61008147 -203985953 -53293221 15680227 -684352269 894807688 -853592165 181084597 -185295062 -243995877 666472554 401397715 745700527 143679544 -37645038 -574060989 568014573 23151862 253283999 -352235168 495122081 -951784088 -18246208 -276774511 600985929 860296364 799620061 880227877 193786524 515111620 -326565787 -580349922 -259080910 125391821 -363729769 -691600278 -938176495 -13411889 -708651070 -567468808 500620466 -411723926 121490661 -325212905 157062265 -75785407 270803581 -816949935 934139292 978277401 -851685 -729706548 -970977404 -523849843 374898983 -377165204 290614997 -27577907 -601331279 271144383 -819159053 -831147777 -697967110 781713067 -828253087 -77645032 379066728 367503163 -131951268 819124792 786827830 -799260826 -587485934 958397390 370032862 305444994 -444906807 266400053 239671733 331336104 -209763289 475723433 -584824724 228306010 309388835 776761798 814866289 -391048083 -823609758 -400631733 -34798336 38664015 797544460 392285867
-195282006 -612433984 315629492 294477609 859158794 -796782036 482795689 223131995 838423367 636741537 -56344961 -358191266 -465210437 235909277 546779572 -909410501 -148708826 947028017 -636179129 252249173 -214205075 -610342627 -677297019 -373756794 20155627 -712714911 -102026408 315463040 113883494 -971511166 317902462 855102234 836825490 550266393 -762296060 982733040 281485988 951493011 -280373965 464527249 -360533332 -692444788 -495243309 963956097 16599861 -326951152 289436599 505134313 363885532 86670540 -956833215 968969891 931626210 28250861 -299803942 643299964 279847203 -839578820 -579166102 -467103039 -905265660 -450274505 937170291 672179 -329642077 -67798157 79493726 -550400147 -304729181 750300219 380215035 -862812881 159757121 279427528 144432323 -759781347 352864784 889175864 -52570542 553017528 -676481688 544685641 866192019 727252122 -364158819 737434049 28172118 -575939995 599906815 922602080 80361623 -744789288 834250112 -182282299 -488094383 968679534 -935423492 -114958255 601276120 -232992081
-998052362 966100968 -64803153 565235272 996269919 44826626 -331802015 884335710 240893275 -344020433 888291330 -197332162 -178710393 853973237 488918212 656790458 -122159697 -675111783 563016499 902208306 -150889647 50847304 -112436508 598226878 -228713104 -772589750 364864367 -319983869 -336092044 722065318 -771359575 -501060949 -185452326 227223769 340968728 509925372 6069158 58249485 -790518325 942743412 761396468 305570110 515483725 -447316456 292273603 91497623 794879167 -790910463 -61828248 502772139 -708481669 246645950 -287304613 358738365 -856665608 490229961 -936707022 -341013696 -600973130 876923819 892724329 347525923 726869908 -15053404 542017476 -774092962 977102671 282603944 799113991 315443881 298945060 63198992 -942460443 -644245956 -562414909 -112530796 -862841541 -367054777 -358094164 -393906318 -515528256 994021842 -348487199 -471642445 891815929 395804802 553163767 789998762 -517203961 407436757 942423100 -820328526 77024365 40355617 618735701 992752925 -279762117 603641475 250823505 -706658271
924552077 -560891155 -628762745 -351900918 -1761592 -734890776 456022865 435178493 -245431221 614206292 237711026 -421179932 988079775 -352258061 -179695586 378454672 655944754 -249007282 -56765694 -393515122 942448207 -228908849 186455540 -322197326 -287128912 -539179708 -309299448 436309428 247561921 -112896962 685774305 368919834 562634499 -491172756 380019575 -900386792 -299968867 -6510928 -971081036 -124502554 -771792754 -172892013 124560287 642079553 -129461014 466926770 588572769 243083593 -997808295 -443603374 590070194 342581801 -937202794 234258289 -558820728 484438378 933222534 195019515 744016737 864232627 -661270398 97446319 582276367 -362243589 372554587 194986055 253427652 -217036960 718433434 606382901 -8487869 952625817 -286446775 305585201 9617815 233293330 713816127 -11502677 -751660533 565600020 -293530987 -126849776 -349045221 -779490637 -502618937 437095053 719089410 -249276403 -771226183 190015727 -594318016 606450035 -518260220 826416480 593058792 -386790023 -801761192 501289097 309170436 803322360
870856105 -218245447 -844673132 -553793303 870232018 944175274 -758893739 24162096 -197972862 277621457 595422086 -70905524 443559580 -644334229 -897721095 676530596 691977431 -950400581 -583343634 -348921489 -885827215 644623267 335819182 79556066 452500194 -866043345 -651602114 -777831235 -673214475 472505830 -808799617 950143839 669050283 1713780 -773284583 -940293172 766278782 -538142975 598881868 844180207 17817724 -948719104 431212328 -74226666 157446190 -490102019 -860926306 632399042 196767346 555636319 679112573 215506474 136599133 -693443064 -236297405 771882191 -689749335 -803877428 -853725942 248855895 2223924 -204302292 -977523947 -473512525 -993798540 129333930 822885990 -41047084 96545434 -744801938 -284918555 870597350 -218198910 59216044 676081083 -360497868 -657281847 -302928663 366214911 376883223 96914932 178405292 848448056 -509439183 533489767 -183542445 -352036092 -429825507 -278378372 465767107 895605831 -795519226 299551199 307222886 9939149 -774739195 -180008530 -680077956 -669717688 382681954
-581256169 -991422704 -953697618 235319925 -720570659 -580695227 44133060 -813078771 -508496115 62971311 424659590 -541600411 930629317 789935827 -656375084 -280779526 -838697729 -684637327 257373175 444218503 -936922650 -290079698 -845470399 -747539482 -696343279 290681861 728386748 768024497 -385673274 -820231080 722318285 875828184 -86746592 180522629 631159507 840184618 926032992 -349743560 -231784580 742439529 -380044340 -82918350 -191611153 -398789693 -340362436 -28768110 -85250834 722936465 459906705 -880285462 458796029 -595411420 340961066 168342042 725649310 532935176 -855114994 732618012 -831059526 411167089 -682832824 725807404 -40591357 430762289 -504380977 564187327 745791099 -615230245 -693397510 882863562 -736106397 558780990 733477690 654330986 665989330 -649557093 466211122 808404057 609998786 306519542 238521535 715026787 301594919 -829033019 -664528090 348558314 -952291197 281889100 -722131897 -740487357 903097842 -648999394 958447869 -809425194 -119208450 873949945 508232539 -984075944 378029328 -243717300
-745925002 -750925952 527747027 216366426 411378735 435962392 835162048 178211840 113311793 -7691263 -107103962 136587860 -688217199 -53305174 609335661 143596363 833359904 90051473 -65785449 -769275480 3757952 678730920 376430229 -501597168 118423416 255034258 -13796085 -808254141 986982609 210917829 820965131 401740807 759737060 -869927207 535119962 222941114 -132601831 440179766 875285320 883034552 583103280 -582145298 38711660 -471268116 6161593 825198229 -192697206 818325872 506993050 585551819 485759451 349586500 746349623 -850558644 953745916 -365953710 -418539696 971289079 343439764 -324775681 -990653079 794563885 -964583926 -373930347 -329808200 103946970 -328190464 -463498259 -921410616 304066317 93815845 407922931 -619344591 -241195118 218616486 -840826580 -663244475 -690598132 -200663336 180738009 93600831 -330032645 -786158954 -39768655 653775862 -174617003 254813950 -747860871 204481571 306696975 493308982 338055987 -668455582 -818129838 -717601465 -348573145 -463209088 -71665069 -274235890 -434286103
905356617 454953445 256109016 132961784 369816596 -742162457 538820979 544224023 -752631983 -90898174 377243673 -717449102 91025152 791554460 738559176 172198666 468135072 -397795164 976422013 491284377 508969170 50797503 -318123704 363443089 -771727276 787635234 217735628 -345045572 -473302824 -249511457 89039626 -56891547 458937337 -234301495 -856813433 -6664651 -210223091 -327558496 -680261288 860266747 -771970761 582191111 -164297643 -914589743 378460471 246039687 51290506 -515388416 -612681258 691631624 -458786308 -393488773 -977988614 635292543 234569665 736335731 -545753561 -761803633 479875191 506577223 -671015542 -351743455 -952538126 -770722169 252462551 914214709 -163399989 664404850 -261904042 827287817 -250854846 -711518194 56135685 -899252776 742161498 292107683 140816156 35242678 335868874 197384367 590545697 -315807116 936713382 -529139326 -33523379 -746043848 -423924610 -987080551 120835282 -357744514 68099391 457555504 859964682 -691289371 63460791 400591906 -269221756 650467545 -313416135 -971501348
-504029248 -608268423 30445853 -736574377 -985831897 -629522330 -747954295 276444625 397548732 -899298722 -228558711 -875485188 -959189197 -352129224 -84065658 10949092 357754622 -413875024 430449306 720744908 464628085 506624047 934408034 -47661848 535347897 577828770 973621704 319894721 -810391131 -619730657 -251581444 -264589808 668196640 532902468 -796933394 801382736 847689013 -732118501 121478362 -132205079 -205269891 714110221 -710286961 -266746189 -664432872 -549087316 -990007015 609552184 898306106 422766285 878045389 134575711 -830898527 102328176 985055458 382581121 -472875496 558722388 842964636 -297011249 604702259 -54068425 -837058956 131277356 -475741638 -857576839 628304407 218979272 98449615 776169987 -339821843 542603655 -267774677 311174701 -547696857 -981919304 961983973 -929326541 586468345 -234324635 -317964312 -509644076 -747666670 255549354 589189189 -846963122 436898972 505223631 -856617057 108478257 943370356 244653243 -289288428 -658385056 -852075808 181872017 378659509 -714912543 -159735213 -80680045
321332235 -284609034 203494369 241735840 -236079275 -312049334 556517058 -883529164 -866428812 -751999631 -211330541 -132698482 -934827441 711381179 -425105703 4800990 527016747 427798373 -401908502 370384955 -772340776 568922722 220062188 -661961864 -488095665 -393283525 -176539081 136233013 448514575 -295307397 -35195360 722249793 -466266113 -680040963 109669938 406826057 229303352 -696733832 181226289 891984257 800270624 631575978 49743596 -105720407 566769401 -404031260 -646755028 -174029973 254524589 -108741814 719922809 -721147045 -583462671 -408825351 323108478 781502522 62065145 671432961 -423195879 -476546986 -523531245 825430291 349539669 615179325 742169454 356708490 548830044 303771841 64745962 592098495 948972954 289056043 806420992 647015226 -963756700 375266878 480683807 763426217 -991873830 -354769330 68786807 491561461 177199819 -973918579 406771784 381997827 935494487 586651774 -856783983 -433648547 63934722 -327284087 -980824106 856976995 -210753458 -440628280 -249953563 12419987 -987945214 -115542784
39725342 -32504252 -316743977 -25343612 -724868491 -462052816 775196915 -770530313 -305395186 694244420 -859426456 359790656 -934397675 406670656 116344861 268745003 -316069294 -700862238 -97644523 432342669 -703900394 -96078479 -950246810 -416232268 -858584563 -175488129 -400650361 -447775066 357085226 -131717500 -677733936 -315117423 -907116801 585933900 636904141 -273022515 826060202 247682712 259179515 456446987 340649619 798409910 29233090 539212609 -199252666 546879875 -429028131 -97947610 -989663122 -192465321 498363211 719461646 220430576 -738764797 618102637 324745416 -731973097 -378278359 -784637296 -413304523 -672749967 671463526 688178635 -862835352 268433145 -700504226 -50638742 -768146728 494377941 -727046037 -455450275 -981236024 622990529 -166473339 540651620 655648344 367686729 58004611 -368739946 -414423486 -211238036 621638757 -35552366 748427479 51953585 -196091433 -274989135 -219143994 813114813 871132580 -543121803 -590045072 660253588 -177168611 71566566 -922916552 812157796 236844698 440140617 -979947028
-376304764 750621819 -314794982 973491477 -121056085 -744310996 -546473956 -933660874 -476809944 865195920 -543585054 363122868 487848568 280371167 410039248 363338971 -588333142 -218649473 -572174916 -304796255 212375885 609551846 -413768974 -501907858 -409139872 929594390 506873906 -35156390 -272652731 903717125 -876979590 -38314384 -158965807 165896721 -915263596 -674006813 -793736967 904155511 840234636 310231258 862854042 892979275 125126385 676499300 -582715478 -903838814 624445243 -856800098 -301458698 -215363692 -181803533 -204189727 -915387862 439231401 -751862879 -860858730 942779526 742732946 -16444905 981839224 945599547 -287913009 -79863199 -12649361 16832479 -269444415 382393786 972505865 -230634381 872328044 996796181 -550414200 832358894 -373899748 -854597049 -691620981 -522093925 -511921072 843201926 852048801 82711119 -202455796 708294376 -197323389 -220480332 328922986 341629097 285662906 389294402 -694461177 -128038991 -257375167 -125845366 -493939693 573004169 99289537 -284220558 -617948337 -632837225 660370195
-435220697 268674087 -874721679 124512534 -63957991 698325763 689610547 822503527 -41179850 891625083 591862397 486510866 526298498 150521246 779303280 289039894 687940745 442858391 -380213267 538056563 -308890577 -660405750 -348285719 823660269 -302162990 491503603 -771509943 -321071675 -456775146 849670239 -417556181 493187869 625575822 -5172184 -817814300 -345190625 -562448904 -9273428 -207872559 -897873611 -441576595 767914865 595106016 154015558 118656471 974435511 957233634 69032143 620216946 192258928 -863780542 568891373 133499605 912429975 -295542475 845033164 -730053330 966879291 744242077 301344794 949797128 -311442017 872210945 -245073278 472035951 933593384 -51316706 -724489408 64521003 569557611 -292358657 -870465096 933638421 -850107404 -609428395 710195254 -7647196 -387353667 316556254 -509872734 -723447428 -231542727 228885807 45900526 -309971112 -249674430 967125565 727084267 638304643 302796268 183803023 -409101834 -307586808 508430195 395299397 -90416483 -618325034 489098984 -196843544 -729720196
-421324659 -826985080 551837750 -539249953 715796197 -358648647 94182615 93847301 -4195411 281933772 -921827967 -470574932 -637671556 265255132 731941133 542569548 90568860 924356737 -847909627 -540769709 475730322 521582346 691833145 109530449 158305523 74349033 4448639 290079655 -118865367 831171906 -825598307 -80099226 316408389 -785738701 136900552 -180492755 418153960 -640273117 784696408 -396825488 -107564381 434761271 232485676 160732548 610769483 172707561 -331162954 571751985 -221694336 560854796 -392588505 295891083 -313785458 402403762 -190716690 -1140968 -424429394 -117184560 -82478529 291971949 934207760 -556311222 882214663 -7547147 -531633 -475740530 -773515279 715412798 53378157 257595063 -816795459 -261739336 -721966684 -100331180 719583369 995784365 30751215 809552398 250602095 -769655385 -101618928 703367799 -482098817 34019695 -896292917 42303719 -794970804 814604264 -181750193 -436139370 -326733216 -759223312 -245267163 711528355 -155899989 787455855 434834087 -789682779 -981160922 -248574102
-266277178 380050002 127634652 458318521 504860244 -804426854 658466171 -964209580 469768562 337567856 436936116 91670063 881078863 670879477 555612241 903876023 -614943486 -256812556 -374643474 987668916 910526756 681253222 486615629 16701772 539090648 253002202 -295209489 435303601 19714507 -921974482 244381435 -381560435 -710917549 -689643963 -332028065 -485793950 451866892 820418555 -516114992 882720742 214288213 419015414 -903468210 -737485223 781250436 427085313 -563956337 -999523360 267487201 850986273 -405673255 421053128 -520883613 -355479630 555310397 86315835 929461480 74755046 221217611 750497256 4225148 -668225287 838236190 108343913 -805373288 -738945091 279166870 -312107876 -518210006 67676714 70021535 -307916694 -94314735 693058607 342080344 12739750 827940546 284963764 722595394 160941203 524380667 -604729995 -165874175 268589510 461208195 803623115 -443798897 -789236886 -818121980 876958198 -810297801 999428144 6014398 345685300 351046050 212698624 719447933 43386999 268383947 -342054384
-253202949 -10186287 -584517563 -755972671 -131519829 992589815 -495510647 136002996 951685689 -616793397 637794677 494818060 -996285652 -837691683 633705130 -487351255 36222614 589341306 -943116107 277947601 872539372 920758180 320981410 -858782381 -50980787 108901488 559031279 -887684709 486126406 78824876 -720382651 -619466884 -919726047 144613046 418208919 753528067 534527856 706553461 -149255259 -328428616 -551283582 -155141938 36622982 -403192957 31706471 -496283104 -508359805 -132441732 153381755 43705265 874211391 365434570 732066677 524336443 -712982368 -325863690 -276039734 887656378 -666270772 -947813213 136865780 -246091675 -255501717 652662648 225951432 241027599 -653092229 976259658 619019241 -583523024 667586853 -648921100 -312371835 727537894 477083836 866072684 269059214 328743779 -735073341 280981520 -603510744 125537720 -917525747 817219916 212852668 -567290237 -807441574 -98802482 609107112 -662150905 655457641 293627263 -675694614 312926714 53250053 992936354 649685215 786752212 430177956 -141376588
-901100024 994739300 -712073138 -961325419 -577016026 -322958158 -246958891 130170233 -379307784 458550895 -871906469 -280619311 595031479 290956968 323957980 -183688269 -115527604 591775395 -777380217 -442536755 -998152802 -667047763 715545362 124428899 -137138130 351956924 -938079475 497365292 -83956506 -129545145 -730871318 67977343 861455740 -948350670 -641652996 -753102795 -901359227 342464066 250358697 -630288738 262527538 947423038 954165313 -908220309 316248209 758490431 -483196677 123402019 801815376 870796268 -545922347 794717277 479446556 -277666548 11513494 60898851 350432297 -423893121 -13422721 -650939068 178575143 624352031 929665275 356077986 595587553 -761970024 -592342581 -266244659 640721219 575492543 803391387 -272088417 -508216199 712118133 939787304 909260039 530596056 12765597 203384707 876500346 710900643 470276486 -271696388 -460177743 879237879 332525558 19988967 -930058944 -735058924 611478655 792687846 -451250687 175445397 -935526043 -444106260 -728598959 146601917 441124290 51072399 -536646048
-29014688 418285379 -949512479 519516449 244854933 874054750 946292079 -593150339 -526858876 237543278 -759224408 -977071668 -724285516 106896306 -805025934 592020449 -231293807 -489872144 896474492 -798609586 710052545 -623847223 716728212 608873404 525758832 280767220 68250983 -31760739 -795741894 871036949 -498565355 -626563168 -857233359 -478142442 -48771129 381399315 -842508274 356146042 -125423845 992483890 212727719 481345816 -982173705 971100705 829191341 -894922205 -570840522 -226521440 -129857007 -98063202 -112890565 -382075935 -568865988 -710977201 548303502 -880659171 -374559615 830343305 550394297 108334183 61119907 354635194 978006966 -921714495 -477262043 995326586 -905985019 505162194 142813823 -942157017 -589257956 6749548 284542853 -325655907 654956620 -937447652 685232121 -756232695 -996287663 60650023 419245701 975475793 -583153446 896443077 -173177687 -388371666 126470694 -902297631 74828602 546047469 -121662261 464697076 -784823923 -616638418 -15528649 -428593062 131580682 -492871390 -339906687 -440305116
-737665442 -66428558 444528146 -660290960 -892281075 232757297 900179027 174931987 638786842 506583796 624150685 -773536216 730783139 -256868662 -64482173 835934431 -367370979 -188822240 229327107 798598003 -362297337 602730518 464747483 -632030260 736887230 623101074 174774941 515492300 929256181 -36031100 -355695436 -325980905 885045589 281709218 -640278464 50454783 703241510 -563857953 -396775457 -518236855 -975717930 371681640 387261465 282351477 198257921 334489773 114039436 -495293605 965783441 818649481 150777724 -607215836 -504355469 -589979516 521148621 -710551624 11110207 770091131 156361375 557757550 -541114465 970976897 -700485890 602061411 -156320503 545587081 826504842 -728246898 845236598 835782752 -380152701 -878261107 259408761 -35383684 -728413361 -506899791 813690360 -995538982 -681637435 -843043531 -312079046 306958487 -252457562 -179577283 -804147757 -971276467 95763614 -915224263 -146680657 179648509 567917043 -206792020 -746019681 714730968 10532773 -668863056 -376289375 -635763619 471516574 950522406
229285802 -931995070 529159770 538217663 -188514529 -371434512 -23941745 713891261 568115013 247955214 366280996 197123447 992996209 331430897 628141972 374411626 942241243 -361578043 638862627 642372069 264264005 953188350 -997865429 289814024 674083848 464956542 479401208 334564194 -268745879 -817967017 923817040 -7468909 930496860 210721773 -203871841 173991691 -180560018 542666236 159252167 611802074 495619792 -670355541 -825652413 -150669312 983605211 -602641894 -128331305 -17111893 -750092188 393868766 -543649891 -934190075 -144968276 -485299750 -157626850 636692981 110993462 679407241 917118236 982275357 -378374098 -756516625 583572866 -279193556 357501139 -929491011 -694229885 735584690 218197972 461892154 441634871 109656995 211715062 419229265 214810374 -178737652 -805326717 436148556 589573067 641586694 334751389 793813673 260509725 34950968 495051761 -787174906 -777340270 -877084204 -693523398 370599534 -84006717 -903158756 -817137413 -400023346 286089415 993696550 -244153329 -326931905 577495243 853427610
894122370 -471373591 822126995 939654586 682327614 -497778919 703746507 36070807 83203182 396039328 -33284134 676211111 -542662089 -207382559 202318625 -231932302 390230615 -149560438 987713888 -661294086 -595776376 437097008 127811086 633157480 159107331 -435182436 -590182296 -29231346 851659443 66323169 945748002 550063767 970557973 -513559509 511745660 -324199216 -36677642 640089260 802319407 359528350 600562182 -501656715 -636983141 -572396216 -76087540 294212408 991562737 298645406 -56069808 199733261 -892292589 256593240 -498872192 -348262176 40461886 465420606 -369597459 859572159 -299078428 -354827511 50148515 -338011815 466320513 849621839 315429767 -518734785 -113540941 632271553 541153784 -300475742 -733687650 -380781276 954424753 597973541 -235388955 359734755 -966409889 -406895887 -585697294 534504184 -728482153 -525106503 -218275625 257618709 920167773 -701419100 -78901555 -63632777 -16623300 -232305220 -46152683 377659005 -909935685 -954925965 -980815316 199794929 -466673638 -11896314 -961040746 -293855477
286526399 -152699252 769173464 -947450870 -672304616 -724701747 233333058 -799067175 -421931442 -792291438 -853909167 -153099832 -84017844 455450363 -289666728 -23832030 526734536 -670736702 603684975 666283146 555034543 598035934 -278061606 381053252 -758854905 -753676769 75602868 360254236 526859793 24671744 -782334868 -154746648 700596695 -31207213 -271054780 -337519374 741369860 906988601 775092437 -7890494 -683648964 -435041597 759270378 319587162 27196913 406994781 -281694135 109957741 -494404616 940930700 -173651035 835167557 -685567267 518539270 318390368 -417236076 -492346813 -549682383 -833041430 -764608727 314884776 -458375619 52148202 -105834456 471367346 -75494847 990101814 638321445 949912144 -381955494 851953454 179273643 364308874 -397761237 537738459 -225226431 657626604 24693711 -905919570 338934949 -530270724 -957261141 701764177 456828801 602227921 926905110 -708312349 -449320401 -512292024 -491063359 -444072103 548596673 -373774639 -967815878 580632754 676104905 163177590 -468536562 279352203 842252642
941426653 725829382 -416420450 421374343 697474251 743229626 972987875 -958641302 -492035402 541959832 757736469 -799385715 333211331 -424350332 -669138957 -254651393 871191359 -352378570 828005035 580976424 -434934200 -552329222 603037055 -507398526 -497845992 254123859 980896967 -527735539 339815496 -721734245 666949497 828414822 -368903749 -149840708 795952118 -215217798 984828333 381794807 -459095542 953021945 21287567 -212908676 -664197676 79007735 54209646 942015583 831043112 70845951 985891563 -426915315 728604000 -127186046 7802706 -688813292 470391140 824430340 186563771 -838725549 561471691 -930137171 148317471 3898474 930015647 -893257000 998438581 412075029 -953285795 392239573 -986125104 392032652 958963743 -304916997 -328181992 29179249 -939652759 693462878 -192530526 -313445612 -904157861 -65182947 665582429 51272898 245531538 -3037299 908812639 -792738690 979022677 -999474972 266037188 272292539 -961989988 -382150602 46262219 -303053502 853155601 665204609 -712571530 -235690291 -419184864 -722315006
-141481091 -911408110 -398324548 -900369150 -505650533 -323027486 -299070731 -240247271 911100886 98620541 -54846156 -344795233 160907851 340548778 858584041 354068212 607707178 -209068481 84757604 845077334 306995689 619677166 -397435820 55315542 -935630271 529205188 -909174214 -956046791 754834157 -456403845 -25809929 -946234306 -653487399 -295194181 949359896 -129503431 -920731113 677441827 -836488858 644131098 982025708 622859219 -927418392 504209342 -5940054 -612962406 -648378995 -824944951 586335986 869903737 -987668887 751762868 -917347420 67001931 -71764474 125744480 353257107 -938626600 561471831 279371929 -58726963 99488517 -953840889 -302148753 -893800734 288575283 177412958 -317954675 -537344821 755896559 -441409576 491557659 -692559787 -270047595 6994490 -513015203 784300990 234924991 -61733857 -72325008 -923139479 -302633773 -746676627 455628324 -142392171 567743508 829286277 262418280 997750736 -545162888 734108544 -719767212 949806539 -908752685 -61695700 143765080 456824574 -632439937 82115811 267552293
-352993591 -510105441 352291354 804243778 -297372566 -918752542 731446815 849387484 -167649447 -458342375 -63951917 390767779 -488157973 716056530 922754069 913529668 55744129 858713318 -357337306 542729169 397010545 -799313272 306156084 196140162 218976510 -665306691 448397261 502907800 -444899604 188430251 -72841078 -296970025 210044817 -544915375 297228970 104774680 -327414147 487586032 723261949 -876968991 219558335 798022206 -482271749 572036190 690940793 861849577 936980580 691911391 -747111807 427542121 -193448028 204386803 575847194 883258442 -664376921 285667612 477288827 -165144079 -791017313 -404554512 82950390 -768232994 -4169044 -629697471 -165239680 743133049 -765362178 -914338040 590655668 -822541364 -57776328 -549776212 -974385151 269813171 951280095 643185065 815094080 127227116 268122598 324059545 -321926132 -767332857 -628828546 -160392368 -177933283 -883501514 870461669 699436519 -304193118 893587089 -668229452 889921476 366797594 -838835861 -833257686 540131373 -802133347 412668032 853160969 -980784555
430045238 -296457535 648327806 426767735 -649919226 -658033216 -248077298 326820799 889891522 -990996885 -739737788 595585636 -247902460 135579260 -156246540 -418666151 -176212439 -84056470 -958154068 -612417303 598980339 519327882 -316041473 -424241036 165292491 20343761 -787499551 709642380 -610678995 394508582 63772618 580283082 -931911120 -930180809 379893961 432875845 983592851 397165848 702120952 918149285 611109848 369374704 235687785 -38943953 376035930 -542802758 -47086557 374982215 29786561 985537897 794088453 836719643 943556052 126530811 -930238076 50053853 -334336350 -302610286 -291769327 444768000 -819180094 -906178227 57929845 366004311 -278434146 -838937728 -330303685 812824572 -865664198 -862261588 3619774 762059223 120041618 986358778 -999960526 -432836346 514402932 -326840528 905820211 162375920 314929718 -118397085 43501267 -426994971 -265562770 -947123729 -616335924 134094181 -532486400 -714708866 853160676 876963729 168662446 -738199455 771171948 193593759 780975209 -685343971 420334427 -851168665
701173109 763595158 594609828 -980585937 364279479 329322389 502645122 -118415600 -666546702 624973814 -561133928 471594750 785490946 913022485 -955919578 -941991023 203005181 -945147997 -751502026 708663870 898828910 -666246553 -897917480 -453700405 132371533 -427319743 897095710 -532092524 -883341711 -209349452 -695501102 -391143048 -801354622 872716567 -480152331 402595611 276371897 -215463663 37194684 -511907616 -153171277 464899261 -31418064 998613539 -411720042 -784629471 -800608209 -483654194 445960855 508202030 -907213566 951800602 948504723 -341523063 -723963224 608557703 -102243623 260580486 -321056814 113568974 983557934 -65672067 -562183316 162127864 243242862 127939464 -851292927 999669148 471151252 279933281 916367759 464737373 -553522703 575921951 692824762 227860498 356845653 -287856568 100083795 -413879350 -18335100 -735394283 978432682 -16363972 969234235 687745146 27036114 344740540 -426657255 933079211 -379431335 878511538 -54522291 -927563656 237972599 -870850589 368634891 488160556 -994541464 6205411
-336023744 718887016 650725364 -976153332 812747503 759871309 -656420086 441663778 -889295500 819635742 -730052415 -288216339 804370890 149566320 554751026 558101214 839456921 -785674790 191433128 -61561250 -818015820 153119668 -193779550 920164959 736535941 -732706622 148762593 948505093 -241115878 -161467069 -367144637 14764583 754532537 -449095668 439901092 668137346 245263570 -369843361 509679240 284123456 907677525 -34905552 -457336377 158503758 805179397 -518771475 753824253 775851350 646186949 925384511 -327460984 531394787 -939819113 409930342 654319709 721254403 -64923425 295826664 866129301 198284845 -942037725 887005892 677771374 737792546 -66269317 -521284695 -883946372 -110101417 -791045829 -619852572 467771310 610904836 -372624827 -753742156 -827901382 124822688 86069396 -401781436 713611376 -942111948 581685210 -214949232 934812099 -36168570 376421968 405954992 -138995787 -130816294 -415564653 149088494 244338443 701965877 651133304 -599519758 -109922580 -437296265 522462211 923057505 -969181534 -508081219
28753528 391158216 -528217101 524860523 681299893 373949868 -477333233 -14004193 41930671 -551747822 -391710162 -683737777 66518654 -416689166 -930549751 -62366240 776937114 -702584394 -235812728 -722452575 -525129275 -470305493 -719179534 243811972 -928576755 -827053110 -658157753 -178330466 -964585548 -481551454 -833681487 149215823 598493646 464912930 -391915656 -969301147 -583208183 -455968497 589494489 -616305060 -214154018 -318113481 422921557 -758619515 -888946896 378451293 719664897 368772395 396862908 -522112307 298425868 -702046170 607183631 474068247 -954394848 -440145733 464240916 -445566714 -236582335 71452998 -822878232 370327362 527030505 917467876 939649763 -526574299 -704325582 755033551 736779272 6304678 346374426 -593210454 -380081868 -331548400 -193121194 -749949016 -94750516 -45592259 -776941223 492323932 -311348695 -761130046 -89677293 371560333 414973610 -373656974 930109028 817032437 354341775 452816136 -523784576 406549449 536574478 50840219 830480178 664302928 -175874371 639028075 20543232 -489143495
135917639 -547809107 551785983 -258673595 771391220 255111252 114044284 512624243 756868214 -168224918 456413351 -637009910 320402119 -456349611 867342858 -717515042 -340193710 -89031557 -808902368 -528072974 230489499 15498755 134071302 638853613 -334616993 443838543 766209188 867213264 405963115 -201508536 -499858030 -477899649 -79964227 -891054935 628403575 903976249 667207162 124324850 984777561 803124272 932229688 968254156 -285783607 653875005 845951533 -361715239 612399594 -387174483 -724529309 893365854 265829667 232664012 756128719 946384814 -257817279 614414144 -144017910 -975482894 294912837 -773868645 230858521 913908682 537175367 -449388977 -572493355 -190740109 173844736 782764807 -451092458 -390219750 -309270953 532204652 573484222 -25572971 156506663 600955239 995301413 973033544 -491288027 -405803948 540336111 -470744201 -692932812 -146102190 821126432 502862685 -675253442 -950412309 -50631505 509635062 -295224055 -344446867 551010936 -900756919 78989995 580080259 -36951213 -229140381 657833969 410737529
543503598 935941625 -641118367 146887624 -383382083 977712035 -124750312 268858615 915090531 488118874 -504660935 497713864 86663347 349493639 -806988660 544759327 -329893122 -79971730 -58483567 886586586 -294051469 -278333405 659580760 -330376788 695823342 -192172455 -820588894 311294703 -729863573 277907187 -714402772 -588122647 421643644 -319310162 -188335964 143772449 -101626242 -546576170 -764822351 19667594 -716910 -435045249 972467524 141553447 -661154608 425974617 -72380747 -998382299 -37991767 -181017089 772798421 438935154 883438982 243438807 -846837363 -304623572 -509206341 -565195294 -106688980 -719627215 -23288108 -32652199 -806707841 -810100659 997157216 191069769 -630087099 -673200983 218364577 784128506 -454723309 448621079 -898305997 370417921 241192549 330002486 857831322 -509084715 10545076 968019694 -852338802 -339056922 763686127 877716850 116795280 281702230 463742677 421151896 -999866441 -282750766 -286987249 179690773 26012293 -528798854 -405770677 -944155072 52029303 -378095324 699021085 -933092824
-844475092 -536798764 -319391766 -543327998 -653795015 547510075 -459193787 494767952 -649834062 -67179971 916340003 906249080 489973273 -648336946 -442132315 -198126801 465776154 -264219900 -888318383 -65050659 303052521 516695242 -597685658 -716948024 -65203698 470514878 710819960 -806933080 227806641 549731724 -986449348 538961546 152435512 915556778 569785809 95815612 961069947 695562267 978730548 -547691413 426588711 -271563953 -761789948 -398462507 820400919 409561854 -37079605 -765180460 -687049486 -322455423 -656311000 -990205920 703198750 98731612 968303445 191897073 509553844 160399161 -681354354 -485688556 -601719244 375452579 752479546 868238198 206889723 759812082 -487733185 610887402 407042947 593241897 224231784 113892860 642896248 -663862297 -482423226 547910653 800700322 -763952300 196516411 341492899 562436637 779993913 380392380 201333022 417422088 -434849062 460866790 -30832214 -941629805 -237824955 -584177361 -716652666 -543324541 -547589094 -148637856 -687856808 -382169341 934375807 217121410 -442672783
268167527 383687475 411599358 770105597 -308784327 991384687 -690545176 -987933362 -161268679 -873630227 -599074615 -646689729 -254388747 -860150166 367293776 94282579 -122318918 168196363 -957391270 -390269210 -26872634 234582898 519914245 516801923 3796606 -386008706 618456817 -610857355 853392117 -427658525 610194879 928260547 257002936 585149471 396308180 -552536037 -323294105 769539212 -749594130 957735742 -340260797 -175894192 379350848 -891129460 614990120 -286873288 -137844573 260579913 -630907730 -618601212 521888865 -180598909 165992492 457539788 -804119229 -391315289 910423770 603226938 387839466 100122469 62440990 727251832 991728590 178044052 827251139 245486065 803744224 648794590 -910475363 -883948230 -738780617 -217261239 86842285 -241505079 329589126 -342254904 272736015 286577543 3504723 981643101 -428129691 -700302683 301356437 113106141 -688397463 297820427 -335275702 -240868443 -251517170 361857829 -802455171 -894338314 155609378 -984530162 -409591094 382810511 -783709832 721311032 769775292 -976707682
-181753842 -909584815 969176186 574953768 -510161330 734858101 -734047790 287351287 -659101097 -216731838 856348864 -435463760 51473826 78080364 110967628 -871942628 114651660 -1131554 -732920547 461793496 811841637 -555418037 -142089921 -154165126 -893717307 -725796878 -374262476 945638117 758534772 965037120 -909697942 -756380615 431315928 636238730 -681030497 641623471 -533549407 206632692 -177024544 -135732878 365237701 -168004032 878965930 -491618380 -616028750 -53833203 961412506 -190075356 -495719291 448787917 880680476 -37988925 -701141492 452293706 -459094151 275357535 971950990 -63350929 -421752086 -335875184 -157369586 706497055 -386575245 902323993 -511735158 679935253 41685103 -143270647 360413843 915689931 993626040 -978146574 -962505347 -933039276 -815605903 -241432010 307695717 -430547375 -447223886 -805707310 -103947185 -157853977 -119219383 -411116375 581610664 724468408 -419610535 -923740286 -408253697 839762954 -772201824 -726991042 265315286 194380186 -979383115 -527282380 -318612708 -395267710 570485971 -492933461
-510470626 807219716 -956825145 253988747 949205517 -41324251 826767327 874148072 -716127711 -292603332 399159763 -796359636 317907600 -91237162 437090615 -280824454 386899605 669462719 -952012345 -648571267 902440260 732048854 -528583792 712434886 -806146298 -163580243 330861803 755759445 -946358722 -604665794 385833687 -625878521 -649670428 737589963 -980718549 -897327922 666692585 -939834658 -900996290 -677695965 610358898 -590782899 82902355 -80526555 581350349 -935509821 220869268 106627569 -9141441 972761339 -221515053 -979319203 -78042773 857731423 555780617 -50598247 -9643760 -968591026 777579064 -682676664 975507021 804543166 891705544 -898179611 -486636156 351460895 817044005 361728617 663244572 -642578924 823342373 -180398907 384884117 -475016363 -230316447 103909259 -309915417 -23425151 501271020 362485565 -902932802 163640867 -87928884 -660756072 393272963 -860073619 -888567684 -815738550 617329907 -868738254 -493204645 -404447390 -199811942 -627807501 129815449 -701529147 855612262 525027381 -296317727 462298475
425824392 962458992 -325607853 322309580 20033457 144526344 -517795676 728724673 -816451718 361227147 135892024 188532083 -12575687 -486860071 546769776 -149592284 445422454 858124832 -899597471 -823396880 -274603481 941988095 716676767 -555664124 -592463178 420444577 303808934 -814368924 -461699721 -199947644 -105173876 -822437169 -325155810 -945947303 39731139 -482063011 512463609 763652815 73892054 853611001 591118869 225085415 1154724 589858093 -195333392 -996117978 -524010123 355610004 769845453 638747570 -695194051 575058930 -907547092 -806353431 -351047553 329250306 14406592 -822706290 859243686 311001024 500751292 -857009919 708165738 -10658135 -201472318 -552337976 646437259 108094132 681441179 -868840925 999914698 763869026 481654594 161247879 -586280588 633118226 450245460 627962259 -88029257 350351618 145180005 287614124 -630163888 -607193301 -284033807 -791967668 -848750535 722782926 -148749502 -532887435 710390546 718372764 541649516 -177952263 -855186725 855723003 482213543 112387159 -898600317 946597241
745563752 436966706 711941414 -142244334 -564843538 224563793 -325862182 -53851748 599986691 -954238497 -893310799 -412967404 -429201659 -182105515 -823047602 -20188130 -594698408 535161236 -138338278 4686952 -135467054 275531511 242611658 -323953285 565743787 723731290 678462617 -276379581 -22939904 480638064 932890797 -160124528 -416533131 -571961267 -138727466 590209534 74152837 -454067445 73463918 -138562294 315067874 624564990 -955012292 -397303367 802517835 22392770 -362781121 -662450041 -35521740 -191745264 -864453423 -118541087 787534476 -290832002 -95691237 269134506 -295748280 634148421 -273254600 -832518599 93536964 964549718 -679979708 -797496433 -285228472 -912271912 -109188031 369154028 353187879 -925288279 -539042138 292755422 -698739106 -578410612 672323482 -987217866 -112709492 696354622 -150824362 988423127 -365589288 128633827 -182453616 -264039474 -954900235 -937384701 -157540795 -901058490 591227291 -152690138 131796719 -965854500 201126215 686373151 502701341 280709972 915451431 250913995 326900224 -119093949
506208665 313661498 -26464726 263951599 449548603 199746215 -889410254 -461005597 -668017695 561241054 93352011 -623670939 -309031044 922396670 -491949199 -84072587 -817822023 348307086 -131969626 -894063982 -62831004 -432839250 -305938210 -820102104 -35911310 -581515336 -597443902 701203913 -661102567 -334291710 -289670028 505498300 -110419026 426936475 336260195 760881289 38635474 -2765526 286593089 -56167054 758883565 -567694528 -84620443 -16734808 912735137 -613299880 873331255 906209708 -172528918 -420667911 -370441779 85415128 577596971 -13094161 -566115392 88054579 -70024355 56038920 398438885 4213241 -217039496 119421802 318065137 739701442 -888749860 -429307049 -918315150 171215022 420372036 585025806 -233757224 482706350 184416165 -174888277 874793709 -259491165 -14073403 -240157926 -314594510 -112942683 759224317 536334188 680697047 317249404 833474932 833584483 -346793308 -570217834 -217442630 -624502589 -489022238 537018075 -463321932 -203970609 -166437730 485463348 201078823 303889318 -135205877 579685812
-574015789 634979478 904611964 188327491 -186604462 60124691 -756824725 647424900 -107247977 579486300 498843964 443179722 -749641492 -842200949 544319425 -792368168 709256608 -384596070 553985277 -746130560 316876975 -382290377 790839433 -238306239 484568135 759847965 257716948 702148774 8296825 -695198295 -123324030 -285244680 18456903 -462195327 -587804528 -685628716 776431521 691868127 -3019210 322849478 913647514 694715454 665283863 689363379 926698158 27050438 665342394 -372226530 -941529453 -362141993 386784003 -499372873 -325151001 870537035 386573928 506093565 673531515 523667890 -713450862 -817731232 -212401235 269449092 156111895 159132350 -916865105 931179966 646105851 60089412 706247519 -899086085 498846321 -198197253 -722594077 660526207 542320893 -567526876 935777031 -437555528 -789473289 -42416719 465134087 860850457 -450747268 -94686646 -784667432 -828099176 877818684 -758736966 -713865360 908627889 -31893342 716491022 146675761 66177402 -8373521 864454828 448335672 382435212 -750409824 365074442
-364096627 -558303248 657952107 -11769078 695372164 257970930 -668899079 -470115111 -117878904 -164749181 -20627792 350961871 450551999 417275204 -595342097 -689994923 301413139 -112549914 -206764824 753863940 -887317978 -923740616 930374520 784201657 907445949 234979001 232684550 -545632268 225528299 -370666179 -995535337 -353556463 -517107528 386959799 -171766590 -141423964 325096509 292851638 -492751944 -679095233 781976948 164495138 -358601690 -724863408 677467383 857706775 -134852939 757647618 -643636445 -101807102 931195720 -168482432 -925998095 896906258 181100142 -912693948 -406957494 426888496 420533286 -952008376 761730622 -654030360 -848542567 -30041828 783235043 306825500 -711777335 -755252717 -215531407 -385169333 -512633442 -867507801 -924702471 442296413 -4618768 -414787168 -875693778 246435363 -909066502 358773598 -767424218 -834733836 -228494981 -702351702 -751003464 -620867505 -952989576 -110365562 -453967272 15639414 254656723 903214652 315216457 370107289 -26726713 649831569 334197657 -715839531 202863325 192429763
-53774402 -353357567 -109785183 -533035218 561602972 452950534 158011711 939118309 -190000354 -127644982 -550563634 -262485769 -505602467 179836508 984246457 -49541618 -963960772 -50479615 -738485650 -589284933 -601203594 70659530 -457511849 -29871267 793878139 -590081898 24055336 374008783 507922792 -346641091 -586950169 -72325484 -986489887 -773332439 220523450 -934263812 261828775 -937004475 222190962 302794671 -218936826 -907302431 571231133 -615171077 -743352057 -751843110 -892216467 -380670456 844604521 -44305137 581668279 630511879 252041640 -717207129 260707529 -910593959 -378809343 668722341 117262536 914347639 -870302846 464493631 -920914960 632992578 -399762272 9610698 77341971 700208907 -405170357 545529115 -64901087 745745490 308641899 -763940200 107842063 628941317 284167281 -86851279 255907907 -822455321 724585297 -418444515 -152718159 -550005804 -41961214 165576597 -546529266 499058599 295381123 372547001 83134555 35573336 -908831309 -582401491 598926082 -532050176 850886982 313956290 -626879743 58742000
-873008596 261872744 690896667 -390365330 764028614 950257453 -819803040 228075230 -540115941 -141603838 -965310984 -334024930 886901312 510878327 -454376189 383244025 -782926142 -808155464 -533501683 -459254512 -976951206 -125863129 801796387 492892936 161506165 939472563 55048922 -855964883 933321803 -974347679 258951629 41613807 110939368 -397650952 251496190 310346413 -112895486 -41052404 931861114 -177183726 -463247663 471026086 96390797 -870052980 808059563 394403375 693309836 380180240 904251907 680165000 699368106 -309729025 898217891 -672649283 -382159332 -297483132 109002261 562046647 723052190 234941669 801451284 -143405214 -592609901 -579571225 779731086 353188340 545819882 362396912 -682559155 849224087 698729290 257920426 997387441 496007687 675679440 -891450013 860310916 770472311 276546190 192641096 -651385938 -253385412 347634925 -667441420 -762239693 -928759607 453849050 32723374 -218313354 941292476 -451791887 949679791 -458286662 307405852 -883482461 -187416091 185763580 -409599921 57188511 -653719693
-66944245 -134200792 -109137150 424471563 -754268768 570076664 -270239960 -396479495 -93565059 673283825 958728958 134557393 -137238200 -53499351 375259060 911145338 252789122 443412414 578046552 -492245930 -224576128 -304026606 29800345 948513482 970526096 -758046686 -412358696 790263208 -168679954 -697242582 -906631564 577658030 453727097 271090839 -9885425 222678274 805262111 -5388815 -285278989 49230136 395442081 -457922014 -719897118 -975357241 -951676678 -147594372 -813892217 -617934530 203778801 -570097147 527013633 89825787 452526847 -807912062 -940662437 -648335351 661932429 -784815710 -420466013 -602978282 -504837008 -353937736 -625257957 -84581162 614511419 -513284485 210100488 974855403 886373880 -399616742 -813493782 -922209142 46321266 75457684 -739371234 -124825025 481659291 827867569 891392239 -128358382 -361082151 363846835 546519874 -747782878 -239108684 -430949131 56440073 -751131402 -271736367 877961403 660187306 39677306 595393497 635257694 482561854 -283300121 -581549006 -834375856 876417966 -790183632
-984990644 -546529355 -153529745 -636938568 -190400024 -323137468 415812561 -293784092 848627588 631648614 -583500451 312657516 -74342368 -473268254 973149289 154867053 195154485 316234009 -601517758 529980512 -319143764 -753760953 718776697 554671328 -262887486 419823249 614512878 -986868574 -61475248 -98620016 546565483 320484424 602149562 298508094 429552214 -742360268 772456837 249116072 -871079177 491148638 301836791 179918072 -58893962 -178391061 454181538 627316695 713079419 -394482619 -438446281 -655526933 478914275 -32651755 -32771990 321223463 -882777157 863119604 412783695 221158180 -50117314 265165325 -456029675 810209251 -990732875 624803875 -602733165 -366420423 -392033061 -46495384 418968686 705636310 -171408181 52745778 106700666 26643644 -921363916 796643062 -113630599 -67495303 347281707 -624889621 669932791 13303892 -460061662 -384098897 -355319458 -998670311 -403611949 987783344 270852258 369925927 934395509 312180541 -24927127 994464428 466446576 -681378272 -223915950 -955321229 -953373126 -594257032
37809595 625177867 -944157790 -254047834 -932517946 682482930 112786342 449581002 497238621 610158211 -761447157 -132006951 -25443711 -623722863 75335033 600627281 823447878 259625710 -792192904 -145099260 618481360 995033178 662000876 -451416849 -344122448 -194183930 -995101330 368600114 404911606 180088191 613321825 -701348258 -318324965 -540176391 731210519 6330099 381957955 430553928 -100425231 -968481450 513913447 -653758066 267480480 -832613890 916137985 466861084 -903242355 214702541 743379823 -173727103 876127214 719060117 535164672 -678544640 644942151 -2133055 516936757 317667415 -374950437 528778162 -654625100 346483886 679728070 -455843612 -429415391 829257917 52933550 -226752050 -685930484 -242917813 35181733 -666459210 234451531 -502814747 554799645 471860213 395097792 -739342918 -73334181 -292838541 -349981803 514466688 -29685174 -953931309 -529923970 250838668 711146507 -558517904 -33874223 -303079391 -945054811 -464250432 632531304 194521712 -940453598 368401696 -859303093 462388190 -543830525 -876114311
691383942 -265274103 37933321 -259940594 -945151954 -74609164 382073282 -715036732 53943043 -881549642 -80108327 -628115635 931719298 755189846 -88371804 715467204 -874295447 853341260 -370660088 582961809 -232176813 389828492 -642341732 -33900204 -277831963 -996787413 -125831804 990914429 195863664 498274807 -729842078 -295554844 -451274410 -621508710 397304490 791085883 665461466 948429598 -937109673 -195038103 -776484940 575184310 -951455455 -368234378 -998760621 188434131 96269518 41359851 -608629470 -102270173 449318745 -762992254 -979461501 809121036 -578598772 -862335571 -687009899 969842744 -878751192 920212178 -602370802 -650419473 151894736 981370502 388986008 -539666990 41979493 -747543407 241743160 815968222 720407243 -104539281 -406938500 382340315 -779919517 93320000 -383545368 -712130938 745500477 437131003 493742984 622911399 478575041 337098612 -405450389 -690626618 619004673 -166983937 479672000 -442961644 -83818875 -11659563 -954028824 -351253304 21227483 391884294 -81459154 868304649 424691335 -79653806
-529371315 -874691311 156062529 954352945 -913057035 902912523 -74422327 -743050336 105117399 -873240581 -29441659 -674459791 116742879 779411311 575920375 -908612953 -953419191 -922646098 -11111840 -220353641 -60735473 -505584969 463405458 141619988 316836623 -542637452 670929683 500183888 295537079 35869123 -307405913 171182799 270459589 -105673159 -30383055 -690614473 -510933096 -118721239 -295859447 908254290 923893692 -839825778 522481927 -36816741 -316003437 819563796 -280330049 -802573606 -47750848 735099694 919620057 -283369187 240154316 -992407265 167067798 604105976 321492322 -738656450 676872969 -571278255 115303912 825363402 516229338 -810830167 -699358997 -399964607 943735455 -686540179 -563833215 225641933 247482652 -257437775 415136763 467969892 603002270 -326251950 -603686420 115183830 970357139 -204864677 286848991 317156196 -513806227 -846444466 413128007 66596886 -298078756 -273373895 606107993 -343097224 807925283 495997089 214172950 -840977762 983622648 875502184 -452018433 665659205 507320272 452485748
712227707 938754413 16847180 79638931 134165546 -871031148 964001322 -451336901 -939626988 -438471565 961039641 174660979 939957428 529676185 327566210 22002651 200418552 874347214 627275523 -936599474 -270797592 100741698 -371394810 -151691653 843953013 184753275 -493884326 -85331429 399615576 750772618 -450747949 -581881081 -734503369 478737642 127563809 -215427261 -12409382 150606107 248047440 500675089 126783020 -963097769 398637035 863848023 825612604 -714659841 -741300499 54492420 -548088355 342075326 52217371 -640571560 206571661 -652078507 851226857 164475752 -825407282 89722450 792028317 19107820 588711348 739203527 -852750291 -60672076 -966442905 423398460 260349488 -30009958 -67389460 -548832850 134825285 -119039769 821018378 439121734 387169548 165971591 781484086 -669860987 -672102197 527780695 952248068 794024633 -29054988 133068893 886564507 -559600207 -776439331 114121889 -889696699 594620982 259175619 -528153079 844115425 628028274 -136890129 -133489710 429220751 -496492178 -827781234 805676233
